t,x,y,D
74.05794626219169,0.6398010059043906,0.9607905161729371,0.5899693613526217
56.47999664913448,-0.5971523736845412,-0.2761252673822444,1.145981617790889
92.5575010210698,-0.7404382886765837,0.161625156224813,0.5932833125788982
1.7189123069731738,-0.8324461981990496,-0.2242818564488468,1.2071222718669086
32.80108546825021,0.9122112901184602,-0.65692774988872,1.1902709158100935
31.58846797781428,0.6263259560176202,0.5960725270603329,0.9487414786858425
89.18939511331281,-0.6566161445976713,0.023686060076389515,1.1584354137192658
11.663093089718213,-0.31940302903895534,0.45053206170164706,1.1633718501087706
7.910672951283848,0.4894338424509237,-0.007762957512803648,0.7625311525341082
36.84944739352917,0.9222710376548293,0.07809192134339482,0.7048539379446137
91.07025866300111,-0.537742477958935,-0.6972195707505378,0.8385006479816943
23.910249395605668,0.24510731641690042,-0.2063485523359493,1.0135945922029936
93.92997654659939,-0.078025736086614,0.33753203368240925,0.5398478564597061
93.30340886176356,0.206776544530205,-0.7355900634229873,1.3680087737434317
53.44693126629739,-0.2225105888761435,0.9543952037610137,1.3902679433626772
7.627607432830606,0.44521252918251264,-0.4204025370115083,0.6302957890482962
54.799336308372084,-0.38455533130945896,-0.42606627407862174,0.5685164718214828
44.21705004756387,-0.08708018160558895,-0.4630026763216011,1.1313542189520904
22.47498678018789,-0.19171631099858855,-0.6977448480911368,1.072164482836131
13.934507939704154,0.5698489159577607,-0.28245935142476564,1.350148301107034
48.59859960703104,-0.29353076666652245,-0.2706181112902677,1.1570718117141898
98.79957229688233,-0.5875310842197752,0.6773267964339691,1.0793908443523406
67.99632108025637,0.3226283632141502,0.2820120777712034,0.7195180433735282
66.12272023336455,0.7293006577402912,-0.03825973018953255,1.0938779869809125
87.3492173070648,-0.2346711903109876,0.2465680247464732,0.6765967044914172
24.951983182708375,0.8411317977557935,-0.5144088851176603,0.9579048557981535
24.16967889966385,0.4986920866945348,-0.28403962324362386,0.9342636467602816
76.31456589389146,0.28215289318034387,0.7406239838457838,1.25493839910519
2.25144266261031,-0.5931124605057001,-0.6179355519513259,0.7080443423454861
18.60687481948606,-0.42070182142891777,0.5226822423378052,0.997128457350283
67.06379613949328,0.5518300474830737,0.38558616394362244,0.6162047866277055
97.01844655081699,0.10146360995626758,-0.3038826873182766,0.7158177376732733
17.240251629864854,-0.865604003286062,-0.693316321224879,0.550464946944858
29.767743400577107,0.40530400820529566,-0.38325512843522846,1.1761468742708183
43.476212032301376,-0.14812839665025268,-0.49503246091732733,1.2459035740252928
34.26315065077111,0.016664542152921236,-0.9752712266799097,1.1047763652283213
95.25983260894445,-0.13350521245170843,0.7450229371256523,0.6283939042489102
35.79607914657072,0.09002147677989081,0.8460373928223819,1.4482517799681025
74.81197393801659,-0.0015733983551773356,-0.5244648822296704,0.8669710279666174
36.38433447065979,0.43360767279754,-0.046417650490616524,1.1837690681752762
87.87028728756664,-0.611494166806605,0.004564537121777956,1.4398697976875958
65.7810390617437,0.38602631415938626,-0.39847367039041093,0.7237538524831101
30.834242764872982,0.046488171224827735,-0.4455063077503506,1.192192486387477
77.99015266641935,0.12356593107651426,-0.720634475947213,0.610948829502488
32.21606841059266,-0.23178505206586553,0.05433788155561259,1.4550287520530354
72.17543673379329,0.7554118821362596,-0.9694078433254127,1.1782680788321678
12.43114319247988,-0.6538862129989764,-0.04597521244120384,1.1299953363263238
22.37369154520428,0.5121814458676481,-0.2006054578629235,0.9882432048422469
10.10950742722278,-0.3068249485876462,-0.4073840221333632,1.2404182653124323
89.43192623428658,-0.35446639630877175,0.397144358356865,0.6341708588683052
44.97028222820429,0.3318377280806666,0.6110211170787623,0.8592149835176532
86.6603206371041,0.6643508990211049,-0.07745442021800752,0.7514003308361138
94.31283927861242,0.351811246164776,0.32668459666982397,1.037551574385177
15.377624777960037,-0.5244888158176562,-0.7041768175934511,1.270996078732804
5.370246137445562,0.9566957223242722,0.3865531812777214,1.2446154649296255
31.552244419351887,-0.2637317130454332,0.5326740115817616,0.7850121679608814
29.900404905335137,0.7791696203898419,0.1709340778654722,1.4235213769520954
40.02561992347541,0.28128974841952226,0.29922084775082936,0.7498805160904046
82.46373260898416,0.6945661740057534,0.3313035656765535,0.8891256979087693
91.01690945067114,-0.11216236866873319,-0.6096842324930148,1.3015251844074478
34.11136155920983,-0.6626217781464987,0.9590978052623511,0.7451182828224417
19.626036108726325,-0.6026265995993441,-0.9304117949869881,0.9449470841874665
45.92476496463663,0.14656056575959098,0.9865472439770202,0.7192310670477772
99.8392309852279,0.6116952941322458,0.5324818866883607,1.1648603080464108
30.12442005899673,0.6201775450558844,0.16596081250199313,0.5829035904799509
62.222558463727864,0.24454565365421366,0.5428412294777452,0.9246065842124638
37.223317288563614,0.21596234895858157,-0.8658370570914453,1.3638787123277925
47.04480238690786,-0.7321448240681312,-0.8226812001298093,1.1598925272804967
11.040697871573432,-0.4572249638536433,0.012434106829022573,0.7597176864071529
9.73165503580421,0.1669852569759509,0.17849505172244573,0.8601869741037664
41.692611939279075,0.7427376222521338,-0.11886811644366924,1.0743515693576549
63.12969699403599,0.6490467793292469,0.25437103671130235,0.566430188402326
4.788499257673563,-0.6149949966424053,0.3799530339596413,0.5195629895137781
75.34250052273781,-0.927403940927941,0.29569164288549654,1.1579210910151438
8.46115051666211,-0.9667475436750723,0.3201240893817441,1.2591044476601534
53.120684796656924,-0.9715944272952156,-0.07515230498365444,1.2567986812834602
93.70279949121493,0.19205372420917866,0.37434521686478295,1.4134469549143436
34.78184440953548,-0.7128735236944688,0.6283643243834431,0.7930929413785964
51.21491059491062,-0.1330882709109643,0.6503419511348212,1.1640156741190186
7.574117951655477,-0.9800871900224787,0.6307905936613096,0.5700274741411966
92.00611139363637,0.15110459450148173,0.5510880606691151,0.6835855952098946
92.69814317633261,-0.4649813742304104,0.2454330132143301,1.1470770628046136
28.244593369949012,0.9194352062203779,0.7655605907500691,1.2252588888615916
62.00656149743943,-0.08224501333630652,-0.4412600413135169,0.9625578391563818
17.663603268313878,0.11951340120329457,0.8272615688319203,0.9207099285236411
53.752935881630215,-0.5678534141326951,-0.25670171230366423,0.8398187207474974
74.87743686517544,0.1385803299141557,0.4769277347857357,1.1462856591282193
84.9898670290973,-0.7329101901370184,0.7589202764197374,0.9592899603850209
82.66050581143332,0.7194791622757937,0.24018941623944334,1.2871819314434663
85.12393323282615,-0.35246146976149284,0.31568810373111944,1.320896160108969
42.60417722556097,0.6958654397880124,-0.27386952190294733,0.5794607273647768
18.411800662474402,-0.2897881016341751,0.1181678193044271,0.8980396843016443
94.9693138716006,-0.702170326031115,-0.5021092574698651,0.6080345419721559
38.35987235697459,-0.9294813099586103,-0.756536837994001,0.637011296470507
45.27184848847908,0.5303221797389588,-0.8942504002454493,1.4050038160892666
83.20879770391517,-0.07708606234737747,0.34865924748760313,0.7869349360736986
22.76621694099852,0.8313953063900501,0.016509022926732175,0.8222763262298349
34.38058107587001,0.954531265429146,-0.35169768806208257,1.4896834027663184
14.604536376966445,-0.4621634183558454,-0.5846107850960431,1.4098668698532695
12.682565430576483,0.9704500182158662,0.21866669460901456,0.6075643088479493
24.50875746680425,-0.3310799306903953,-0.17712594888171873,0.5549653311491731
75.31544037298575,-0.564664698239604,-0.1637087622896899,1.246267735295528
34.8649142294148,-0.2382199683395152,0.6095029223157598,1.244991728808267
65.09837872626244,0.060895327988867765,-0.9465879114283235,1.0508537505402926
81.94585644133177,0.7511618254604575,-0.5875150421191185,0.7961750075289133
3.0260311174794006,0.25569741336210483,0.504567745461066,0.626358675021862
76.47840163088381,-0.1940627924729097,-0.37746207156486,1.3283902824246354
57.987586565287415,0.20115993062298454,-0.6506822120467488,0.6784415943829049
26.480988953740038,-0.7538935962938424,-0.9447798202996338,1.4160825682740024
81.80576437448806,0.5107839192281056,-0.5578309098353287,0.9431858780416317
13.998419772431323,0.21090381238787348,0.9619828725009396,1.335304719171042
18.91969589006562,0.6065861480332433,0.5516986781625568,1.2577163189317067
10.294194759271308,-0.19853210329735904,-0.11133170715435436,1.1196542389991733
87.11922835304897,0.9815283057954609,0.640178877649636,0.5129066967511644
74.53969927561836,-0.27424752101549443,0.259199498380684,0.6051607227357166
15.179584091501045,-0.1218918254987793,0.18689067919375923,0.8429722933432906
90.28083810483992,0.8191039026436504,-0.5731366949232837,1.1999849797799969
29.678088084623354,-0.35719438088316835,-0.020693437799888637,1.2619948797598266
69.03693695080341,-0.4125969490928979,0.42054894321545233,0.7003591826718872
9.453112788199412,-0.3670126975358451,-0.979647247987773,1.0462216657111987
95.73719171474802,0.6442596158595539,-0.9339549813910033,1.1351259746903364
96.83583805407315,0.02365652026773213,-0.3563165960074802,0.6718095629981592
90.19980269378868,0.38148823696457934,-0.4000930779894173,0.7540186791586169
61.73185682983034,-0.2658054571998245,0.7621542763046487,0.6078194541064659
56.59680811865814,0.7247923310828439,0.8871191887835574,1.4849040090466046
66.2102538283036,-0.21264788580455463,-0.33073076487189923,0.880854574848966
35.344221870474875,0.860482052133295,0.6773833368419295,1.473132400565277
58.1641463365531,-0.9027698436165955,-0.5114288366042414,0.9165146651390446
64.03632470107007,-0.7847415228544118,0.4478991388869391,0.503929424751932
79.01423028791912,-0.7069534758917584,-0.49561220310001397,1.1646183543338826
17.00585723233887,-0.2996529662577029,0.15608951482185796,0.9636566284068389
45.55140999708278,0.4044210556012282,0.7141057910800055,0.6894359526098581
10.582635862250681,-0.8561074989170991,-0.48245506243059233,0.9287013420598955
13.540779266478904,-0.005978077769641654,-0.15306087867223872,1.3038954211342961
66.35929989790714,-0.34786622774984144,-0.3032078917602604,0.5057884226207484
84.7739309036277,0.39900934959679857,0.854765641019793,0.9364351027461807
0.5919349418331953,-0.021725031333299283,0.39822924036078566,0.7729323870925078
72.46880736702647,0.6047962997630643,-0.23343017403252775,0.6015933685165206
84.3999290932107,-0.3452929348663111,0.7485504248616963,1.0197220623059415
64.34961318455751,0.018628589230924586,0.4951923830122962,0.6335807626528294
31.90785481269734,0.299088235129362,0.8159053738122892,1.2973512187100482
12.449516020640283,0.47262227433390613,-0.6906486662721825,0.9827748906350928
39.85196525698317,-0.04409715040909956,-0.02779557905995811,1.010634339455448
97.76869203515142,0.31149899496760813,0.40752457732693714,0.6060765729998917
19.87120722896976,0.41368738146731054,-0.888541008975411,0.6589632739461102
88.64332112605982,-0.2791674335054043,-0.5388075913276238,0.525962887337464
18.569439566887205,0.725405658657575,-0.7147399483643913,0.8318035506807846
44.89397373601955,0.6651968651218996,-0.7126194615516133,1.4404457343659827
58.6413845601522,0.7991452438405706,0.48614945757960903,0.6201102135128165
34.15512443580659,0.08233584235830738,-0.2634993856767568,0.970135165980953
57.76043520413784,-0.5476324438478317,-0.0259035510588127,0.8404473857225667
2.779925313880453,0.3685920545305741,-0.18788112050093408,0.986460154729898
29.735053362481867,-0.573289183688374,-0.2319545326308221,1.4188218594140323
20.007676830564034,0.26126557914338,0.8073035026781199,1.0240712339279499
66.6108916587382,0.7353686584366126,-0.3055362648373786,1.356168334611717
45.64044237636315,-0.5850726526948364,-0.449899002097468,1.0488684248880489
61.83849458444403,-0.4645741982198558,0.8060646773383675,0.5782006845171689
62.403057468671165,-0.7795394021791207,0.8716040632677129,1.2133400231687645
60.67851706252307,0.18493838883872993,-0.22157399163564861,1.1694954635078165
28.1169800352082,0.6582149429921822,0.2863067716428349,0.9425605213704162
9.360306178257433,-0.09865821895536786,-0.16641289935223114,1.408275620102142
96.6220682290309,-0.6891001080425918,-0.6961590789799053,0.8150348869681052
30.448649218956724,0.26421275999292937,0.6675576664500635,0.9239460853035439
94.7355950865202,-0.3218971885069992,-0.6860973246506763,1.1548101457128868
66.44906890670698,0.14246027563367392,-0.7529168143315588,1.0452469353610219
22.045621891709445,0.6917142502036637,0.7512663843871579,0.6572576085048161
60.32828178057221,0.08558033420071909,0.7122971995876128,0.9152024887154051
27.31509472601813,-0.8530858713642455,0.5625223326526751,0.9486481252781448
99.63459470693192,-0.7254570087022199,-0.5681612903039376,1.3020985998103636
93.63380612965108,0.179917608181152,0.6643983959625699,0.5670480584061791
29.263836136462857,0.003833109041719851,0.2515908548124579,1.2053902559814498
5.563245454718412,-0.45627757031627203,-0.34239475447286905,1.459817649703174
8.048815286216662,0.5893379889371939,-0.1619894127660414,1.1029298976203863
33.658145328520725,-0.6296000279843248,0.37659935437551995,0.8866178756165819
65.58116615884305,0.4926753705323794,0.5171374779891191,1.2842671803765588
27.146116001905213,-0.4788650036510489,0.14265760387384452,0.7913020986361248
90.5040749127695,0.29592751598794176,0.6715723905784226,0.5281937614811992
25.97435053156984,0.4456605759735499,-0.6694872653601459,0.9359296101857613
72.25882529737227,-0.0521558068573208,0.09049945313890939,0.9819002112063212
64.44672935270894,0.9689814859584174,0.2532875215911661,0.7651930920141625
51.06900066217217,-0.12395973056423815,-0.6008797814883338,1.4152814865565684
73.22357435268624,0.7665782144583322,0.4624942872767712,1.3926917347920604
37.30409725444511,0.004365156622774924,-0.38769986246546906,0.7677664612637969
21.809955924331607,0.8655375607155564,-0.7404907086470103,0.8431363385009903
89.59556843719444,-0.18045795188646074,-0.461112628819876,0.7659458844388543
88.42683463939353,-0.05975771662525664,-0.9515905591112505,0.6250630578866021
30.22409342471548,0.35622254729374236,0.28492341054312154,0.8746298131027419
7.790718858265594,0.4484310290758289,-0.2542012947965785,0.7639696681706782
81.55881656956456,0.7329751868497352,0.15184928122032737,1.3831214031522765
67.519498695757,-0.27230424196598624,-0.3761379823381147,0.9520711604017777
49.99741816351067,-0.1392962689918884,0.890940437883966,0.6240185828840447
55.44835935679722,0.8650989339481285,-0.5315799037615996,1.0186902329817349
70.58263764634354,0.5337370796707079,-0.13743732300534184,1.1159494199060813
7.886133786594246,-0.7409680258806752,-0.10186948546014674,1.0529594373682039
35.31819609484517,0.1459113294724137,-0.6755026374002522,0.8468356239178912
66.8374361372501,0.844578462429366,-0.7474494987933213,1.3980979334645722
30.28242605136348,0.2492748699996954,-0.9531206690700716,1.4310138836577477
62.47539150427893,-0.9973309877343586,-0.607828527694212,0.8608903565345358
23.939988468170366,-0.4203785835656656,-0.22272755996745253,1.2998791890974557
16.701790813230478,0.17556338174388664,-0.972246610927974,0.9054304985484536
31.277228072656953,-0.7907722156224619,0.10169285002900508,1.2637313792933975
57.096121653617814,0.7636349077367077,-0.23207924048806783,0.6935750346997622
9.207784859997217,0.25309486786770896,-0.9092149440154083,1.3490912960868013
77.41214376784005,-0.7521002555328807,-0.6676347971178291,1.1620405737858355
89.04557764473189,0.592620874327831,0.9156652741977656,0.6651777039928526
51.51709277267157,-0.6449430309819417,-0.5432091169447268,0.9301559083405819
51.63805622572906,0.41269765878331954,-0.8185968053332271,0.8867433951535149
2.1326176645373254,-0.17333451890911833,-0.7834476993558399,0.9391609484244683
16.62335428607897,0.679245188269417,-0.41195120421500087,0.5515233846081656
23.160041308201414,-0.42767437114240203,-0.7506544327807,0.9774256850551202
46.03584608408464,-0.34607741514518864,-0.9778273599899803,0.6738874807247963
9.854660244535514,0.9423621466305112,-0.7923085044341138,0.9987363549421691
19.99014164954516,0.7723590227422834,-0.8856220926838633,0.6831258167843949
14.448046836601439,-0.6693649382448059,-0.7085693165911562,0.50145247696844
24.461595942413897,-0.26233052887023334,-0.34660019257302166,0.7877057448825961
69.41987819718825,-0.11682549753152971,-0.1986345456098444,1.2377549350942674
30.144555575912513,-0.08827259767992235,-0.5992434758300706,1.364602368737555
62.17239931547248,0.09546649649776717,-0.11968150204143146,1.2885453483989915
96.34379183599195,0.8944077957486316,-0.27227573577879194,0.9572434528165314
84.50722439055572,-0.2714358826763926,0.4116699431344002,0.5768526610613725
20.900464377270993,0.41659314814582804,0.15495633850044976,0.9145927491363723
96.00165253422198,-0.7654171447604463,-0.6119442647307755,0.7491181279302255
19.826974220420958,0.608390356424281,-0.5701838292018966,1.394840851824296
58.03917619771312,-0.6823206077737176,-0.8726567576744323,1.0250294641314937
5.126124368146551,0.26524489499959736,-0.853789298405761,0.7522133654302763
99.95781983870489,0.5087163356111741,-0.23105227430753594,1.1652438156302756
15.014555417308827,0.3089664113241455,0.49946715836227273,0.8631959103373357
65.71652785354934,0.7265652041000081,-0.7958991662659758,0.6273602569322528
89.86659509857927,0.8034963785830211,0.5146845526681147,1.218713655645244
85.840016932101,-0.5534768844671969,-0.19999384295862566,1.085208922080384
88.03807487150237,0.7448144382641522,0.9209288553641439,0.7413450050653967
90.90142079225774,0.7317041997385867,-0.6336483064616227,1.2683656489088513
79.51828827510347,-0.9492459621308179,-0.9874846163482701,0.7655825134224671
48.687082228560605,0.42846076457599613,-0.2729687780344944,0.9475928147653889
44.19453391168747,-0.023587113489762945,-0.9854518142545585,0.9695522444664967
67.85344236779018,-0.52529471613177,0.7010553621492388,0.5621363853560549
20.50253157367812,-0.886296135471929,0.6564829779187824,1.237477583663527
50.605843113627714,-0.9855226671852229,0.8041751118192082,0.5071729071645874
68.18239440916743,-0.9837628760009277,-0.12164520727678219,1.2576045915323695
71.25895391964927,0.11330108925713822,0.8014121802769005,0.853782741632491
87.4687018007175,-0.622878415049392,-0.6710393167936398,0.6391431825569087
4.262015997151132,-0.7790371304602639,-0.9810703556369882,1.0785227736989895
75.98835998784011,0.5631757952127903,0.6652820060837239,1.0798004271850772
82.06011866077822,0.6532796165158741,0.47334437163356324,0.7023699196319
27.5879621027628,0.06301932502983099,-0.867469799199669,1.2920045345803568
75.62330674251011,-0.9618903811507618,-0.6184982938230312,1.408661067470665
79.96542324346623,0.08503994020835792,0.0819795699138417,1.1666938873483361
77.5009882649931,-0.3124084735583952,-0.16487058350298855,0.5342623520764449
80.56213629295897,0.2282887504391402,0.5598951106385297,1.0789267875088844
73.24268308880694,0.45675393004598686,-0.41975550176123,1.1676812869415665
69.50609153132007,-0.15895511487508707,0.3037614774205464,1.3099340966262614
27.473265060542012,0.7743296885139959,0.031415914447480375,1.239502182180035
12.470832172726535,0.6975183165555299,0.9989535361658546,0.9274206649166952
32.40882937208225,0.30730222063078516,0.9707939213681127,0.8219638295614504
13.71531625246251,0.36100914041534615,0.9188254759081196,0.7229271650005409
86.0767356060013,0.04947395411808819,-0.6388962721046064,1.488473375619134
3.1862140566428323,-0.13250362241801183,-0.8532550298787158,1.2681635687208312
95.93293563194297,-0.5226136327071829,0.8916088097230268,0.5112732097701612
6.642246436311088,-0.9429685951905072,-0.18411641217478558,1.4435528740042611
74.51302680213183,-0.5782228581575126,-0.41209367783417106,0.600314679192032
39.12049029953851,0.4421803413541996,-0.7288966701209688,0.7111963717035327
94.0065641212801,0.6055738432597952,0.4886777374400786,1.4250553915312993
48.10201801418296,-0.6996727397523321,-0.673182313373124,1.3433334828997674
82.53295188144736,0.7710203907689623,0.23483746180091036,1.381922958229215
57.364313425346126,-0.19566927876271656,0.2819565317814827,1.372614067582915
37.69832276657633,-0.6398206350747677,-0.27803279064604747,0.8460267328521173
47.68139438361408,0.872398874504168,-0.48676489902656583,0.6938691224338462
16.69150960055626,0.25009022062668884,0.05099359915841317,1.4986602852727713
72.10211378291142,0.00867525693703941,-0.7773283655933716,1.4292425836108262
84.54999149865611,0.009522936837316642,0.03592657700904889,1.1478571668287558
66.72261266303356,0.7780926620088409,0.21264910521435265,0.5996916402729875
30.66602053897631,-0.7566163015235524,-0.8023032870094884,0.7259382501636223
97.4562253066239,0.6793743003596606,-0.7174598324136755,1.3330619966258859
26.970359510595692,0.16580156713724348,-0.26972231092061094,1.2898265496481462
59.168863743261305,-0.47212402806196196,0.5304165409823438,0.6267782231694251
2.3952475624066127,0.6258263751898288,0.6048207850533007,0.9924515734245319
62.61451610998605,-0.4705789799266905,0.9605048007782928,1.4623611909746659
28.4558311401078,-0.2732780889772909,0.5435151143926367,0.7874257768020835
11.146353450556724,-0.6791844462495933,-0.15620809376414613,1.0624219426849324
91.46275825878884,0.10423082940785111,0.4600180445109878,1.3030121238749612
88.82517622621164,-0.7186003399490721,0.09426905127332086,0.9688540405668549
1.253915349406719,0.7043659816754935,0.00636486995554475,0.7793496000178426
23.47465132159773,0.685892737918993,-0.37985397738938875,0.7544669750939123
99.70027650952238,-0.6968576520094866,-0.7751609650661896,1.1858272858276897
63.05918554029968,0.9525869747955391,0.3334017681618404,1.186661075112086
72.69156970918311,-0.726982072931891,0.5458061870006883,1.0231488798302277
78.06073754637832,-0.8025187920006466,-0.2997222704596103,0.9011181411103332
73.73416119529703,-0.5001126217311669,-0.9256445722806016,0.6459476648087902
23.623354622851917,-0.8243350719088083,-0.33050616042410574,0.571938925853761
36.07294662507994,-0.5064853521794256,0.40101634651954154,1.0467087538155717
90.08582776081307,0.4920117551152552,0.4986900626556132,0.9305273908654401
57.301461655955336,-0.2118471499404384,0.8356473084147367,1.3627952946911281
41.20663229761471,0.1640268825934026,0.8240629790772003,1.4466811500731531
79.91991725814725,0.927328064043585,0.693908580091289,1.009539618335486
86.39678219189723,-0.25769619093311635,-0.3287462597184335,1.3565652019011414
70.12316745801856,0.47072624849246103,-0.3703117034278135,1.3766287394943468
8.941462343807876,-0.3712914440889158,-0.5964754054578368,0.7946650765091554
79.77184634276819,-0.5194754862372949,-0.5265469116934628,1.2423925266185827
3.6438684734150817,0.9852820801404885,0.4384207658552923,0.6319577675020767
41.507340992001026,-0.738045501235528,-0.9942958196965078,0.9960852209375135
9.039155958419585,-0.23361714410852574,-0.2787225723475232,0.9593737384756524
68.12343759584823,0.33633837734041205,-0.5460015374662008,1.4458993848088721
17.935292428466088,0.7468468632922736,0.3681889011460504,1.4494778553747598
52.762076203792084,-0.630815677312476,0.04736497441283527,0.6552963355304564
55.31116378278951,0.7304177574871806,-0.8031542960700471,1.1476182831442205
54.963148272610816,-0.5383633532524653,-0.07417175232387085,0.8024040696192991
63.83337724512682,0.38257472459458475,0.44250018988004003,1.0156085575417189
50.253653501595274,0.4145105213957425,-0.21773989683420147,0.5885411332662575
59.482633619300806,-0.003907309583232932,0.8874256005296113,1.0582742402356886
33.724596930426166,-0.8170465853668112,-0.02831540279696232,1.1169888843380964
31.008766329776744,0.9388058486632904,-0.8409552208721398,0.810958907679777
67.01003901666837,0.06062335118307094,-0.4360424079272892,0.9734753338934123
37.48544382017423,0.23134253520690362,0.9091656776224151,0.6426061639277904
17.222573166686995,-0.6172489563491481,-0.8484642645478451,0.9133320449643878
41.32903426746802,-0.7993003483366707,-0.8177123893860364,0.9921944896747507
80.29745613717164,0.8098500715865036,0.14865430824700665,1.4680503780295195
57.53559750019568,0.03497642324301031,0.3581382879766033,1.2236208169098033
91.95738827447508,-0.45374464009224225,0.8308787821937327,0.9347987734875276
34.3636171228748,0.8700448035894575,-0.2415001129227683,0.7697717766848164
42.837927778761824,0.5459115070466967,-0.6423057576231187,0.6381274311359935
91.56700257487469,-0.5684715624816302,-0.9362869612237745,1.1744346351567039
36.782835808862146,-0.8360734716850247,-0.1501457752576042,0.8057916529928848
37.144153514235,0.5230409574506556,0.015159613890969537,0.8613144228117291
29.07505070242494,-0.03813328464431576,0.7888565997401169,1.0140194738359303
66.0059081639577,-0.8837280857137737,0.05863061867627395,1.0280983049684762
51.56728413444296,0.8731299381617852,0.0007743432223943358,0.6694870826473154
37.90725934907857,-0.8151522631699892,-0.7995345873712189,1.2558394723173627
68.96347844864351,0.39858701543992003,0.8198089582928487,1.3117617272321231
71.88688280451659,-0.6325759531588451,-0.3017744790270579,1.3540274358049607
54.973651487631,-0.4549595363853344,-0.510070326578731,0.9408367665252061
23.549509692035738,0.2852592618169931,0.899900224460181,1.1943392525073404
55.00573907537167,0.8130933783173198,-0.5526854760482391,1.1372442499391484
35.81496782346637,0.15135501883230051,-0.3726824046408842,0.8270938576756045
91.96804737177641,-0.857976316317539,0.33160305217799513,1.47673810903048
59.61062889791224,0.40265428214125487,-0.6081828977562587,0.7456862955115118
98.52999307301336,0.11389311251001355,0.5495877957378152,1.2760349898914847
64.95438656800377,0.08159924339425384,0.05868080175991386,1.2263875336928969
64.16622076934809,0.612215626196126,0.8905943345672025,0.6440148995359731
26.10934966400114,-0.5179367520873912,-0.8743278006596111,1.4176468150391635
76.25973120457897,0.975944221281627,0.7328300502525775,1.042040832039082
1.784889233406305,0.2114418669580178,-0.3554775273024171,0.5418540147661427
90.85264087643009,0.3590065023317681,0.38131356866201016,1.2239432603189027
3.629792698819468,-0.9790987775862292,-0.2716520993052044,0.5440017586508145
10.778801033335416,0.9371972249920979,0.7719295691416228,1.096438812563055
95.53925578424412,-0.2627556359551687,0.16965525023879136,0.9216807810847341
0.40321030501712585,-0.6627426284453721,-0.011662414596663284,1.17404241033189
31.513132455373693,-0.670013650308263,0.6477666982128585,0.716572899254322
74.22205121229632,-0.8773181798608178,0.44612173440793756,0.7473342842431324
23.206851728309083,-0.7373123736299643,0.6670556535031815,0.8066877616077617
19.34847150971218,-0.031207907624530407,-0.3694675796830085,1.2383743770188924
99.88676970211002,-0.7866277157802664,-0.1722043786217905,1.080201537969491
19.01632525019149,-0.4985892050576911,0.45217851781478724,0.7755796396282355
71.45003669592799,0.30943323023395,-0.6659249951670231,1.1247520565739924
86.48905071160513,-0.956614555998027,0.5530764418152254,0.7324234381031712
45.93985669716453,-0.724458201519867,-0.5267021165607138,0.9075956900024584
90.37396127955472,-0.39576841140845587,-0.5618970753749936,1.306098641275448
91.4771116806439,-0.811253773052087,0.39471419414089626,1.4095710406026676
7.705551047477878,0.250689999773271,0.7905869953480194,1.0121860517447598
87.81521246402933,0.3422917802627381,0.6940883077004492,1.2229974149836504
74.6644505706684,0.9208117863042322,0.7738165125508634,1.0325127970941899
87.92848873371494,-0.6593060604503428,-0.8736621804205262,0.8339769330940745
86.8697959550032,0.37494033670813165,0.8578307184111773,1.1899693165661684
85.63233137491795,0.8347554045481766,0.7025856736635527,0.7055933256450064
57.88150746214672,-0.3573776446573633,-0.9104812776827467,0.5407846993869748
92.27835856815817,0.02176195098427791,-0.33285603895448934,1.4864095621134665
97.40064577711252,-0.9810637846370607,-0.022608884735725976,0.9422806975992393
32.10791548759912,-0.8968230443268526,-0.5375188782993061,1.115323046151807
86.93539875705008,0.6318992113765256,-0.49215210992003966,0.5982178316551439
57.25232940168288,0.770124112672814,-0.052720869593331665,0.766309053204422
75.02598467780447,0.6834135361302882,-0.6772181413680576,0.9800339021967367
98.98305720258395,-0.200670524135105,0.2562617005455714,1.489573369545623
78.46225971616913,0.3131331962631958,0.13684985221687374,0.9111371617565791
19.075387439256648,-0.027749469241154623,-0.9743918909203734,1.4751492280185
50.1742025299191,0.9148777747706218,-0.04377911308140059,1.3958856236400623
19.492830874423028,0.8001482918788003,-0.8684229956195965,1.1750795906749203
4.289420249111648,-0.492011556903868,-0.6465207844128715,1.1582766076232955
34.9082744111338,-0.4220356837203887,0.0646026950065941,0.5496276256508139
72.29523181473651,-0.03587473942419972,-0.8960163310184337,0.8485646766361228
79.54837766033836,0.19297632898530748,-0.09445245095924926,0.6898208939284841
81.76213377752384,-0.0713857525957684,0.42681510405044576,1.1709047483964983
14.928342992694835,-0.6181919396045212,0.5852501057022861,0.6687451313592163
65.25958327706537,0.1902774067773838,0.6370580499733263,1.036807357688026
49.669055756056416,-0.2703251495652047,-0.19609042156919876,1.1091036302393644
64.72311460338778,-0.5368419318977748,0.6974528547845897,1.1525890385131827
33.856859755169815,-0.8462907573374279,-0.592516634589225,0.8400756620939278
90.02028599218681,0.6039946260795008,0.5166636693332309,0.6422952923842142
80.40012674474092,-0.4989604256628547,-0.9596655243525867,0.8047669623817064
52.2836089776559,-0.9187747332285533,-0.7438075243814513,1.0449401617745528
43.421987484443,0.7919842310881271,-0.5770914785771074,1.4283982221329397
28.28886788019398,-0.3113689025258085,-0.8208989989524662,1.4879448319993878
50.159577363719876,-0.2397750011924683,-0.07241475532797659,0.9007978578639273
6.519264985255789,0.8069352403245353,0.9696919827512163,0.6308731727623965
0.33055618430155054,-0.008580142774204713,0.41975108498586455,0.6470528092466137
16.73711831062869,0.061732651431207985,0.34956267322693724,0.8824929047846666
15.40651484114766,0.3146751761247697,0.777331483651784,1.0620444158499842
16.02551773338905,-0.3848065100189436,-0.6804698330338963,1.332253688358994
97.18346129918008,0.032578407620156735,-0.7513424004301812,1.473839432045506
38.46140671933629,-0.3952728149580286,-0.3886851351210623,0.6586282083555864
68.00222611483493,-0.6001684664537401,0.4109214058004018,1.0333212845845723
91.3102180266525,-0.24100994139498033,0.44878797975006157,0.8871008279475496
80.84454040172044,-0.9289864928933179,-0.6957140334444349,0.6474097631085789
39.587787571125546,0.25822139338379757,-0.3347539079939075,0.5320451460816944
11.012954708979079,0.5778989923198801,0.8898493316413476,0.653555548985173
70.43086534374777,-0.15499072086458343,0.96298546344572,0.5364824154785915
44.01985526420392,-0.628131228164723,-0.09382693542298759,1.2365201829577384
3.733119611846716,0.9174997634150004,-0.05402710367978747,1.4191294275247057
70.51527981277098,0.2787224962579091,0.11072846977052198,1.0158820322366116
14.680783579136273,0.8199157229881324,0.7096464847388346,1.4982336317274818
35.9195204682879,-0.43958529746396735,0.6593928486240788,1.045809356056619
80.43862416758478,0.923041082546304,0.2751060385432471,1.1016816107438152
89.25603352294614,0.9073011407940728,0.3885187379440045,0.896087310999141
61.65217174943377,-0.7051861670444486,0.027542481247689654,0.7066995551814983
22.994775324863546,-0.3972550583373228,0.03987349983169142,1.4228558477255606
76.20211666736787,0.23044617247745913,-0.007051302082870636,0.898547373629745
96.3296222470477,-0.2363406832111271,-0.14204064830365015,0.9889839096947864
97.71858880808439,-0.976885121782299,0.999451297480445,1.3145077426530554
98.12200482709724,0.616495788028413,-0.24059322544139816,0.8197369216014991
90.94774699673421,-0.43408668618901936,0.03430499207053139,1.0276466237709383
82.36259645879488,0.05574793245425136,0.8499573212253777,0.7439788450193469
32.71526152999356,-0.1625321639881364,0.589175802566785,0.7207211855082151
4.595215794958433,-0.1489498991356798,0.8697585719057745,1.0084086472939497
42.748217740767544,0.8789586082067189,0.20061454920621147,0.6086069716271064
62.65802034865643,-0.9317969445154427,-0.1799068888357056,1.069027141856845
82.93860403765521,-0.9645461172992723,-0.6072223826188495,1.4554519991893198
47.398252684615265,-0.34407253665526893,0.8139587004135247,1.2047658784275808
22.610391247422577,0.8832317791922624,0.5271523051391751,0.7882863495787942
76.13859800603683,0.03548403015522794,-0.4171253243499842,1.1591323128365165
77.45019177550152,0.7797041707272725,0.6339114817366838,1.0874986532069681
30.380959839263895,-0.1784257179295049,0.6072785803941045,0.8210279003670938
49.37703706770542,-0.38977412363223374,-0.9068319756032415,1.1415014729001816
56.74585118449762,0.05786866532937629,0.4928940140796947,1.3028046325515064
49.90751117415746,0.8996410929747689,0.04421126907561401,1.22135084790545
18.445008285536193,0.8419974369227115,0.1332901950001153,0.5818699086199194
34.718742853323235,-0.011072601050276742,0.0697226220080025,1.4815266649209156
65.83118773705097,0.1427821203630717,0.6689988204213628,1.0780219358582295
66.96978102055249,0.3533596854461465,0.6622351745552657,0.5953143994785999
84.753169992169,0.2843304651185081,-0.12749217251925316,0.5836546736448618
47.64215946771478,0.19614885018422257,0.6618797287191911,0.5553298235657188
6.009247792304069,0.016883703808304507,-0.5207577764187219,1.2402739800348352
56.55902286654023,0.9915684007502192,-0.7499070092596785,1.2320586973119907
19.76063891621539,-0.8615504073138571,-0.3583533682838903,1.380792022430826
67.19218112830606,0.3191005806743419,0.6062662931239617,1.43578756589275
46.07511384329124,-0.6156957681287022,0.43065026334360956,0.6549242385530171
61.948421242598464,-0.13086809645938324,-0.7219887344596865,1.167249559199329
58.671137435758226,0.6291969442805996,0.2774875249267974,0.6614338373728688
6.466857686271685,0.2948885444497169,0.4647158966193634,0.6427071034462154
87.25463151947703,0.45496786483179186,0.26726583272422166,0.5659303943918438
39.0039291477662,0.8138642356722345,-0.017551826628792955,1.2829363796606517
22.706197297135418,-0.7634356279034933,-0.08506625780893784,1.2859451623418634
83.37184336966199,0.8365678728145101,-0.07973863940893045,1.4740141011216576
46.41081669111183,-0.7103781992965748,-0.5084932693929037,0.5305268296436201
93.5963911357955,0.189520320622373,-0.13991733085668012,1.088916709611225
52.35122284151185,0.5994444782714805,0.7418211705554398,0.6125592611453395
39.48883871809328,-0.6880979128114797,0.380064457373807,1.0191183541987852
31.211067914140404,-0.1451761304157062,-0.8239092245808605,0.692827059635513
7.101086110406668,0.521996679747331,-0.18082688476129916,0.5869402630585796
24.346881626272808,-0.40849960919937534,-0.07589125112908623,0.673005516871519
42.102426753968736,0.32435424408249314,0.23766722560053655,1.2178250344474666
53.56662489755685,-0.34364536016677405,-0.6031392250480737,1.2016472047891498
84.6904671934876,0.6385714919560903,-0.7853986252344314,1.3382236866481787
24.48524085344884,0.8932542628614177,0.6142327878900649,1.210780552604032
5.90014436433127,0.5948590732921217,0.5066533074422208,0.7342895059601934
77.1360235520789,-0.08476940009164535,-0.6374730290905246,1.176512580962613
16.43997990411318,0.37235364125007586,-0.7033481940521883,1.0318785657974905
57.93471529187516,0.9678482791488432,0.8302089141863893,1.3969000815899042
86.73161683195983,-0.5049007165398262,-0.17898864615435284,1.0713792070758323
14.193961050102228,0.4074150976561819,0.04191057146926469,1.274226755604021
88.61898855446164,-0.31730618001797906,-0.23958333082829175,1.0975552570639908
31.465475180633955,-0.7341572608991371,0.01690784457896255,1.4757590691631208
14.2524002768205,0.24071033463451474,-0.4106891711532453,0.6331202849840495
48.62065487528454,0.777659701593634,-0.5915505260999835,0.6556214625553313
50.0949783403725,-0.08872978349576699,-0.43971154460292927,1.0530054581829393
73.9622305243501,-0.4972507580412019,-0.2344439322385209,1.102572040320465
98.89502084613049,0.8298754802742792,-0.36531447359670677,1.2984725273913453
81.13365690132566,0.04182771099539018,-0.8967555544943101,0.9334841320675312
51.063784623179146,0.302353996457851,0.8949893019101194,1.3290163101458123
13.176561577380202,-0.20867138733085433,0.4246411632783187,1.4353312229659512
96.91508330975714,-0.8763833249642698,0.48362601041288844,1.0203730044132344
50.426365045537615,0.46297943903462935,-0.6279105405300887,1.1341002111388667
8.254397836417043,0.7412908482034246,-0.9393886627627205,1.0210127927740076
89.32885403384975,0.5573080181860333,0.8348078244851433,1.4568141804511998
18.985030249032224,-0.0377694941487553,-0.8121597995826937,1.143541519172922
32.05739123286395,0.5345613008357781,-0.32245710009780126,1.3125400132490306
91.85364468686222,-0.9343852284944809,-0.7264340406093572,1.4537405412062534
20.41029199270854,0.16180697355744522,-0.2627188670109457,0.9331316896665383
49.96006422492883,-0.43093260977231806,0.3594171134216,1.0329814465351657
58.821121517952555,-0.44747421851626257,-0.9989955705039617,1.3084921813463064
85.45820057834268,0.23204057421063085,-0.6223767660910224,1.0922903628893366
89.1070447866552,-0.9584445120014333,0.27640971538184056,0.6964107944178239
20.841385496189844,0.5731070540064542,0.8113941673104759,0.5611175225017362
41.731425126492134,-0.8501226951835644,-0.13867903551374428,0.7244537310660004
47.862855184264205,-0.1636414851811957,-0.8436622761679697,1.13264743428783
65.66692874459122,-0.4606262022155433,-0.7226617200192353,0.7075497757848874
71.52379471866848,0.05190745658063256,-0.8319986377659748,0.8547417581350336
82.79558271571969,-0.7040030869228768,0.5954500874185253,0.9079104229363952
53.78778108627811,-0.5071854350992915,-0.37253373699360115,1.1888228208503109
5.137997061306554,-0.7276436391428156,-0.8762832845236159,1.3277941992378126
92.58251026274475,-0.07484451747800358,0.9508381219600599,1.4207747705719433
45.69469549628701,-0.5190448295874874,-0.39301183749975677,0.7271490564528116
35.48141332678038,-0.012458892011845357,0.937702546033258,1.3931599237095202
86.17013935996373,-0.9867034840816677,0.19283732655482688,0.5083145182669835
62.76601288605708,0.6307512896915415,-0.9754104777521277,1.3823096812712043
70.00618327216917,0.4851141795754226,0.08036836307089712,0.9918040408728288
53.84993694227855,0.8081817537077101,0.24104628151370733,0.8934047786604509
39.82241067109403,0.7925861914799808,-0.30118078158335626,1.0596847622033867
45.038493313260474,-0.7060523308425319,0.10568944648403078,0.6757856394713393
96.38056843962902,0.18211809924817368,0.9440073613640982,0.7611232110574448
34.67065600207746,-0.29223845077159816,0.3616496947463872,0.8587020131182268
33.62610990427887,-0.8910464580965917,0.834250491225351,1.2162331453695265
63.17516934190903,0.49616476111663355,-0.17106879225124716,0.9372632058809693
46.125019173352975,0.43830046397382616,-0.9788179032690073,0.5144299242522998
5.0754893176084375,-0.1273927620185894,0.42158085097009845,1.2371042412761555
86.11131155804406,-0.5865293210893003,-0.005789033254259168,0.9462801159814719
48.157437517402826,-0.3691184779124015,0.8721383540658747,0.952592181189496
99.01855321574149,-0.24741292703808282,-0.9384770041275842,0.9467271677033449
33.96522254641165,-0.003217809076900724,0.003140723948314994,0.5048796838238869
58.35307646462526,-0.8599319247359358,-0.48757507479326967,1.1627330009800692
84.1001567314942,-0.3697945574570254,-0.7331170032391205,1.2667741319198136
66.58135204336934,0.13598620444139087,-0.12359054787126322,0.9125501521698847
17.12739619673496,-0.6391362890481285,0.9818797712948848,0.6006036895897636
94.43027161824602,-0.10956050637530246,-0.2642861720981321,1.2323564756913308
46.2636586576841,-0.11649793890331583,0.5025119787175785,0.7077216530293449
20.55369297953649,-0.02241745813322704,0.1809044107295288,1.4354054279171788
33.337845796211525,-0.7290373985947789,0.08897879555415789,1.2355458566145185
71.35276832343833,-0.007932404246583369,-0.694852761547841,1.0717969457666054
89.52170703053048,-0.3685452088501271,0.3277649654723356,1.499266011914597
67.1192863231716,-0.9150276907725862,-0.4487852858529646,1.2716435390558813
29.656471840887455,-0.916712030251663,-0.7005249641565227,0.8085535795582555
22.344088209465504,-0.8879123646602617,-0.902362480108321,1.2670381250600906
14.982926625203,0.23395745485666786,0.10632858901562581,0.965539910348177
7.088106413682847,-0.08031284024197005,-0.3899098616043195,1.0180748992336408
46.80788329639594,-0.46745525007309063,0.9195100332039998,0.5654143904904984
26.55933996772549,-0.8079651187442539,0.6997432988314365,1.3707140907267201
6.417033587056433,0.35102088708449,0.12088883666523831,0.6150789050725067
23.65779686673535,0.6235368709512716,0.4719168907709814,0.6292585242314783
47.78767263622883,-0.2986730639375107,-0.8105564312625253,0.8645004435404512
23.293769566398616,0.7715843379369778,0.10447939460418909,0.7236097215807641
82.72147804288326,0.1318448424443861,-0.5501558819849197,1.4590260441468619
28.631069675080152,0.1563220456950143,0.5923065589977607,0.7061590736960275
66.36777110968883,0.5559836175531487,0.4368054146723035,1.108312187060672
1.0638416858632733,0.43639162566329004,-0.6103609804692971,0.6771514186478924
65.75659271440138,-0.8739870315463081,-0.9892348866049371,0.8101409917035681
56.06834073841937,0.8244731607369695,0.5900739424274488,0.8298590493380883
34.43298570167972,0.6433830906928584,0.6118433901948557,1.2102946280535474
45.526385951921924,-0.07314955996274208,-0.11181024342696322,1.218378888567622
63.425569819143135,-0.2674733170821666,-0.23729233972312946,0.713254428778597
85.06339958766273,-0.1478614315662512,0.7685444426075476,1.349789914875103
61.523886462254616,-0.12311641842825838,-0.321597632173114,1.1390590741572746
53.62512240657814,-0.9700181805570097,-0.9042338159165348,1.3743171573674307
92.49258759244859,0.897844557585137,0.4351747899422469,0.5372676897242971
42.722924332332326,-0.10245086749775323,-0.7507126371333722,0.6443958323160243
81.3623634867572,0.2194828030924698,0.2895266781148089,0.5251668229271323
5.2853017803427615,-0.2193741315482054,-0.5472932358018356,0.8617869848041984
91.05879377848373,0.020553862228809283,0.9367135705768714,1.1754633240679775
43.87259506106932,0.464141586267506,-0.768692828602072,1.2450413303506496
10.544481375194717,0.34767506887578237,-0.4250103813153495,0.851495868124454
23.73786427414557,-0.7388523790263313,-0.0627135384728923,1.0126076838793168
26.9430924619915,-0.7915978923085357,-0.2482675677308961,1.1983558263173517
91.81611540868187,0.4686198835149529,0.24242842647362028,0.5165188650849429
10.934011533440199,-0.011417223187951686,-0.04781325073978682,0.7844081977033023
61.228868508921465,-0.751968137785545,-0.4855154633851938,0.9556426856009032
79.33550587633988,0.8113528079047483,-0.5370088459390199,0.7315885941587722
92.93181235892159,0.026040089195633387,-0.666994018390622,1.3646741786709855
55.58003424478113,0.8954856814782794,0.18837375318846683,0.8545351521202105
69.38035225034392,0.21264398242485738,0.2623981548346028,1.338450023683074
33.459496030706234,0.8045524173604057,0.9744418296904298,1.2962369271940002
23.775017591487348,0.5619246381192124,0.11543158952101451,0.7696205735513995
97.3927149272204,0.7116643357381323,0.11178428469400448,0.7509008795159142
18.33170862968096,0.21795184045921645,-0.7452232072970987,0.6320033064203088
14.501891159836891,0.050987493085416835,0.20720732072051384,1.2868480045413215
65.84579118122116,-0.9603050938440914,0.27156365414694594,0.5031825924038515
88.17461100271828,0.6847589020359808,0.504838513397093,0.9177806447902315
54.401487780889966,0.4095577590847901,0.7552888319472795,0.9403362892674568
87.76906459727898,-0.5714514494242721,0.53653515241825,1.2716835898170986
80.91698021721506,-0.8225446678303328,-0.9545181638404625,0.9657146930837026
42.253557928739276,0.37410711467985247,-0.8703706238801691,1.3762096083756732
17.319060463680678,-0.6459480703956909,0.6437743073303586,1.4060343504398016
80.80974092913863,-0.22488971239675692,0.038605865523835936,0.7107176486283013
50.79711566386319,-0.6552975463223603,0.1144693100887253,1.0680173107254536
48.43270107466135,0.2686279215810119,-0.7472563377333188,1.4226017535288862
13.760032763335547,-0.8936629037308952,-0.9436827570445887,0.9119361912603443
77.53719723245453,0.3399377486929065,0.29124320082832633,0.5273405957667671
33.184610280401984,0.41994936268535876,0.4239351249715735,0.7478933985766183
47.9877277276248,-0.9559241429558188,0.4484096663585455,1.2078680502347885
67.95145629884584,-0.2302210502706794,-0.6089419423006397,1.2313668570577003
59.27070828103691,0.10696081008171676,0.6865996738049487,1.0350862558736909
95.48856810788335,0.7207593699729169,-0.05646497822534391,0.6874826025527025
10.990411966945079,-0.7437171490358047,0.6900331589020781,0.9270915375734807
80.72095270893995,-0.17243800120653197,0.2211405271889435,0.6882395763555369
78.24398688246848,-0.26524930316808093,0.2961897001747513,0.6258970879823553
78.62618123046836,-0.6345285041029798,0.9118357964320272,0.9060885322261346
13.041273001601764,-0.6593353994016453,0.762667291381373,0.7203336378477305
90.35994814837659,0.3697649226391704,0.5907109380566513,1.0029106221819335
85.88636898479963,-0.6727460246310346,0.1387637536175259,1.0335324051196106
85.06897761577952,-0.41799156628364764,0.3343066698094779,0.834217606307269
38.06410260889505,0.982805330403584,0.008015639673681685,0.757650348036065
44.939424734448686,0.3805135521522973,0.5610314126828111,0.7358801044502303
86.74799132603029,-0.7488927842828925,0.5547303863379278,1.2893210423110721
47.546463247866235,-0.9664464780960857,-0.6613055688836653,0.9581370963799056
26.085600595536107,-0.19612636440977227,0.3364618989120982,1.2420639029726916
79.29961119447594,0.2167508916515999,0.9907715918794195,1.264843739254987
73.53923695626824,0.10516295473097448,0.5792133220072637,0.844748689094049
32.30950320996017,0.5957710163792758,0.16086223803778932,1.1242908853144709
49.531886715076354,-0.49321827666250306,0.7663472064178396,0.9510812842863791
27.415572412182975,0.37302064984343297,0.5820551315750166,0.5216863328115708
92.35073388688136,-0.22689241478064237,-0.3435588225905668,0.8293979498442982
99.58941836686132,-0.7509751190644103,-0.8580266344423952,1.0305861280840554
12.27139259665134,0.3787158200199401,0.146670866379786,0.5569171782080587
76.3472155355347,0.33029195457326366,0.6954207647715815,0.6805310567436964
80.93678153116323,-0.7675164076726868,0.352397120621162,0.9025981841215799
85.56245819617942,-0.34911931677165087,0.12748330778886618,1.3998512566831391
27.640464225496743,0.5909451531352969,0.5994586230437926,0.9855230514915344
53.42329306136857,-0.0931344774696824,0.005854484407061822,1.2040786310960823
76.63993279224788,0.07518188729145003,0.4515491103644287,0.6348278146319697
8.704418363608509,-0.836713634294405,-0.6714560752494638,1.1795694754903918
15.905833998475574,-0.9161529808863715,0.5397848216604471,0.7904955892890809
50.70617116362458,0.08815637282211464,-0.15671392220651126,0.7428652445844793
15.536143155083657,-0.6522751466760149,-0.08146561592157575,0.7212894334875916
27.552837623689168,0.09490791607756854,-0.3846429055745344,0.5253724816840232
74.10294146650503,0.9398905567857645,0.3219137717811291,0.9875575041762262
88.01018768888422,-0.5756405106593174,0.9347582724673262,1.1114809208282153
94.23379278344886,-0.5264291357933634,0.7857337663831083,1.4511844922508508
36.906599611176595,0.28969054566738106,-0.9956259944566233,0.5229458874386118
12.074167191823411,0.579020753062832,-0.29808959484043185,0.9355117818743142
0.010857426694588153,0.010792436622746315,0.94336406798576,1.2025994286176747
74.94842178415456,-0.39618760119043805,0.41442038415024585,1.177140317550622
83.81054409344021,-0.16801629145829455,-0.638065997235412,1.0143962508556719
2.453972893220048,-0.7993557822215737,0.6529846233375729,0.7618545373227783
75.88964357315515,-0.9352816656518984,0.0034615499503602987,0.8918377294560209
70.67290464317973,0.4220680826516767,-0.5548495147045907,1.029950120368445
19.520993945652307,-0.0164014787647494,-0.3939454370832748,1.1187487321010683
6.843611372576114,-0.6869681350250589,0.6362105344642519,0.7842191896677753
29.13294121903911,-0.3994411772287715,0.9683595238570222,0.5748756200703236
84.23696459399501,0.9001683012517601,-0.14384262173523255,0.5002486812232652
49.343455456090624,-0.38613785256225586,-0.6518165100938813,1.1269584822679892
37.06069019044156,0.6666147092396253,-0.6216642067202686,1.1514786642146166
8.536873006264393,0.7377934502163901,0.46178987285600126,0.9615843975364236
55.97558490421925,0.7618093841714391,-0.3071313935900143,1.005469863653155
42.31956664834698,0.6191086429167256,-0.1518746700600765,0.7530253599916178
93.12269407339038,0.9716040938094865,-0.24260178458567871,1.4659252356067365
56.13014312479028,0.5354633240415037,0.8250656367261033,1.4167676910550704
74.66786379949365,-0.9248911572658778,-0.2590883959905811,0.8181972545759953
2.601734789259925,0.7644016489839938,0.9576970447835889,0.7037539199645914
7.857952883603171,0.8307632666512839,0.9644910757563079,1.1270927506788246
1.0052163646885703,0.6513172978517225,0.8957008451444151,1.4701629783609729
3.3381192648378617,0.40701682473735135,0.8275021178990638,1.2725912577459109
28.551189574345255,-0.9778043649697743,-0.5667666828026854,1.381283817306934
3.997279984353718,0.39386207326517697,0.057170233504497014,1.065554183540258
65.1488518780627,-0.9594039218718564,-0.6782194074800822,1.354918266691235
85.41221497011546,0.11626481401717226,0.6808056109892331,0.7470756836382008
57.59014995964794,0.7728748679608191,0.39442372845476115,1.4178496381646024
49.010935328998244,0.8517231875661249,-0.7185684017056082,0.9456454037649682
96.06907641550873,0.9536751447348926,0.04224352641631879,0.8773047573132076
10.88754132496822,0.7012909322340966,-0.1885864722181423,1.299555702500999
60.8008808747596,0.16010416846274533,0.7131811533631838,0.5319987407982645
67.66060189332033,-0.7113793262218485,0.9620482663176357,1.3466050580776663
95.20530283342798,-0.16139994467230234,-0.8956699297268268,1.2223139603926563
51.791364881816826,0.5738367802463253,0.013062445787538568,0.7171005079118764
99.73459699198571,0.36140549172299763,0.9230892087645448,1.2367624074875074
95.11042191324124,-0.5673119817538101,0.4277639920550249,0.7547715934039856
49.75240043146136,-0.9466617790302074,-0.8309889177452638,1.3777513291580203
30.79599042137955,0.7587333756577421,-0.13181190405654297,1.3786142000295492
45.80784832875336,-0.2661024185714653,0.49823032225904473,1.125683550512649
25.950934870426767,0.1282851335867503,-0.40852346375942417,1.0832965122452705
36.4965748054753,0.6965595179496513,-0.7459997322272396,0.5267137980412125
96.27234613758003,-0.8217240186685364,-0.07715964156209532,0.7278254339747041
95.50385730613031,0.9014362500229867,0.8432129207005286,0.5908564798309299
52.01263460619231,-0.848575626565154,0.49651091942986425,1.4823640993103964
53.504782563226236,-0.07614880877924812,0.5275168291891439,1.2496851868725292
78.76873758113028,0.9427486853064098,-0.9714228375174987,0.6373529854247053
91.78630565973562,0.7605781289894871,0.9506267374927118,0.5437641935782486
13.015720130224059,-0.25635516027277816,-0.28749517183556117,1.3467840645341451
94.60832758389877,-0.3089891058959445,0.48124970990086613,1.173641764895035
9.91316276479302,-0.0994640186201492,0.5639730488660659,0.5347239432174151
21.63244206551811,-0.44295365682424925,0.029508432290593634,0.7266021989840682
78.66139583550446,0.7397773249414801,-0.04288613272764119,0.636303939000598
66.18137974991016,0.7360042217021578,-0.25327655100806235,1.0594243286069838
89.09028679107048,-0.8159248621695264,0.33530883565034464,1.2801584393774423
50.543725976493256,0.32546327434882016,-0.4012980630767422,0.5751226161328474
80.78016723465713,-0.24051774426389583,0.9427273839156303,0.881946935185963
87.37284666285109,-0.03987605663368021,-0.5643260587802025,0.7403743857480259
49.804673001506565,0.06792117522655694,0.3066913240846021,1.0128406276990993
18.829458468260558,0.853750266240169,0.08267039678808907,1.1558817548972735
83.96792639045155,0.5523170031690039,-0.13354389561936997,1.4323846524783979
4.024341371801402,-0.29580246533458043,-0.8607147133610848,1.2099303115720161
13.881483910468537,0.15445447683449864,-0.6366764831038414,1.4548720669514212
20.078041222351384,-0.5651673253329166,-0.7845744457606861,1.195636142531081
42.20702785494992,-0.014989174110049741,-0.8251579617319618,0.8575460070785477
96.65359932644725,-0.9999304901429964,0.4529061054649206,1.0611374113936711
41.74020630995637,0.6377655812177414,-0.25857438119247733,1.083764962968311
52.20613516032328,-0.30596944344660015,0.9855408650460085,1.252433000590515
4.906271263073763,0.9049144209063424,-0.19592068044026367,1.28185061772529
97.52474720551515,-0.9435208823736662,0.5627231730258582,1.1768995034143788
29.895874858676404,0.9263932981460232,-0.7050646007892634,0.8440827138653062
36.363266290563004,0.6710237479416798,-0.13452414087940623,1.3311800625307404
26.5913146414057,-0.7599427525652599,0.3644252205680194,1.3519551786755635
25.183776934646424,-0.8317495842262923,0.8055194244639174,1.0284446199030584
94.1761026162118,0.7750391609010003,0.010882072269331022,0.5774105700222548
77.30644924656396,-0.9851553323799742,0.09316634389522727,1.3614338590127684
21.20708771136614,-0.6086395380344831,0.6394158880187928,0.910662198926652
44.73426299677908,0.287057984986284,0.1716433211310051,0.8492935678638506
15.721016879726276,-0.6194201233688116,-0.19358178867713738,0.5522487723559839
67.79338539168249,0.10575835994707727,0.03275839673075387,1.2938422676027301
25.790362425945233,-0.14071130565883005,-0.6528701307133314,1.2550145590462787
87.83556098805687,0.16609536897879362,0.6794459691568722,1.0257105151219972
56.96662821704215,-0.525935364628432,-0.5192445846672586,0.9686044499362962
11.735849975098526,-0.8651050069244607,0.014519429497831915,1.4917114193754868
39.764630000476195,-0.5337390543127511,-0.050283579262068945,0.6338116572404477
53.97025710915997,0.12898213433233385,-0.9245127287289594,1.2012891353884247
56.86827439638474,0.8010536402751356,-0.11272396293262288,0.6782707871350968
87.60292048362135,0.048663082269036595,0.9093711283047752,0.5694063229552948
12.888990498716277,-0.3799289881066039,-0.49806730858202164,0.8124160949895027
13.290692078280863,0.7808431473570809,0.19597128489772841,1.028747516871491
6.914220363705101,-0.697901509738637,-0.29170270833232903,1.4527303883050564
19.721085675056152,-0.6685651087117241,0.8647238983265919,1.3593167890904945
92.44363855726125,-0.741531087188207,0.3667233501521243,0.9560154048492546
92.07754281316134,0.29312774071985803,-0.5791900177487503,0.515762496114131
28.79417915014923,-0.32556014911326836,0.6846130674298998,1.016179930805626
85.25861394930031,-0.6489037242046266,-0.7376254564519732,1.03841152387742
41.139453692196426,-0.6828463385793457,-0.4714694304916949,1.1527913322090937
29.945276507188055,-0.5662940204908601,0.5341253439076732,1.1962497500463614
3.6697391193568416,-0.411037957630643,0.7801657965299165,0.7732376198027349
12.197864028463947,-0.21778724518212234,0.5444150352449035,1.2781772905718067
99.97417940562863,0.9297072402453701,0.28813925173557786,1.153239413976372
63.516527628587724,0.8157471630735333,0.7112054345632945,1.209479279436056
54.55010439990839,-0.15308858230003697,-0.6943713068244453,0.7512328164445465
56.2924448563466,-0.6303599234747944,0.22165833988996075,1.0649238681518387
54.519632258954445,-0.7693551524814403,0.37261001490336,1.3239663038063951
94.39328260934971,0.10223248778714145,-0.7031331713098503,0.9997374355045807
5.517625115118649,0.2748856202475949,0.6442631366727156,0.6849486730219585
14.657024270224445,0.29072671101806,-0.6393534971084444,1.3143130367490181
57.6481139321366,0.6149943976021153,-0.9997515059509282,1.1101970309870357
13.442732821307136,-0.4415897903660102,-0.9549926751195275,0.6521052262600731
73.00327654986425,0.983865307154485,-0.6322768865653077,1.3558663461709326
1.3646345854847892,0.7940675172087057,-0.4911515819498009,1.0302065576771984
29.224092654973365,0.05651520741493066,-0.7916251978065141,1.238231895214597
62.88278931154983,0.30098799811092714,-0.7577051035306797,1.3773965377610828
94.84140379849589,0.15258464966172758,0.18458858450747462,1.1894586615793306
73.05070898112554,0.40133280390928516,0.3957996131615522,1.3936056094836036
68.71548639638743,0.15385192116470847,0.2107089444092607,1.2900344015076783
51.83309046353203,0.503552404688479,0.43939848610529064,1.191560501668229
42.13475998476899,-0.7821128924333509,0.4732242380873999,0.6059512103367001
40.5552742335301,0.641583088862375,0.020806654969827587,0.6819697971333081
39.39790930075115,0.44122761835779056,0.8394005888429572,1.099668555829639
72.07442453643522,0.7692704778280584,0.8759065340272527,1.4698644542627974
84.21179592930899,-0.5211253866480449,0.523549309304143,0.9102681596093638
58.50506859694011,-0.5805302773335552,-0.5782425042013448,0.981551947127195
55.163276645101945,0.35248575071351995,0.29252472665192775,1.3918488005122605
85.94684194647287,-0.5839520738148039,0.5010620292921797,1.2062383985915281
67.3716169794076,-0.8354190779946227,-0.22215530201576428,0.7057731231425824
15.944368425334229,-0.027021515073180402,-0.613545222411961,1.1546150952633827
32.93106063411887,-0.9324421109904192,0.6235826887156224,0.572146041394289
14.547192575196519,0.3273975257223205,-0.755316494569606,0.797537539066113
59.32544026590932,-0.9587921555065534,0.24387260106447695,1.2540116719866807
0.18430360587083022,-0.10613061617461461,0.312522556766226,0.6601133901110774
84.35070857923455,-0.22315418479900306,-0.14465257057235237,0.8508863981671382
0.5360383639124076,0.9551687620240592,0.19050680722693136,0.9140077465117152
52.109220736157525,-0.7224949741227482,0.5927237965373855,1.0311741687356861
43.31744156198483,0.3978598870409873,-0.18234900275712518,1.163135863157501
83.47965212789661,0.7844375819558933,-0.8927701137293708,1.1625590682931994
6.897358771048438,0.551301096427659,0.14924995819119968,0.5746597816879396
96.03769847130195,0.34529093675673184,-0.8261737869428525,0.6063699338128267
76.45922320094284,-0.16572646696535775,-0.8525661943750287,1.1385309641611663
64.40934623309133,-0.08445690608366274,-0.09811520475650437,1.0010375415312385
4.077743748408487,0.30522305634602964,-0.47990311106643013,0.6983994992172969
22.436655748340236,0.9862542973719068,-0.7978333011748517,1.3339502150503173
76.77061704405597,-0.6474154323846223,-0.6870090682802129,1.3132128446571818
34.645988129455354,0.15534495646013546,-0.05863418367358397,0.8135825845058327
35.57492866966404,-0.3265169229835396,-0.26734150271596324,1.258382466567246
85.18249474076136,0.6596490356002529,-0.33215664970850334,1.3674935393839114
3.3855936662228387,-0.4900103100162232,0.9738965563918547,0.9993659730273634
53.02484421489725,-0.635928047834637,-0.4990003707963351,1.4801019574217187
86.59898584190121,0.3912859565154576,-0.28537750808421625,1.375454906475789
87.18836855512586,0.08326056335088272,0.8674643117787031,1.3402201955549278
98.28106236356547,-0.7744204369987926,-0.5257123248353486,1.433845075400802
52.43272724071693,0.0318515039879097,-0.4404858891134703,1.4497718545272393
15.101012631977293,-0.7153436383591321,-0.6908150645250779,1.323619199883582
36.00583517888284,0.16354166119582603,0.5694417824545319,0.5895832800310559
81.07068774367488,0.2732981687884264,-0.16540489695248117,1.3899087223928244
18.543055072759508,-0.1950924247153979,0.07258765108840803,0.8942966533179382
84.87370845386243,0.6936968796712764,0.3899369037834717,0.5433324575696621
57.1619095767751,0.3832402480869326,-0.39724106464172215,1.0555976964133875
61.969039281984905,-0.6109944895785304,0.6895589211202733,1.1759693253749113
33.42611079172457,-0.2108253288037899,-0.3920734991511319,0.6561724964802296
23.26048743636472,0.6551950218668903,-0.5382158194699627,1.184104177853607
26.135069324900385,-0.5694661886605995,-0.17796740759988294,0.8071514990556609
44.79825392706932,0.716509263091961,-0.715888292548529,1.0686342233583366
93.68959194739323,0.9104530454267634,-0.8561074898819645,1.410433969126637
71.31501532424159,-0.5434673687264917,-0.3346192782622801,0.7834349056435379
44.60431635547961,-0.7819708517507158,-0.7962540530756659,0.5065308928295454
50.813342590452315,0.719300967525351,0.4454396043878879,1.003706362749949
3.8408894601861157,-0.4523425115264199,0.4954296856144522,1.213763063099939
96.97070278875978,-0.23577962514298711,0.8263839269947393,1.2535115531519154
96.80845025195238,0.797237618349177,0.9767374879443975,0.9350191246764796
64.77007358486982,-0.31036186549710976,-0.183337948013777,1.3520365363015494
95.59294181649788,0.3079961616465843,0.9790189107234581,1.3953606807790968
46.279416066848775,0.7284997793168668,-0.7634163971438255,1.1071472399785658
89.65505914870293,-0.46277668861341004,-0.2595251515095318,1.4630502523029918
57.61303119776965,0.7963795312931508,0.2418928351526417,0.954525644041355
34.19750663442731,0.37016988173562004,0.5701928558666245,0.856564331725696
10.217877983828517,-0.5390107489824363,-0.33755818292633466,1.2650172788783705
29.188427293785296,-0.4305793440412672,-0.16131047044337732,0.7715215047721924
36.83054979942457,-0.6057985360716611,-0.820315711001751,0.6711572773418362
1.1016312019816001,-0.962063065195327,0.1627287300160043,0.7811861641509183
15.827004780763923,0.029847819610585358,-0.8488437671002707,1.415831332481806
5.768584005600513,-0.3637888421502591,0.46098074761054075,1.136376962171104
51.150401625817956,-0.6961188888419083,0.7824446114789332,1.3110136276987951
86.50766104447207,-0.5490120910789495,-0.19196302964239265,1.4932700704062158
55.869774147793464,-0.2832754230989708,-0.7242096101917532,1.3055267892236078
91.39226749202847,0.1786387760161734,-0.44749123008236,0.9400330369713813
78.56330551750484,-0.04354950488274778,-0.9969454594787387,1.2732931009603412
79.62643758348842,0.4404763671136662,-0.8990537825382615,0.9857282986373506
83.8930182390769,-0.7542744572733248,0.30168054997928806,1.1428797243189575
62.07646302722104,0.22206760811712356,0.09650636171364768,0.6378889135783524
26.69861930534686,0.2979795724017127,0.086924354691988,0.6709258983852813
48.257658669336365,-0.11866608570334714,-0.04095373988244866,0.517482875047473
28.52175975946059,-0.07124101788938608,-0.5441377147624531,0.9015723151261635
81.41591513616777,0.8846983116831912,-0.9862532128394347,0.5207291643727651
43.21854416331581,-0.6777845655951998,-0.35743382502182297,0.7183758548287545
12.343720485782818,-0.9036450789115507,-0.6059246667409715,1.0935914740165245
94.5560102799697,0.884126864400689,0.8007111849198045,0.8603420088600269
49.84925088158666,0.058819944313046824,0.5416155745695654,0.5825744608482688
25.800896670100805,-0.8035780730960125,0.3661124786841492,0.8422876724285344
93.35921865085744,0.42197737994645856,0.13646449763946245,1.2863296860058502
22.683892882566315,-0.4944191478677892,0.1587125864223451,1.251732136535064
90.23651276254829,-0.16643126654894846,0.9081080568302131,1.4462043729947762
75.57614845115135,0.7104244518257385,-0.011106300454876372,1.490862210931423
1.1478677188947666,0.3416134102385815,-0.14508437636116045,0.7539673056565686
42.03056091407438,-0.6531942188313961,0.40199432501709786,1.4641776935131015
12.727094480022041,0.6678953319369461,0.7203867662615966,1.3106331516645593
72.96404783726432,0.504897227393418,-0.4559355010950561,0.8237280213648297
99.07055212757967,0.6357393705322976,0.8974662434826808,1.2296439521938247
47.491970207578845,0.38504470812755365,-0.7257074059715851,0.8291409215695147
90.40126945206883,0.8027754710438721,0.169268629970591,1.2620106789847063
62.052877029547545,-0.9932121727713149,0.9886175657761502,0.583691852906254
38.31933337274996,-0.3291171431649157,-0.001107225986391458,1.0895525108230197
13.789785136368854,0.9452416598986761,0.7992344902660515,1.0904066581775755
87.21319825351544,-0.7531165376016373,0.5520589093216746,0.9339902085421481
62.728597464870674,0.62947365593399,0.42475933469344174,1.2005122136149675
10.671045407986055,0.03073966070544243,0.8633801296483075,0.9067426019250111
39.5024132436275,-0.023161794443788186,-0.9654652631730412,1.4442657384550128
87.58266884294544,-0.14709260500364596,-0.8647234896293368,1.3853374760666841
94.29263944670394,0.8274523556154323,0.16392187129116187,0.6863303527928422
95.28892103125892,0.07000033011527962,-0.28078231040361556,0.5353273077538888
62.31673108346782,0.38336235641841854,0.3715376772906016,1.3345300320949693
99.46196452699539,0.3735551884802977,-0.9403379621361566,1.458003105997664
38.71350719941592,-0.5721310072933439,-0.5525375730250557,0.9600218591050064
81.00476593460154,0.45165338177803016,-0.8086298736817372,1.1605072979298492
23.723709003928143,0.18051113045860023,-0.4314169233147179,1.3693397847932616
54.64001196120742,-0.9739814575869944,-0.7444321009285341,1.208546638314331
46.48305109720769,-0.7755615178835602,0.8239269562450087,1.0292229585719317
88.89756947568688,0.4734907413855751,-0.0600820920101387,1.1185384270923868
53.18304528568222,0.6522045235173635,0.8798050542847766,1.3507285302742928
40.12621609393419,-0.4093193233757868,-0.015313808120989925,1.2309599293523945
32.147381361308,0.42581155691118244,0.13583785321676345,0.5912082060515557
90.70991998323231,0.9140424995635852,-0.2839687279682447,1.3348376659159826
21.48830776160588,-0.6378291269999434,0.025390185675003396,1.4544346683338922
19.536115113938703,0.6846579769234429,0.0018607865440276594,1.1213158591565895
96.43764725268535,-0.339536315236705,0.25224567602793013,0.9551731443140061
70.14851468333005,0.4697421055814961,0.5378956252727467,1.1814912442892553
43.56208131282012,0.021117255940181323,-0.4706900039258193,0.953547221368662
8.22112437136197,0.05001137423538049,0.7067135975196137,0.5991184215284199
74.48129937031955,-0.7352466582568461,0.6586828504783588,1.477383398127313
79.07202221758646,-0.535676647070082,-0.14314424448702423,0.941213002231396
84.4871828942777,0.7882795125684496,-0.30843331108763306,1.2299353105304522
49.09009722500407,-0.7422626701062236,-0.3050857628942356,1.1739892405260761
58.31928260337755,0.23807082894213516,-0.7429292234515454,1.108421709674456
15.887040456280262,0.9161062456217974,0.2031390356114242,1.3451279224023827
64.02466938469533,0.2798858799052919,-0.3364083372397424,1.0147836502942393
23.805141769797217,0.34854778806666453,0.7232148905450129,0.5367404452517922
82.89945423028794,-0.3135411825099904,0.3537835236152498,1.1176127332834447
56.92936567988709,0.3182224489695509,-0.12223529229377872,1.4230006073292674
68.64719521346869,0.48447698284746976,-0.47024099069905356,1.3841684039158917
24.73848474284959,-0.05907575046497371,-0.27473380224484567,1.4690846482254911
12.059062780548697,0.7545787945312719,0.23084779053789806,1.241861475293332
81.31869292099913,0.8140715077365503,0.886634746604366,0.7152213903371675
83.19254639940101,-0.43203537125913993,-0.3991605400703243,1.0614395310548672
63.78769821136635,0.5498342922520811,-0.7109913584600422,0.5966141900239775
93.07414267236331,0.18797477172001065,0.43890056062419713,0.7608262335381499
45.358187664904584,-0.4147492218191622,0.35304393134381495,0.7604480712940962
7.252666191962874,-0.4258316375879466,0.010621140678106933,0.9548519007102377
4.110063121113295,0.5479266063157917,0.08379679426696618,1.2437901407962049
2.9456983704225594,-0.05110455687726445,0.9031246243700386,1.2141568438729728
21.659475006102415,-0.7648117210730064,-0.7061124514629007,1.1903396976438825
21.199585776330533,0.21812415677210462,-0.7662029307209055,0.8878895525076775
1.1743311782754766,-0.44357872969160284,0.06908618749669926,0.7865203833118921
37.7929331573013,-0.4096147327424686,0.8774788638932984,1.1909932500265517
93.22547397462188,-0.8374063912767392,-0.8493926330576748,1.1097155814690276
11.213560637884148,0.5133455118796646,0.6481545202397647,1.4819502019626773
2.1934776402604537,0.35421472438191093,-0.32560604790861236,0.8992543854116866
71.62052283829982,0.06650836432184537,0.34605691404468386,1.268854073276141
85.16333363467149,0.4652023048183225,-0.8143076101346725,0.619724917486049
20.9718849454572,0.832936178307232,0.15712084404548188,1.1119570506033203
16.79908281779806,-0.4065203881924607,-0.42972527073055833,0.5995380797513078
43.021212274315886,-0.9203599556166666,0.3143869940524713,1.1893325604101912
86.44819187806914,-0.8916675540546165,-0.5734518248556217,0.5802060443372155
70.30164225212893,-0.13772500370129337,-0.7277336276562192,0.8752276861760174
51.42279033211078,-0.8799127814378208,-0.41860320810760465,1.008127550513812
96.5789311601045,-0.28105833952487547,-0.39158718753586097,1.318634543032556
52.585351923291036,0.7830702910713878,-0.018424665097791282,1.2165135961530265
16.998435653492045,0.8872427480933407,0.7813644499615697,1.2288284842324835
12.835414148421078,-0.31075579366901895,0.4757994920389119,1.1614517330805127
65.28515470889486,0.7342751469256141,0.37741711020972213,0.8503523387970401
14.20919411454758,0.8456922208693076,0.7575784121531439,1.2825171779436035
29.605512844338367,-0.2772941125895213,0.06503699688999731,0.6657602534883957
31.147213339227026,-0.3665334429773003,-0.6194477715913618,0.7020525061772153
80.15408698712669,0.9660848690360271,-0.7195978015096247,1.1775146834658174
47.095302654218685,-0.8130384849103782,0.6457835259284714,0.8622906755554621
25.48698751782546,0.8179728241919004,0.6346666234425511,1.4128652486702902
46.61698615435873,0.6178311588932162,-0.06977797608439873,0.7116599629833302
66.32768544671755,-0.29024857303743645,0.11503809896880912,0.5008124027167092
97.98231768954908,-0.7482806275278278,-0.8805930765055129,1.1232352679446824
65.19951166037899,0.05831262167289064,-0.9281299678796329,1.3372844967419608
17.88786639143143,0.5973431515864935,0.6757379614245702,1.3870806308246562
39.238488694372364,0.4463050403077735,-0.6299436244571786,1.227702050450874
64.3190756493956,-0.6063705442701678,0.9237507212698932,1.0940227266286906
64.99636329938369,-0.8278608193878572,-0.5333145775944355,0.8173522728012379
87.94676612657923,0.6994041247467786,-0.7939772530810569,1.4525510206487933
4.749572506602817,0.26990286335538083,-0.41483509121419393,1.388524215251481
98.44182399089307,-0.2976944366296169,0.30876450728410854,1.2531846382531602
5.967214319400812,0.31534190137547946,0.823109996562043,0.8924438360426878
80.3055742812177,-0.23720989765761846,-0.2290905600142461,1.1226597250045054
66.81510373172603,0.6861138885500393,-0.5009039924645613,0.6168956448760077
97.0763626738408,-0.8636153037209852,-0.12932719974558982,0.7807427491874321
14.781300611116679,-0.4877553261154649,0.0770395197771585,0.966027757051302
85.77682271346305,-0.1051752592444225,-0.35701909426413714,1.2926555129509196
31.099802771444175,0.8590191756639258,-0.8833579576713043,0.7493545321122879
44.11882510385941,-0.9830115648211878,0.7385460879982202,0.7367668011454851
56.18321227136228,0.16989426308663935,0.6890533771192537,1.220976846842368
96.17347833163777,0.4757413606374403,-0.3497634225202404,0.6505494484932118
62.589739037915514,0.8206491120553379,0.5202223070169196,0.7344830504402171
68.92408826606673,0.354667775825553,-0.46571683950199805,0.8520716079795161
7.392499716440771,0.21656906585908464,0.2255108380172013,1.2662298263382779
0.3589217282821832,-0.8266643698979117,-0.6503568280098158,0.6098560194728482
83.93138249735999,0.052239069678968075,-0.7903629162092302,1.057958328898061
43.745786364550035,-0.037083803337720656,0.133494212241559,1.1484627885560674
17.99019041043285,0.49480670052014397,0.04522156583043624,1.1573440487447735
2.6745586376556654,-0.32421184098881906,0.5680237526648404,1.3126999412976783
69.59798502656058,0.28773296336779586,-0.5693732538497152,1.3103280494385365
21.570627272001243,0.5600225520549074,0.302911383312382,0.7094318731558338
23.57934980591756,-0.42309689475923484,-0.8543846543147987,1.3668655877921103
10.855836071661274,0.30664376750558864,0.3998346441977032,1.1465903307970549
77.57998919071369,0.038129350487271285,0.2134782271517175,1.0778353041908288
72.41235399111022,-0.854688874324651,0.2986082122664857,1.1720449374042143
15.518337394932926,0.9776782234673616,0.48976296229686866,1.1394256866640076
7.058961523410703,-0.482376450552338,-0.6016628704605529,1.373183381813476
12.923473358353677,0.4678571096691255,-0.044754774742123415,1.4833874002497174
13.597403354707168,-0.4234878746855121,0.3250953487795021,0.8923314054396503
55.67379742024274,-0.5542931178631045,-0.08222534529078496,1.3655569957171227
46.64851618245751,0.48035953705159407,-0.9927749420852995,1.04118275652346
30.490250894983422,0.007587624717564356,-0.34779371606110265,1.3529631745166784
7.766367307177023,-0.3975310510433414,0.3754153455525391,0.7126626160103542
15.075664250008808,-0.4719857169322984,0.31797819084204404,1.4892966422434415
53.30750033487151,0.2828916100490977,0.2725408982383115,1.315177412709534
80.96685382721236,-0.015354709647269038,0.2268748335317492,0.8127912453141066
88.37349525929702,0.6884298834243869,-0.25604228179282895,1.100580532170928
34.457335772122235,-0.2572310256198962,0.2201880880169198,1.0703150947783915
72.43952123413592,-0.3757570622665475,-0.3955180665099245,0.8359745665254957
45.48279655651353,-0.33338499432148727,-0.029338502047644877,0.5292753098400301
95.15684320428544,0.013895427405941296,0.23062095367274793,0.6957689710348076
13.480053640748096,-0.9473665524673573,-0.5342526330355066,1.4018329833266798
2.1402225109408173,-0.3023238108319274,0.011405541733470859,0.8527118322315451
93.01417027177308,-0.11389098907789053,-0.13048405444264322,0.7145930183815087
35.298878383430626,0.36593752400956236,0.9422296830195713,0.6072888331883928
37.95014493905522,0.7349814126610745,-0.4416182770547772,1.2653467679041648
97.1378995016856,-0.10886828222522327,0.5579351295241226,0.7225533145683074
46.59317527417026,-0.7583203121654375,0.5818934616338391,0.6795224398059891
40.15541986057869,-0.687614342156696,-0.040345142561392655,0.7820057212186771
20.361108736122645,-0.4440342194967247,-0.476218182059465,0.914751167352671
72.20630654092854,0.8422804873172061,0.4087477858586157,1.4716982305940545
32.52800145858702,-0.30655126940016986,0.7701033385139644,1.1912919944884188
47.345466660862385,-0.9003857497870796,-0.5884956428793913,0.9169080103786525
43.57062737410318,-0.02007003112587258,-0.10294258460710626,1.0960004927661973
56.433744015073515,0.8551108093207624,-0.6833259318805951,0.5458571302231607
63.9121254729957,0.8434785255932977,-0.7362916628278497,0.6672954584191607
54.18443699374009,-0.8301743219396313,0.28118175500928566,1.041465897425279
41.84253662305453,-0.8424437773503008,-0.45132230035930143,1.3136679737893278
48.4422853188551,-0.21397027746589548,0.2859873461535707,0.9173537208816183
26.41922051114596,-0.8418528959369751,-0.9126455067708134,1.3891933960653784
8.683680961932168,-0.6140011722531984,0.8891207132109955,0.8536404897146499
68.04622499400094,0.5325323857767286,-0.9631494355140203,1.36426724938346
82.47004698642321,-0.09076151847479996,-0.7297867936687749,1.2407312851070529
28.42591735627146,-0.3766539335317701,-0.8600782965902147,1.2343778425237861
32.245779079089736,0.7952499829892541,-0.2503113677306922,1.3790421768036414
20.739170078389456,0.09448584672992322,-0.39736468017603277,0.6502650846402882
86.90110631118098,0.243194407980051,-0.5971062244257854,0.6800612492867979
87.55224641490759,0.00633524719961609,0.6882369445519061,1.3964146007277856
62.77455815470181,0.3307516581897634,-0.8168789962778351,1.1452885130240742
91.15867689822691,0.2551414404235559,0.9964116651199766,0.7636099993531946
29.361103556579927,0.5447971998594643,0.6376727278392929,1.4811519036758662
26.438851648541515,0.8499286769797139,0.10093064271778251,0.5844979982998684
93.37717514547553,-0.7927259742344996,0.6607604359499555,1.0535444283560522
42.678068244068285,0.08045400348974163,-0.319911409038651,1.0755570347952186
46.365539183365755,-0.2734337485093167,0.9829169886003684,1.0434095525040146
39.15526680893114,-0.08274793953210957,0.18903949518939012,0.8717730292045895
37.24899395790903,0.47142805008897226,0.965037979672954,1.0871850088740782
46.94000498593972,0.43594316612968464,-0.9420356337576077,1.4629368989471234
22.93828732777643,0.29619654947829965,-0.7831015311253503,0.7529114734138629
17.45029648803806,-0.45948785250647095,0.9292811687723752,1.4559279532266567
21.764431105887606,0.5188296049487262,0.19993523129217672,0.8130937665136413
37.6055812707712,-0.7035395379417415,-0.3812904811263448,0.8816257027391523
51.17150744370511,-0.840993682609912,-0.8384186102361216,1.424154758670908
31.654602598861093,0.5221024808750607,-0.19243657612643317,0.7806134112176045
50.27886962182111,-0.04164536093412019,-0.7931705801968392,0.8857558682059803
25.35212071374236,-0.8383752702349493,0.46653491612170206,1.4332308395869169
86.15647345375581,0.07674940335843417,-0.9442927463315076,1.086530495801974
75.51948844238035,0.4584238744924958,0.3479514233400909,0.89587383578394
38.69554137760422,-0.7458687285378408,-0.2972884983590458,1.0985305313517464
68.81498889411571,-0.10819016898921574,0.8387331178708974,0.6101848465114312
5.339429610246064,-0.7177415585549305,0.49029630391662304,0.5543876945626972
61.08271084864173,-0.5304556050073403,-0.12850137387989824,1.102320251883547
89.7245353189309,0.32993928374019954,0.6016942564908552,1.2466515756660879
94.13818743230281,-0.35189010911748253,0.1437603878598821,1.172751169299846
94.69955673004912,0.3200782564222129,-0.5956756127924947,0.9494385715178102
60.28574481478019,0.6478592889157255,0.4066001809408235,0.6227354990805508
15.980372439902387,0.6540849270076903,0.4156559465562377,0.7761018201727656
74.59731455070369,0.5027610259240154,0.6084691788781498,0.6147872191789577
24.05227796163365,-0.8558039199758448,-0.032388307712007625,1.226329921813412
58.751415382411174,0.1200128239678917,0.41507275552241274,0.7825255512764626
22.17058871980787,-0.23124845030978625,-0.10404954872688066,0.5068001055572076
19.775687227730508,0.8166430228872659,-0.6285008366401669,0.9385004856481267
18.962697682899105,-0.6659239017762837,0.8803454252439658,1.3309297416898875
72.75927616846222,0.7140623057210338,0.884168320303385,0.8089279910014144
38.972250190596355,0.6868999455539537,-0.5678784596285353,0.7920105226658007
54.82639947550053,0.24940091339934822,-0.40292989240950783,1.0860333096795314
6.60396022724984,0.34320351782769376,-0.16042688895934576,0.8742108478075181
4.231329460171946,0.1476933397655209,-0.5900688965876864,0.8115520388245967
73.49683509792962,0.8677561007163679,-0.07174122691182627,0.9136542004287547
0.7510137033628852,-0.9980872099592956,0.08221868490053219,0.896503156410972
56.992964489518805,-0.5570664638285858,0.37828793305449193,1.0373083518985848
43.615433455134664,-0.8704595370141186,-0.3131733821750413,0.9967128621668937
27.278892216777567,0.5378585905875455,0.9270298543596898,0.9509655475638695
14.134648210764226,0.9940740602651708,-0.004660777588160747,1.2259995836286675
83.45946459946319,0.871403054204932,0.5091542085258332,1.1714019294670246
44.26448011388868,-0.3184415503570258,-0.5237998260817329,0.5609740081557881
54.294463224002875,-0.39426728391937726,-0.9315225244821393,1.4938660123022394
35.71126374416157,-0.9647281027053899,0.4472793591987738,1.0441792736202662
45.70681967618421,0.012015369758198169,0.3195287920947183,0.9416377412790315
19.66032153328018,0.46895068878510093,-0.5894430667313404,1.25129327210794
56.64448089413467,-0.6480530406046898,0.3510123370829157,1.3250628392842274
4.362665840605556,0.7953724750205402,0.9050524934990098,0.5539633867013235
76.69356236430947,-0.21613086576334706,-0.3205904119065337,0.6203582931411753
38.748131402710825,-0.5202014758321778,0.5721704898994375,1.3398389267641524
70.98576917594664,-0.6904308893979145,-0.47245903258755406,0.6093991215599389
95.67993184849504,0.14118588556462863,-0.9539562361374566,0.9139627261601508
6.933666348969875,0.7931442464664709,0.959507362364624,1.3246882875951695
40.67204681182711,-0.6262848259840366,0.7765796563115412,0.5646779349219522
58.79113635214688,-0.7626071772402963,0.07462375036237345,1.3070973648962287
14.073392079403044,0.5352003624984463,0.14267266845088855,0.8343651210325682
88.69407173929416,0.12532571391946012,-0.04911515882797979,1.2696394822342034
51.35512759811017,0.9078102464464122,-0.004847240249204021,0.9729410150106386
5.020531787473052,-0.35940636212180754,-0.006560074990909048,1.3296375045984967
90.76222060043591,-0.15544978257104636,0.6549432014396577,0.6461883607219381
7.663260534502912,-0.08595864174558121,0.7101272929150328,1.1700209625022682
70.93912699083012,-0.7975376942747157,-0.06203198042868896,1.3844853943839766
24.835000128260774,-0.2546072487273576,-0.9581914072329525,0.5231886424585741
61.42160714773857,0.8565755767333358,-0.48927237622490893,1.4975536500796442
82.59505709628023,-0.4687329643920394,0.2828586694567321,1.3243656471738616
73.3729940349447,0.13250069409014875,0.07171171999972126,1.2606870205132976
39.45822191467466,-0.8117353103686173,-0.7309656375430384,1.3526112088891766
92.50711238074214,-0.7338762787444492,0.5829526643379086,0.6209661976692035
43.93051071290922,-0.1707772955550737,-0.8321729920360325,0.5574173782361245
20.457497487004783,0.045583238457342024,0.5400662636331208,0.52158170148556
21.24078305045031,0.9968808774298585,0.9318186932491086,1.0097692303738772
21.053054591797355,-0.8257920667934253,-0.922489442308533,0.549698870876393
79.58582128638791,0.9897935692876048,0.16204500603424776,1.1820985668431727
2.0892915463686514,0.497386620879108,-0.5625102887740812,1.4155179431121763
53.090530559921376,-0.9122868805607639,-0.8146942100416494,1.4966907083646994
95.73117543522905,0.7523989590449485,-0.2282330570952954,1.430425324075643
75.04411541411768,0.5803101924762051,0.6653511382108033,1.3915498658475718
60.06622768162278,-0.4389634041678776,0.8039345147229202,0.8164456280308277
43.06381347101792,-0.27803819261388096,0.6276553315429967,1.0833527985075335
17.506321842301464,0.05669977677272575,0.7424670243758902,0.7116925158518481
3.264115002834076,0.687740378119613,-0.5030623515006681,1.233472078389227
29.865058317971982,0.41207781004458544,0.47452675132578914,1.1356476381294747
37.17740890422505,-0.033692456350561284,-0.981646824393717,1.2507939579664573
52.135268702360094,-0.796470777213103,-0.9496715485620972,1.304622340875369
10.3724659260277,0.8812420432189574,0.7475970027526528,1.0982285964352432
25.378765927654868,-0.6708540622929919,0.8435614354707528,1.0438926398040893
22.204190789154282,0.18808251841521972,-0.672591077292803,0.5148841764536624
84.31063428195512,0.12733129580313385,0.1789602470240832,1.4503937442129138
28.02454460657074,0.2604077966991678,0.12040847384494047,1.2521630497659582
73.87070949310774,-0.6818566594769015,-0.677337457845318,1.437889361268578
18.26079191658972,0.27182511134080345,0.9046657679459611,1.1681364285077884
36.267787852877916,-0.9501036648613624,0.29168688129628007,1.1846525429585344
7.973707891383844,-0.04128462205467254,0.3629864744227982,1.4997919787563934
42.04108228943913,0.42909544351038686,0.29393150953686287,1.0295157951197382
24.86990303369163,-0.9764022875617063,-0.40616752231679776,0.7615001646545145
13.822196072519578,-0.9379220462516915,0.48172925869259986,0.832989289698759
70.93298586363305,-0.5905488966107457,-0.1683041609560193,0.7101398495069562
34.60687977154036,-0.5423312683789143,-0.8879649964650873,1.4715143468182639
14.35740747947564,0.5238410404595848,0.9241762702587923,0.6225004614373492
2.996872444920351,-0.3804409902180501,0.43348025919248023,0.7994568748987079
80.56692145747904,-0.04608766543151466,-0.8552796425690551,0.941947913893703
4.304571452381719,-0.39112714805866133,0.08608073426902396,1.131797622385898
60.73065674052769,0.8485583438721918,-0.6597304383102334,1.2640677482212808
15.229373885759559,-0.33711566545974536,0.8094185185578504,0.7411247173757041
18.38177128120272,-0.516650557020179,-0.1873057886695242,0.712265157772307
73.13960945037921,0.9595138721887417,-0.8016109877049324,0.9764811763536437
98.37352358184967,0.7877792430181687,-0.9274871317144986,0.5796834365764252
40.39305887155487,-0.6252031289185882,0.972819168070119,1.1486735187424886
67.6726178496735,0.22274098905361184,0.38160746246519395,0.9804273758353625
97.48041392497827,0.2627692372758663,0.8030908575745486,1.3530235372254928
59.09510620352159,-0.5041392327662291,0.696680977014233,1.1040292298977028
98.57861959529053,-0.3817956544516956,-0.3818763468742937,1.0711076750000696
62.69733191090411,-0.10139003048333961,-0.40149880975080265,1.077273313791144
21.846072418697275,-0.8536692187217201,-0.4624766254931282,0.5558884894198843
79.89333805636514,-0.539919357454004,-0.4086965966266871,1.1074637790202946
66.96327679268165,-0.9306351158481613,-0.5350904350452969,1.4994044119047985
27.9298655681383,-0.42662233719580456,0.8809863718832209,1.0428468453616724
82.76369794885005,0.19693772305384005,-0.038667903049576124,1.2912758457409694
57.69374030235442,-0.7896753390662541,-0.1085775513290218,1.3661416768685388
2.0424057955007977,0.5862533478007264,-0.4847599094625732,0.8930530884624733
28.305990212139235,0.39985772005028264,-0.08874799938108469,1.1542295932395195
44.91029823785036,0.24732087863335983,0.17767707683160983,1.4005376888007355
59.634879611979784,-0.35546113726620976,0.8120426782267651,1.3460150241764324
58.06871233447981,-0.8811521309848719,0.4874326615952096,1.405726756694492
39.18571499871961,0.21402008158119723,-0.9331575298536414,0.8558731107203053
70.05229567062197,-0.4794737789500345,-0.35046106250278486,1.3574383700573711
75.43467978192398,-0.18845673086279535,0.5125709604070898,0.5176846794660327
77.34116839048404,0.9962205624639915,-0.7648993921316549,0.9322300306452631
4.969257285581324,0.921508166796188,0.4176802202257708,1.0203079938565671
42.8198683061219,-0.8092260577427028,-0.9984197007138093,1.4860604660326593
72.01288016946565,-0.20769091381703608,-0.35957833967409436,1.10569792112881
23.99856918380362,0.6503313817656386,0.1821075200151765,1.2242756046094008
45.842623309074646,0.07796584907631954,0.15370836671378862,0.5186864795569315
13.902480541762582,0.6141632411624165,0.9448593245683266,1.1054486882087158
6.13521009011395,-0.730609130203987,0.10785918028932917,0.9776716402833143
99.14737009767319,0.6560547469356355,-0.5588401662875517,1.4032685803164746
58.02422875915823,-0.887074437689745,0.514555909325316,0.9188258442169281
25.06274154281929,-0.8204531039016872,0.36339500654087464,1.0214800937595556
78.43324481312682,0.984331287639232,-0.18509629750221168,0.7523364062591225
59.89819573116174,0.03378102798334037,-0.9914881196195959,0.9628963799398043
44.03809969594128,0.5173798225077744,-0.037865858125928464,0.605494415757902
3.300987347642412,-0.9285890747370916,0.3000094014602328,0.6384490274644645
42.947302604733665,0.981113770749473,-0.9895494320229985,1.3007701494841184
50.2218110530661,-0.6990940120292006,-0.09238944914062253,0.6537910801708968
78.72091021129954,-0.4965727970889715,-0.64689995536353,0.7996893326294301
93.86979018581812,-0.5737224306384163,0.7501183444845698,0.6193356506775964
61.56079081942154,0.40377044024368813,-0.3528613391075913,1.3426047528537053
98.01903188941709,0.09848481283750288,0.7325619793013365,1.4412671355337325
13.325074808053463,-0.25074283360010907,0.7747560139853964,1.2851400400418762
75.1339438447374,0.9744261952240183,-0.5480237210509995,0.8706855722903606
89.0321098845838,-0.41196321059596097,-0.22704239991189357,1.1204737262032998
11.501566505189844,-0.7601418621132936,-0.8577991825472653,1.0409159850153782
20.281946491223874,-0.868945851780989,-0.6989369376130259,1.0048304277512423
64.38266119912093,-0.7212563936840795,0.9870547348133778,0.602135106861562
84.72932587447592,-0.47757842051196164,0.9846873118357515,1.2456067849865664
87.15640146580273,0.6691630723243667,-0.3999376348844582,1.402710256150538
49.713413553390644,0.3198763512358356,-0.7951834696915433,1.1612245288364387
68.22696117027348,0.1734179307335948,0.06106942918126901,1.2553362781709052
52.32563107344519,-0.9372407366432898,0.7269380043321629,1.4572076764025759
68.09737028968499,-0.4730950214467987,0.025174122471519844,0.6312997297730032
28.083063685296533,-0.3413368287555659,-0.32826553373255496,1.0510475584837438
6.118076413814643,-0.71384381299638,0.8943222302529819,1.4038978437011447
94.44638569757299,-0.9042743432434726,0.5154938392431152,0.8703765120136189
0.616031642286971,-0.607667062433379,-0.7115203366044263,1.3034630587103426
14.051572616759621,-0.9689022934293504,0.9928246933431883,1.4047277803655862
9.691884402990471,-0.9213933219793045,-0.55416026004052,1.2434746127110747
15.853765390601444,-0.9421880681687416,-0.08037796161014721,0.5627200482175289
60.972407483416426,0.42059345595863573,-0.6889690225651395,0.6249319896178562
57.92890507373238,0.6985090048416811,-0.11402565565346501,0.9241861448722173
39.78294580069675,-0.9819759285914371,-0.6686106392860858,1.21510463976889
93.52828716843989,-0.3164222957123918,-0.38364832998061793,0.6067595064224284
51.70226697872506,-0.017180352722911407,0.2927069187425475,0.5089277490784645
33.0896356474292,-0.5859410178054424,-0.047257664912941255,1.19493264423794
7.961973994063806,-0.5977047735946175,0.47523842102969716,0.8192940975136894
59.430456664662955,0.09867165827461233,0.12295774484307165,1.0844493754891844
51.98558765514196,-0.0698262274728263,-0.33680112636881354,1.1862221730162623
6.98952041648902,-0.965512971830329,-0.6663624837300597,1.389570507589634
80.614596562394,0.045088593336002125,-0.9142317277949221,0.625404064122578
91.2391494285975,-0.18079246456976383,0.7373547962198621,1.2428939696146895
30.94051857020379,0.05409138292439586,0.9658472729830718,0.6469138084919961
27.173888752427338,-0.48046028412803854,-0.31357022958496295,0.9699790654719793
21.930802260478156,0.6992955958839764,0.9811336641797006,1.3772410617589048
57.216814907516714,-0.9797373969039996,-0.43080250592651004,0.7815430175050804
53.90297373511276,-0.9307683752558571,0.9102934270400029,0.7769186868355002
6.267045040352123,0.9011670877165499,0.25858244835657307,1.0151273056193317
44.807936865039096,-0.9026125864387464,0.5715336513506035,1.2032351322322685
98.73984879022973,-0.10761972751290982,0.2891631944264754,1.3624715517231956
71.71376264581839,-0.9917248660736113,0.4085686009427021,1.379828920637003
61.60431636277174,-0.3454820127497211,0.08405544445845603,1.4045234898638863
60.88574767834418,-0.17325968591205387,0.6553559232868573,0.8146993182368905
61.00557043453983,-0.6015133994623071,-0.1248991011862437,1.1521178644907075
41.87722257532176,-0.7905636467789198,0.000396734357346995,1.0076122575897588
11.296168836314118,0.6027320615395195,-0.08563376336748707,1.2205926564638205
2.530671280397425,-0.43518946938624936,-0.4846086996345046,0.9229382800285775
50.572403584424976,-0.8338380508644021,-0.8994835113803389,1.0226602953862238
64.90513325775845,0.727528475713562,-0.9578626690514948,1.067396859516109
53.94616315143291,0.8620541944811846,-0.039971049680326054,1.496247149054152
69.21796768957626,0.15510285996908868,-0.5867755105943038,0.6954908574444254
61.15280626235774,-0.18444506598348198,0.4313478107437725,1.0471760658684603
52.53038495472282,-0.11778386272660724,0.5173881149155546,0.5337011591106163
56.31320394503465,0.6765519231683832,0.5085480000573364,1.259988889113325
7.266789407990915,-0.9675798027829909,-0.5609504316013705,1.153736663953836
31.19550508416805,-0.6912503005803157,0.14637220579748456,0.7902592100419803
53.22986619023212,0.2460455542108384,-0.6898050527015342,1.2147040933921522
40.927519650366946,-0.09497367032712556,-0.905815623358022,0.8845523414385448
26.00126596573303,0.20234457474990086,-0.7424955008809513,0.5345091968718443
56.799603688342984,-0.6918745260074234,-0.20448083664674144,1.3197632158071793
70.77483411442614,-0.46941910121462405,-0.19866806056329722,0.9064990541775431
31.040016075983374,0.28557721510022427,-0.24685244108719262,0.6179014454128691
97.68756191329479,-0.31734923263553527,0.850507967247089,0.6822810054584767
82.618294725712,-0.6718090509376298,-0.21578768791241354,0.9249959452477772
97.88066764505456,-0.5085378504052046,0.5838599252377605,0.6531479455876809
92.65051247550541,0.14871016333527765,0.8857128415115143,0.6640121327510259
74.03131314298977,0.2587804379394656,-0.6499427614645626,1.3168529640194104
24.323790835385523,0.0799616458411816,0.08491852363706154,1.0773836601847901
75.22335791165425,0.5764140092225523,0.07084652977777028,1.065244841459085
39.91246694285287,0.16505342339875084,-0.5474851612602813,0.8779508586511652
0.49247804212038127,-0.5595405779767286,0.11288221787674857,0.7276262731070942
21.34805305683552,-0.6122835012740557,-0.09183255405385593,1.0262754899217792
98.84988512117023,-0.37245105766262876,0.7974374433657736,0.8531682264815798
17.58911297919069,0.08924243373986251,0.2663117740919636,0.6185680308719466
75.37192964962014,0.1400078604799988,-0.016266361647285787,0.7831413403163276
60.354502142043756,-0.8044201607594904,0.7116506340813102,1.1046034059986947
84.9446005896071,0.173013518555851,-0.1476261276422942,0.5785546012752019
5.756552111137795,0.0532390030453862,-0.6692115415922052,1.0115079025410016
77.77501525754494,-0.8051227407175705,0.116760058265444,1.2513972930263424
32.38988923266833,0.12098876372000866,0.5261651433824754,1.2843816764266796
70.71807342335798,0.4813166411181804,-0.11623738346439583,0.623757582554901
72.9208919236396,0.85693910530993,0.35472006360128794,0.54623664331401
24.66313411144346,-0.5036085301004279,0.775756372176196,1.2328895197324854
25.500076935656768,0.7167601161458381,-0.5394644540381772,1.1410333609712437
36.42301656604478,-0.3005420786965807,0.6536645302699509,0.6798573932183319
32.28421169920019,-0.22017647130293438,-0.5511301064421068,1.1569026768824178
77.68350195799165,-0.8884786682543213,0.8382310901958208,0.7305342308841537
23.50379310598269,-0.14065960848550063,0.9167453573654838,1.2539988878501651
23.061255978372664,-0.11303353514378012,0.3927511469428888,0.7536006766704026
1.6663807088782283,0.6097453250034033,-0.34875769438040116,0.9841662571182946
55.37250896944823,0.2097515067374125,0.7985834230399194,1.414433400505782
60.37048678747864,0.8576616799810821,-0.6616226446546654,0.868085443999372
85.39638590925256,0.2573356770183146,0.6102546260271327,1.4185126907883465
11.90776848778708,0.5973050515369884,-0.21451670117830735,1.432945046281695
22.41685660555065,-0.39004917785044346,-0.38831488647142953,0.5356186131274124
58.54408214846919,0.12776691437909005,-0.24756942145640382,1.3408430660632717
3.1096963546919323,-0.0799546145818949,0.2089663179476886,1.116052868761995
29.533211956363026,-0.27560402288274044,-0.38242123132666783,0.580630661139113
90.68123863010466,0.9870839047450592,-0.7869730749710847,0.6436098547449308
3.7867576136994567,-0.16733425037640437,-0.5663948527871163,0.6579549898689734
77.37881746999012,-0.978467439822327,0.8405426204588913,1.399584232033581
1.465301865300918,0.7553129755756791,0.11600637070889697,0.5482669957529953
96.68098083875213,0.02823278402082785,0.3789013025700372,1.1109318840283988
77.93328053785723,0.6448004423171978,0.29514110369734725,0.5220665224198485
56.42055539370031,0.7805990523137731,0.3383584439204361,0.9844665663443295
6.775859528175049,0.37997896351399474,-0.42891275493261904,0.6221512715399218
38.78813652407482,0.8765136947729564,0.19386907384593477,0.5136854800264498
65.33812722651015,-0.05489020844568615,-0.3605631306555288,1.2692896127610482
39.87950573013977,0.01878023357232017,-0.057391459146418744,0.9707655681069174
36.6259372153127,-0.6755794370610991,-0.845211030383115,0.7250260287974034
59.901591806837864,-0.09145532256547295,0.2079532848609702,0.5295423762332659
50.01249082259751,-0.7084173140638723,0.3766870560868407,0.6792439299781242
39.709699999889345,-0.16955300348310764,0.9679298379553731,0.8674359820261077
8.513318762202768,-0.48713034951655565,-0.5247131750856118,1.4710434982437848
4.620309982417835,0.311157567074303,0.5367333813827693,0.5641483193147279
75.66293999708242,-0.032949889603146265,0.8962908465265187,0.7347526458300577
1.5372548935896286,0.11489859109986567,-0.7333934093866965,1.4198942595495547
36.71166992977349,-0.6496469502749326,0.25076230683677037,1.3977956121682407
40.827625575975645,-0.4336521129767986,-0.6169449022400215,0.5122983575174115
32.77882312030215,0.3252190153137613,0.8152983238947027,0.8063985366389703
6.695001208148006,-0.019431497462185865,-0.786635420624872,0.7782058895049812
80.0574082216276,0.9476872705315329,-0.580700227505327,0.5699088381551207
0.045681379296416684,0.014862192004207575,0.5199497127422152,1.1179411837849291
70.63662501023067,-0.360548497924538,-0.8555258915172756,1.4777721270509812
51.84634894707089,-0.5891533205863664,0.05660552690416254,1.2958085627089753
26.275336275022543,-0.8963432388763284,-0.23029787024380477,1.1133127479969394
9.138849437727844,-0.5997021663227894,-0.1323883981113425,1.2201651244441956
81.51264011901824,-0.6435281197179656,0.7247498637851812,1.3985887620270598
33.23435559612765,-0.38565006899333376,-0.02285102226680691,0.6976095799048447
60.63096548202868,0.5259383792727845,0.6380321876898749,0.5172123616725341
26.73375669585524,0.15023210528817477,-0.623889479877756,0.9980374017345668
95.1765454518044,0.2562634971190809,0.1644196788816743,1.2602396877992805
95.00208134106074,0.6246325899446614,-0.5951088075916875,0.5018690021923493
37.27359146019389,0.2915231912323011,0.3235563209208616,1.3745682066607297
49.298595238769146,-0.8889711053181242,-0.7760938122067818,1.4837012566696255
73.30107852071481,0.7215650008058592,-0.41566638237356,1.000100209775678
14.729735970750928,0.11686367461218428,-0.5157630957911555,1.3342543125689552
93.17814699738109,0.4080257644047396,-0.7340447959295693,1.3374771314595504
21.41411416378781,0.7978928758917181,-0.702522930180921,0.5091292482909909
28.66163212950032,0.7233694035376605,0.1305562399388569,0.9821379248465527
68.78715054331246,-0.013437570768398022,0.9759682456571024,1.0630999280858906
85.73316924504122,0.6534877656076967,-0.5276488794721232,1.2217880396717096
38.394364704401866,-0.7857287663656822,0.7893774727875889,0.8255873766183788
29.14288952145248,0.053406018736483096,0.10399049926570658,1.2773158571667245
74.36744865216262,0.8016391272747132,-0.2293577374476038,0.8314033458191271
38.22284796470037,0.8987790328856557,0.9534958352879912,0.5614251661238235
42.773408586934295,0.8667179555640248,0.5586318678521089,0.8363595795012964
70.4894146688106,-0.6678808479347789,0.158122737198936,0.7701251054744296
9.504852377996222,0.6735073969137138,-0.4961254286486704,0.6623704771368722
11.339983159294466,0.9094910589540226,0.6751516394326784,1.0642447341685615
59.53546337590028,-0.18682321290203674,-0.3543831984173622,0.5591209026870321
53.14462784823329,-0.46715058384866626,-0.3105757981370657,0.923159849927548
54.22990589362446,0.8971946347121114,-0.26520383266355096,0.5975814095814851
40.35325508234946,-0.3771904142765712,0.7259242377093966,0.8794594243422155
64.07741721415222,-0.9681216827611164,0.351376813088385,0.7571108792039618
74.78305480206794,0.6950424940615325,-0.4254321584948556,0.5024806035466913
42.56968827342525,0.23736417619248273,0.7285858699886918,1.2157632376378078
28.226915406596465,0.7482238773210714,-0.7592647939766171,1.347816566487633
99.34066449333977,0.6431615833101774,-0.7582069932582738,0.9848850606488957
56.500500614659224,0.36873582004292116,-0.2611630464372593,1.4141307956152958
21.8716902475714,0.12198176291274043,-0.8413994385181403,1.1555194954338939
32.46710115133967,-0.028493789367396105,0.2504623178614871,0.8193909281534321
89.56666459571116,-0.24135455709518527,-0.5688567390244936,0.6664118609620318
60.48849806542969,0.853307347033716,0.5210062450760464,1.362174823006968
19.16321821116021,-0.8498603897265139,0.0322736504908232,0.8652198977109002
7.669745159348166,0.5548173832991206,0.978566650533941,0.7087873654276309
38.532299650987575,-0.30301883031535604,0.5947098279753169,1.4782100433601955
20.20515599366552,-0.2817354662037779,0.09787108064601191,1.034386101394742
60.5211137179839,-0.5949710345075412,0.5748059143065871,1.306951681462038
61.82739352181892,0.3846628169092867,-0.2547533673753324,0.6143405182491252
55.52351082491669,0.4819874048250985,0.16626372512240817,1.3355675274678465
24.900436965404353,-0.41387930604724743,0.057573039143237414,0.7797434269679233
41.76780229137894,-0.9061056560279601,-0.5997420598201895,0.7231154195661436
80.87561417608252,0.8749125329262466,0.7054037215698308,1.1675433127889692
48.96417473009738,-0.6241964834633362,-0.17592879907225156,0.9128407990855837
21.097584215359177,-0.12107010747520253,0.6171268778959591,1.3913028978922706
32.436863429730145,0.8376053503127874,0.7557018182702404,1.2124681481478827
25.308784116177524,0.6557987317957747,0.45802230887038453,0.9184335182187224
5.23660431020704,0.5212468494222331,-0.4649066668125075,0.703376283467015
96.46724858106016,-0.09465529881102652,-0.6053043222817714,1.121661883042964
74.32532864133408,-0.7449130688683079,-0.2828255048508995,0.9036818587325259
35.56008945523562,-0.029279607679053243,0.23541904236509148,0.5985568616996458
63.30750975076976,-0.3097114943006941,-0.9205640873663472,1.2330934031705332
12.14493420149208,0.7897347667182704,-0.9601414507183856,1.197241136346118
50.358727814568425,-0.0684290051197336,0.8078873677798906,0.8585344163442037
84.17748075328652,0.214861556035703,-0.46036289222604276,1.006882553627638
19.961892823206377,-0.6384332005490524,-0.04813629502431982,1.0728649843864813
28.172219163897665,-0.5365259490548978,0.6332012268461185,0.6836881115650228
61.47376453531586,0.9806524149183791,0.1321877769065518,1.3064041674056814
59.98559483657569,0.3034511205979298,-0.8000901069909989,0.6112140889109265
71.22075191543202,-0.7784619790455296,0.5310930649275354,0.6662268132522844
73.50317338437026,0.8353874582523055,-0.10598640419249261,0.5703338880952132
11.67846346805898,0.5200892859642354,-0.32658945874033807,0.6761198274345777
4.8830908173406185,0.04708673637628036,-0.08735053547040494,0.925390790307431
70.74935101707015,-0.38841381005649533,0.3075808781627911,0.9916359997719637
75.90037393528084,0.3328871346105844,-0.20112330296569492,0.8659675593646434
28.34177858061756,0.30284414350380207,0.8543260034722684,1.2022039585396498
90.13775312256455,0.7242742820839319,0.23840103872404828,1.0879102564623095
83.61203964719232,-0.7295046113316386,-0.370673786702293,1.1749939026043306
98.72322973502975,-0.10444080995393434,-0.29882214560608444,1.1594642525408374
2.6593976898838765,0.11433235413590315,-0.29753899597897526,1.0814879092986598
11.959315117033192,-0.8582461826970077,0.18353260440056784,0.7001674213599993
54.02006358220417,-0.004520118344798929,0.5757002436372158,1.041951618311764
37.883561891191924,-0.8471570800598104,0.8330862223432922,1.3835058084439542
23.407602026681783,0.04382880161030811,0.8487633725700192,1.022911318980091
67.6184436798748,-0.7842799599201943,-0.9308601921194649,0.9984026057859583
55.64515145179002,0.9443104856683084,-0.8281606388271076,1.3678601697311645
34.539531022394506,-0.4328393527979769,-0.05568205685512129,1.3602626420275015
49.118005697972784,-0.41028063493949773,-0.26848636843044926,1.2479838673135273
12.806783474314734,-0.2602413197414529,0.535496257505685,0.7219025724093616
48.48871548302874,-0.5232495965387345,-0.5057304645424898,0.6742066618242484
38.149720269151544,0.960418007502825,0.05194132983340727,1.239868779326574
86.04523696170557,-0.20204310982933915,0.1240841451418726,1.428235667745859
72.7046414748587,0.3289860042923769,0.8567293727420437,1.4450401025910282
79.38776754031053,-0.8676537103569955,-0.2025454359450678,1.427917432782376
28.744142721344275,0.8470689436997973,-0.07278494097665,0.5531898061668558
45.89313689467583,-0.4482285738929348,0.21043064915341558,0.8783756848436404
86.20196903231879,0.7017280211183761,-0.16420729108668386,1.103619672328131
9.316847711868038,-0.18988892918323608,-0.8440525102500693,1.1399622450432378
60.78548582441768,0.8884608686710767,-0.43351910243503744,0.9713876023279955
69.78504017370805,0.8465322053427413,-0.2409662237323652,1.226875812125537
20.159891796831577,0.27801194856172007,0.21848000512416133,0.6546418616382854
15.289358298694827,0.3638016612825583,-0.15510456387065974,1.3605282949930693
17.19998489255224,-0.4748258610983427,-0.0015660988771388773,1.3876616495618204
51.367653690332794,-0.5292601167597186,-0.45772904702519523,0.8013907309895524
74.45173946152468,-0.5937139418542992,0.3292070277552037,1.4124313655669143
81.77436525316531,0.48240041158140023,0.9254631176538568,0.688794852148608
67.81369790865898,-0.629306576377203,-0.9267530081772064,1.2929113858818813
9.753259238116394,-0.7577508571754832,0.3320031631497893,0.7481341358335717
66.2930590995795,0.08088972514319637,-0.29228586205487816,0.6693227636510485
38.88868707487511,0.709780555517161,-0.2151179033053937,1.0898853327730196
37.8489814530781,-0.11489369512423175,0.7163943449640291,0.5467681139581893
43.398136342679464,-0.6811069340822404,-0.6845784730780693,0.8325156259912119
12.3080756866564,-0.40221015111635383,0.3397820529622573,0.5535244916226241
11.796568828920396,-0.6928761021522989,-0.6036231283655114,0.646358554590285
65.65594318767971,0.6458329095196693,-0.8893437910419283,1.3040509010062684
64.86879961883201,-0.25957359608631414,-0.5307590275748184,1.4164615805665224
79.83487259770769,-0.5828993019634672,0.6603727961557182,0.9772680430523748
7.187218413712486,-0.625774939805196,-0.7739659828822325,0.8812640834676028
89.7598269976421,0.7847320099607535,0.7342646462966405,1.3858232725137445
51.29647920641537,0.19877456589431985,-0.2661049154578944,0.6403147201895594
76.07935094815629,-0.7877813921962535,0.4646272214703844,0.5500769576449475
51.48841567693926,0.7035798085060163,-0.16969915545459768,1.2116262435121836
3.916054873939224,-0.8394597280975795,0.5559572433312818,0.8163066634203548
48.99606218736714,0.38565433344357936,-0.3861380465153844,0.6566009837491411
25.083260237441124,0.6018317300325462,0.3991675402345165,0.7683585706427056
6.330796541365298,0.45020337599252946,-0.21806289966367842,0.7647298078740423
52.73255561490996,0.485418034936286,-0.48364314840547296,1.4728049440060627
19.44088645558516,0.011463585823646483,-0.5518554783632742,0.9836304415507168
48.34742024818868,0.5903782915112079,-0.6290929093566677,1.4643976824822214
71.55908372599806,0.17036387289101795,-0.5822430512427126,0.8037909070942819
41.943748117670374,0.38998543688678766,-0.03460139791966943,1.3327477932144391
98.5367647089089,-0.36552685867346,-0.7347522989373736,0.8235122209315738
43.16876232275572,-0.9238450713636872,-0.17360537570509993,0.6856950278437743
55.431327745046,-0.7726914667698097,0.7306095162187922,1.307497384900189
54.572047590271,-0.05753925980274022,0.09929154004087692,1.3171768969758795
26.860712242875135,-0.6723715131052336,-0.7320391709072849,1.4256657646711002
89.46813756015392,0.6111286879378053,0.774497757124424,1.3147239032539209
1.9344717583445117,0.42266835643047274,-0.52260152486845,0.9285139039083068
73.08273742506603,-0.4473305283322816,0.9560995579086236,0.5181134718253204
61.24403668460919,0.8779844133361023,0.6451814211824756,1.0398220750169969
52.8218985562646,-0.36734256515150254,-0.582852688377913,1.1218309737086547
88.95354604582299,-0.9097299375984456,-0.636149186302534,0.9850158045020547
95.63047511207812,0.5288619324248014,0.26850548326999757,0.5446883331611997
41.42301651986629,-0.05371508011362247,-0.311900706367516,1.2696885287367634
98.07967426070513,-0.23769460941034726,-0.07106178825598519,0.7928908124326829
84.04926479502365,-0.7613620334582836,-0.8752165874477762,0.8697423501979732
97.20889478019255,0.3594460138492761,0.3064457827348879,1.2744030909723996
28.718818518856587,0.11932446822890097,0.14982591215452934,1.3650404506274882
15.761663053744318,0.7310965415648989,-0.9432655721499889,1.461565602124465
21.380981107149285,0.4316366029420582,0.717482807158615,1.257221936429211
87.65248036046793,0.23670230076488052,0.6228555560516795,0.9325660143132068
22.902798725530506,-0.9538915190743763,0.31029293036565075,1.1927832121999065
49.41588639137159,-0.0898593946774614,0.04014378779960204,1.1788943820567843
34.481716244008375,-0.7711499631930419,-0.8912482067081976,0.5264346796356547
26.039053675641412,0.41470509005773537,-0.07881280569634996,0.559525183989869
19.39000070893907,-0.9634175454580796,0.9126510912577559,0.8350437535414825
30.831589665160813,-0.755074816388704,0.06176998336594064,0.9091930795118544
4.652669638708697,0.07329250201461823,0.24996188606101843,1.1305261525251518
15.610088246068923,-0.4316429674117729,0.5592392730230678,1.3178722311982989
84.16225799093982,0.19104513063806872,-0.5818296875176201,1.4429498374615748
60.02520635357135,-0.5793897884459194,0.2573565973649612,0.7283142652852173
31.723280434809375,0.8102839552957617,-0.44384763452658704,0.9071971790703052
17.55996459177977,0.6578987529920262,0.19839996128475157,1.01960607155933
32.337809903469214,-0.6225075189287236,0.21710006320814856,0.8055500186356874
94.58971766492479,0.9651497455110485,0.5810556025800455,1.2634004570830433
74.26969838994968,0.7835741478773426,-0.28936432677789636,0.9569537346939556
10.41028591918191,0.6224493424152566,-0.3858784474251402,0.755823084716266
42.88370319153273,-0.23406170474593668,0.16824149535139443,1.336413702561309
86.68061971514621,0.8911323181511446,0.9311714746017148,1.330519689765687
25.69585263352249,-0.9253740673207986,0.30466362776195566,1.2074215871881027
75.82192054292909,-0.6026718868622494,-0.5193493615538458,0.7179502342260224
80.7442642605843,0.8689704378724277,-0.7817702740558969,0.768298145917367
94.08115845814588,0.24005631334737587,0.49337049211038786,1.4365898163389728
59.14225280948947,-0.673350566862835,0.876736547074803,1.0279763738566037
13.235588683425009,0.9322912155449219,0.7337575136356693,0.7924674300519969
4.388646700956483,-0.6688845532834831,0.4721855152214214,0.8578951202745664
87.67007231862249,-0.14601666970924776,0.8744754488050885,0.7019032864667092
3.764310617454173,-0.2916712928008752,-0.9182055954822745,0.5737075463062411
67.53973598166276,-0.030088062683605532,0.27073002215962605,0.9205302851696819
95.44535247589765,0.7381291219147297,0.3841978664163146,1.1797589880805555
86.0156258304586,-0.17524260389657986,-0.09326178040348476,0.8759659569150753
60.96422920938871,0.4746697740008812,-0.9325669625425032,1.2282374634999575
99.68957164345008,0.825324233283022,-0.5068328059384748,0.6313808659248302
87.45154623597669,-0.40073392094632443,-0.6415173475202636,1.3157318260629531
50.8337909500565,-0.3144868681181412,0.5615155606057471,1.0021994004912496
85.01520500797004,0.4541696074518937,0.06202854122751256,0.6987670954241337
19.847311071765635,-0.054526511691344814,0.579573028970997,0.5602504261461092
60.40409253238499,0.5840321235895172,-0.9964893632363572,1.0994518220615968
42.52971558186979,-0.1256139330393251,0.55621777030934,0.5236545703972527
62.236491524711866,0.8984487791597799,0.31657896306754196,1.246766955098439
56.83797007991668,0.18294568298772185,0.0075985046838320525,1.0504379565353166
32.1714938602972,-0.31526441200994604,-0.013260383562412104,0.774792744583745
12.745020247846552,-0.8706813763407844,-0.27743269536633575,0.5096446083333176
69.19674209245716,-0.24851260309708934,0.4499962046496342,0.650794621902538
82.2339505775946,-0.24635024929489657,0.23691561879893763,1.0576591316733555
82.85422998076159,0.33529435222727977,-0.2881237346510359,0.5580711109226257
47.4161487251272,0.4904021606529474,-0.585801306476434,0.830214737696213
16.80709776903642,0.3891938306639504,0.48725874899414245,1.0236752698860219
55.06636003345302,0.14956054822321607,0.36779037749265253,0.8831422508875575
20.573045384000267,0.8864386963458817,0.1894385277079711,0.7461441695056821
6.541082677382646,-0.7940697739955939,-0.06730460307344566,0.7254198021989061
46.196164350854765,0.4671481806845219,-0.9052337686364837,1.283204885872285
22.236739716922337,0.44916126734641937,0.215539629603553,1.114148265534605
46.773756279179125,0.41793682467211424,-0.11512374833724393,0.9785679703600016
92.70585984768533,0.9345046844576761,0.10955598139394396,1.4830876955944627
65.62171288153255,0.6496026437160154,-0.5978315165119178,1.4260228614884527
76.13177764641785,-0.5961316675186847,0.4534734909213296,0.8729575040306583
27.938664224249433,0.4326579690736849,0.4763134612940936,1.3224125826556385
9.827162228123315,0.5642204051549964,0.4192157942619503,1.24409846534556
80.26334634131726,0.03945153474776175,-0.6637998144594801,0.5760631562429678
97.5823373761677,-0.8543725083680227,-0.8864949041364192,0.8517734264210383
93.62019673607604,0.7902333108390391,0.6245601921296153,0.5044674539151036
77.60991774270005,-0.45013619335891886,-0.917485091893623,1.4267594147944598
83.691723142942,-0.9442578399866564,0.6353388001818419,1.381499420186692
60.5623818102372,0.9761289038864516,-0.6446572331553948,0.6925607893759272
26.71492362342121,-0.03172479359313696,0.3049607670667378,0.6979549525062297
46.030415618738665,0.11106596497260934,0.39359975562433736,0.7419644823446601
99.193004593456,0.9794162985744739,-0.5908802646118023,0.5625469476520352
20.169082421406202,-0.03525439940806463,-0.8133377109104983,0.5283904714270928
64.48262383744259,0.40908306086222823,-0.06764755628662922,1.4669414454295702
63.943684988095605,0.883678314676531,0.1559028616197271,0.9021151716679705
92.0600143085224,-0.33481404430730966,-0.46378514823377026,0.9639129091451528
75.85643009222503,-0.7494322931509958,0.021671761164083314,1.421236466441357
8.578168862642753,0.5593973380200463,-0.7139243218346747,0.9361431511510983
51.10218982433275,-0.45121853259601064,-0.5017947874325908,0.6913311042765444
85.29120071949158,0.38697435312363293,-0.48849874296992246,0.5075813920796973
35.69116724115536,0.3405245648719606,0.34049832509938205,1.1278993353397317
90.11439890228951,-0.708934983056202,0.20098739650092257,0.5150375138370753
23.461460987758674,0.13683203694198443,0.9492587582018586,0.7582170759842678
90.2096296107914,-0.20367443215056358,0.7472711911306482,1.301965488693325
57.058889799877356,0.5481670816275421,0.8643960533736159,1.3551563478529616
79.81875058646622,0.12664608604303695,-0.39649268021958495,0.7468341369050586
27.51975534338207,0.7771647296891033,-0.4744156317383442,1.1380794181841782
1.8670540004757379,-0.6544264774602018,0.7638578547382318,0.5847389545840131
22.799144317885062,0.44715786572739846,-0.9193474839776984,1.3728810900869077
58.184019644921214,-0.8920813379359964,0.7033719398516141,0.5710443823506732
66.14448308445888,0.6604172630105358,0.07930735037836834,1.3587042056353529
11.453540324859448,0.4013984179056118,0.36215433796357144,0.5923278341366693
24.299721217931868,-0.23316342686453828,0.6507220410722039,0.7176107118938132
89.61839157407955,0.758075896447278,0.6953223620354108,1.2589789058218204
41.664942473950504,0.1914908870823382,-0.17043570321658608,0.9046414776258462
16.33147130305913,-0.6471634358762346,0.9762011351970383,0.8060214198549586
98.83230421025424,0.572029941556194,0.47793306666734625,0.6745637668663982
44.44903984844705,0.7070685498918257,0.5034440661791828,1.4601195703445895
88.30215905772107,0.11775929465136148,-0.34150803418169895,0.9898252609532519
36.97686833062935,-0.7833729279873749,-0.7645665243224455,0.5986779668205408
77.19736860217701,-0.8002399975887324,0.06317572728529042,0.5108718337146547
83.7250988912195,-0.6746627670207952,-0.7573224278074064,0.7153432760736548
77.10859824594566,-0.6662614623209655,0.7676852940262142,1.2977864693751924
53.88992138288551,0.3810746543681729,-0.5931289783716922,1.2964346751784892
79.45680962847507,-0.7019943457545537,0.30997411462681534,1.137963599536301
74.08913431072129,-0.45556647196630096,0.17217237555744647,0.856134373556616
54.87284172873801,-0.3644789319576065,0.34517346111307057,0.9957481512861938
37.34815208615677,0.6134878716260461,0.6024705095029912,0.7486928667411512
0.9548585489734147,-0.4184982538557974,-0.5161109672125912,0.9752067457300027
73.43181374039295,-0.11535452003611224,-0.7667539349227173,1.0391426287787304
8.498297367937342,-0.04022848980144367,-0.8792221363587678,0.9257436301598261
4.479077642036025,-0.30751340608410693,0.31897698260639973,1.2103473422472042
58.89731601659302,-0.20578874483609044,0.46372912130354904,0.6907484396861681
75.29461949946607,0.8859896310528301,-0.8822876947402802,0.9909076427474555
11.2336319389367,0.432965289267377,0.7233844296611236,0.6453703556387256
86.97477053729685,0.30832922111656647,0.9825751942794108,1.305839039841178
69.45210272583782,0.9975459019319854,-0.8289064235337384,0.872609412710965
34.57858123725616,0.3053448614165628,-0.25233185436743477,0.5953898257162695
31.244468475025233,-0.5526568870569322,-0.6739320337641436,1.0267989355474727
16.240333895497088,-0.8941466512621734,0.46938639619107936,1.1995093300338433
37.590597887621925,0.22182430957529786,-0.09095265075417669,1.0349997654048262
7.135548516435781,0.20300239101807493,-0.3316666591181495,1.4610701142891083
22.54280240834776,-0.00044483657414573496,-0.4175881639371789,0.9154684111359264
92.80029183788598,-0.8824771067886736,-0.7239777927001414,1.386115934330796
58.254259331720625,-0.2469868060388537,0.8624165792579424,0.8179019890577143
56.82340951808157,-0.11992760638894273,0.4059492888240972,1.4724669059532989
38.4305590424109,-0.1995666231126415,0.7316103575552102,0.6644012315023383
99.63226239488789,0.8451802159860302,-0.9609194704437996,0.5296752607829374
22.267344458763404,-0.6335591419846694,0.2612219080912175,1.393715713468921
63.24103448202696,0.8222921103622165,-0.36421516724040526,0.5578673387181488
90.5551168767804,-0.6129009548227629,-0.6300624803083279,0.5115307230452082
4.830062680497953,-0.3247488686838207,0.49707451516643086,1.3449284956095116
56.6042138155949,-0.906840595395129,-0.9827879152664516,1.1292743093412616
23.30613845335245,-0.4420660229925062,-0.03369815876699522,1.0107180604473394
73.67198680070474,-0.25889311128027903,-0.05333531500774835,0.5631142323087659
11.18254381954121,0.8629614237426431,0.7089119492328266,1.4966252113653415
74.25460977004906,0.9502947811693627,-0.35362161419203963,1.0040670419496882
11.082605369133187,-0.7719128666572717,0.38520287704542566,0.8973131026919808
88.49112683121425,0.3491959795842601,0.44054715073681683,0.9642595660151994
63.4566268498527,-0.5866778616599633,0.41012457164501703,0.8078131036972847
54.09098519211576,-0.3990307394816781,0.8686960692171575,1.1481724663421935
8.628841013106351,-0.5079720866100695,0.1753124843041145,0.5102290945116886
0.388163692961717,0.8504297024663166,0.69253223223638,0.5777133327774622
68.83826308451829,0.4772420191539013,0.4415642065481451,0.6840750506767225
3.4841022184292725,-0.7779738667651253,-0.8473381682976197,1.353382653650431
45.30985724184016,-0.3731819396767674,-0.19446629105513547,0.5787876235849253
75.71687211534575,0.509872421796312,-0.11840148944727014,1.4064217226579554
47.262297008172055,-0.03209062582172939,0.5784342592526308,0.6513642364865948
16.91506806489741,-0.5748107122842152,0.5655023636249628,0.7042770122276462
11.411384249253558,-0.8899795493041756,0.8819174404282697,1.0704203775280396
66.48106715078849,-0.12055904381423621,-0.4597990953542388,1.4564948006796836
27.856987748160016,0.9486777078381026,0.8883086820508324,0.5689470047370745
46.14826580680113,-0.10005045472151919,-0.8617005646494267,0.7899845521279054
62.34962620799249,0.10107090040084299,-0.9925698245181857,0.7395297338705483
69.82283607423325,-0.805542430459931,0.18526979170651425,0.9503425513179967
33.159291290851534,0.9280333254010544,-0.10085124680480462,0.6453191077712885
46.745581646371534,-0.45149422956339047,-0.8305358479672942,1.3595151780810335
14.85415996514223,0.9045295107156428,-0.9622985877496701,0.6627899628726037
73.65497699883086,0.8819532047647547,-0.3449433723784896,1.4147566316404685
29.49611244538794,0.4530458057791251,-0.73704123502066,1.3945277246067507
8.107793170152812,0.5070447971329899,0.4047035782034154,0.9607753563894936
1.5842069049255705,0.2034677209992164,0.07553941857086444,1.001551003661541
72.53797087082931,0.33340181378293776,0.9387065773964189,1.2990906316917021
64.28617723440489,0.6569089183003605,0.7848226627660588,0.9233496324124215
68.39258369920869,-0.7196256562617748,-0.4945094318665373,0.8304497085164697
20.122969666340946,-0.41460634387286655,-0.6253780713459188,1.3050450778572105
2.7292474488682097,0.6197731286678967,-0.9083297434872191,0.7065007132644886
69.94455094620277,0.9156991130462415,0.7358822922163912,1.0358677607394264
50.046651003173324,0.5718664149951009,0.3185881706634184,1.054930874156836
97.56343642702745,-0.4639315675916509,-0.6935993384780003,0.5380871671279129
99.0576437339624,-0.019277143699592658,0.5867195886504815,1.467208188203325
55.17653169459966,-0.3509597567894607,0.8586309633292852,1.0765699884821223
60.179706338396535,0.14453388080402485,0.7498374484389272,0.6433006697034915
66.5097200669861,-0.12811901030200523,0.9143837471076319,0.9373786804475635
92.321225312851,-0.5913583928227212,-0.7557183171592309,1.0556991060744665
94.22214650723303,0.491773686286366,-0.23503831623843008,0.556505024773895
2.5943869709886926,-0.6614358277375445,0.05212564432031064,0.5491896402611093
46.5474733969659,0.8150858158209326,-0.15215728198002054,1.3156406801335634
10.664589643111515,0.1567355322550581,0.5014750069827356,1.3315179926389331
65.44111139187831,0.1330046251650605,-0.20975959254810705,0.8380874152081672
83.2529165215905,-0.6415446049374138,0.594306902483277,1.4532586214184258
46.67615127452384,0.037455124919764105,0.04567378715484027,0.5604216879224119
78.68744700034827,0.9237467345778962,-0.3485455444551945,1.1165527524098349
65.97005501290295,-0.38725754235257026,-0.2161855827445447,0.9599224491377235
88.14116779697768,0.5285409630724083,-0.6436471606317486,0.8916234806129999
90.63803416279539,0.2882907182372487,-0.171470123152756,0.7402571119635383
20.95336936851598,0.15819374809590148,0.8831509813063851,0.8873542297249652
82.55808529654355,0.7656007613460645,-0.1264298741944031,1.2739150585112575
64.63995760486239,-0.4543586779259735,0.8990000706330317,0.8362010388864792
30.34126108467125,-0.7357649526454625,-0.18904329670195574,1.467608950581356
64.26242618539102,0.32276207567315107,-0.7491290811387054,1.2838818041081925
5.714770943510055,-0.09771217869367832,0.21195231538868886,1.3877195923000367
64.22590313446847,0.9955150026659088,-0.031346952813885665,1.3046713211863037
71.91459121838443,0.5149860752394231,0.8790529279643018,0.7770608013039577
10.75166721457318,-0.631773215417492,0.4920081073927929,0.5301811915413491
96.13782457396908,-0.9386167333451498,0.07652941911810873,1.0926081789064308
26.81109920619182,0.7065730582215868,-0.3090626704348949,0.7440054167521758
45.37314961222359,0.2514145581749341,-0.4517609844291164,1.0907066761900448
52.773672011628435,-0.7169078996915724,0.6424507332975249,0.6720805659841954
14.740948782314337,0.7336062594987689,-0.03639782020914173,0.9459131986365288
81.03640045137132,-0.774948777818459,-0.1039394165399472,1.49149058522024
86.34037790134438,-0.5267514042897281,-0.8011564016721932,1.328816277477475
40.89362531961262,0.8733767445878213,0.09690533520626432,1.0336782586361228
88.205072831998,0.19742651148290813,0.13967183484933843,1.344459585113994
59.761155169465106,-0.2452732866456736,-0.9683534089266917,1.0270409834477314
85.5236754183303,-0.8189619635412511,0.8413422983956749,0.9618295010446789
37.99745984874488,-0.42926624358350784,-0.34305836948017254,1.1791245655295657
89.97875090189123,-0.6750726985049653,0.5763427411293132,1.2002470341959754
73.19462766973868,0.5758880315242989,-0.5073619839283003,0.8474929187851854
75.5536248847526,0.7934257965598797,-0.9565910864215412,1.1077201983641403
52.168160238988705,0.02405808634390305,-0.042143828196338884,0.623489327986835
40.2648453592228,-0.47654984332678796,-0.8298410730455537,1.4295908677970894
83.55578439830495,0.2998396455522976,-0.10779880083395199,1.3904019741944638
98.16161819603916,-0.7028265332564769,-0.6789527071086127,0.8002738384987929
74.98834461519057,0.6728169945925808,-0.40472136562070493,0.6118051060039491
16.36673282136633,-0.7772067584747437,0.4165341602168462,1.4560107254776327
22.526985448409334,-0.35805818662709654,0.8686592469175223,1.4413515952324272
2.541172600784589,0.7149801474381574,-0.6602234565418266,0.9443017482357436
9.429288793637008,-0.9447635647251964,0.1991734000835914,1.0917952588627113
81.45061014072425,0.705336130529473,-0.4099717987044268,1.084303304678667
38.54464095615066,-0.32726862697270653,0.9714493862363403,0.9939496423063203
54.73092326054933,0.6253258262782322,0.9213831122145995,1.1973471022165934
45.57166226437852,0.015356124812427874,-0.6702355364855521,1.3722265647456844
47.928544702228926,0.66838854760967,-0.4865750739766256,0.8800029143969147
18.470235046322085,0.6272379599203304,0.724015107506496,1.3866168197040725
55.843113358030614,0.5439179919378447,0.98381804690638,1.3705822082874373
80.52374364819725,0.7226186959901189,-0.8333180166998893,0.8308991671663941
20.898562553094838,0.5586096823781674,-0.9343874831124018,1.060397473265537
36.44764644194334,0.13914123536663103,0.9799648983833256,0.8949543683523207
24.02325783906467,-0.043077848592161905,-0.19734602016291547,1.3712611579212148
7.325098369897638,0.7566664869436548,-0.8887195638163086,1.3367375568205735
54.45282905681077,0.7890207370748878,0.9944504930987936,0.6883619351935262
2.895007138121057,-0.6862231650166044,-0.36693593600282803,1.26772294138974
54.60823442981887,-0.9575263180542831,0.20452116384231145,0.5202582759283343
55.60127891536696,-0.049686214073631274,0.15940337783035696,0.8452807326812306
80.36399896918326,-0.8193505540002418,-0.23325227982816465,1.2224120040934658
72.51374568081071,0.5055567484277548,0.08959372684959743,0.6114541330076168
64.85784771024218,-0.6603423771790362,-0.02056678206133966,1.2172986021193275
71.81058434433726,0.08958405814582338,-0.7230810574694557,1.438996535328001
93.75829695044463,0.23295249083530312,0.6738937891690326,0.8266528225451145
61.38409155118747,0.5264855498970789,0.6137500005572183,0.9453138955773357
79.18276030555272,0.852357976426718,-0.32268309789341443,1.3570763533735244
49.05722794049747,-0.9511937988169666,0.8025685065537516,1.0927655316520712
17.83891390778219,0.5367240481391751,0.9749782272554064,0.8395673003192315
71.6710262655567,-0.8348879436315181,0.7297830599886466,0.8763126959986863
6.222570342650966,0.20903409226076586,0.8089741352139306,1.3222984792508419
0.14970013721667183,-0.3227363927865996,-0.4671268115094701,1.0223030711533174
32.57525578439363,0.03270684687761505,-0.8367135038042292,0.8250383489080706
32.07784096084432,-0.43685779621376686,-0.634715155643702,1.0694042772727381
65.94732784157787,0.9308569608173844,-0.5106938873651898,0.7322916163766106
19.40616424184913,-0.2851339986796517,0.16788857367485943,1.4911117520133335
98.33602031241942,0.4159958250183424,0.5134336508739088,0.8798404860092185
83.74349460120722,-0.5988900203579975,-0.11796533146298815,1.0101175923202232
39.62192710098087,0.3367776856037048,-0.20694268226101753,1.4439842826358644
93.42126512078654,0.941038776173099,0.036012367941611556,0.8493584436121624
96.96331283765808,-0.9910441837312072,0.06574026223284601,0.6776879434473775
65.11514162054709,-0.2801070307083161,-0.35120609565681093,1.279718553441664
39.556052600961664,0.6623804165160576,-0.5796266202507461,0.7318320586973179
83.7695227601448,-0.4839432435151675,-0.5004195966245913,1.293063247818088
28.8032600116942,-0.7466158584698221,0.2245554257038811,0.5716601708427508
12.014349478243266,-0.3736710084606928,0.4120039343875259,0.9737759206522284
22.866533146130124,0.9066236690199272,0.19474505216661853,0.73751191873004
27.774411393329235,-0.16434972531894576,-0.24290045467567745,0.6868046021107379
55.53945286952082,0.20750583069729878,-0.9416057895359088,0.5902134312974142
66.79484571846724,-0.5924271113664257,0.02326808011722914,0.7160226807175663
12.228701356331923,-0.12691763389766808,-0.14817542487382984,1.4850539033424242
81.25414452662488,0.24864491287743462,0.609042872096702,0.6903912066351708
91.60679429583341,0.1341458709752794,0.8200556789223237,1.4417781151813447
44.36350153130932,0.4911743322932147,0.3647207222320612,0.9435900965638271
80.1065027818767,-0.17871353305733495,0.5256910309765583,0.9782513468008357
35.120802750509334,-0.010527769441468826,-0.14656077042656734,0.8082892910309789
70.37614393945688,0.6672719133281189,0.1343343197675968,0.8465960265110526
6.7078177151929115,-0.6349810822764477,0.0020857536252463227,1.0809222300103327
54.23621998986763,-0.40397028512758726,0.6682586927308583,0.6971233891206972
87.40525874190858,0.8743128257592145,0.9356675486636814,0.9746369168400992
20.61245453750497,0.8056425994968766,0.197386796165254,0.9623067965349179
27.828954408939715,-0.04747728171783849,-0.6538332151147864,0.9047759501289976
48.032776259908715,0.9305040999152585,0.6806213126772722,1.1330743904048588
39.698998152154424,0.9469616335278983,-0.9481584438801692,1.0882614432619167
39.08336607513999,0.9672493357298801,0.9894092633441487,0.9002483901440237
71.95720568965152,0.008375643495627694,-0.973238560167653,1.101662925794972
41.982308054373014,-0.25300617238813294,-0.0590911313254634,0.709963376305254
61.169707541953734,-0.1317734440297521,-0.21339478372385212,1.4270238850940054
88.8396577301894,-0.8805269082947206,0.5102599376005981,1.4078245210059157
67.25128034990246,0.9365075849628577,0.46867244366348104,1.0946602130722765
36.56747448111305,-0.7558216507367432,-0.2170534998712521,0.6499706657810741
9.238286125298846,0.7186305693323221,0.6058264212271374,0.9975842821617578
76.37400454396199,-0.4464626505773539,0.5895200809748762,1.2501605602941988
38.607420792926995,-0.42720883529617226,-0.9568091202044355,1.4075895115617776
63.972110976864805,-0.7869743200648285,-0.7676020648240819,0.8202879951692397
84.02155939626832,-0.8845222699185351,0.35036694806573676,0.5055141192026283
77.94791796719663,0.8785606668922399,0.24902642067122516,1.2245822247595863
48.20935435961597,-0.1777680183462923,-0.32793881399226255,0.6669484594888413
18.36156576852361,0.023242628237718277,0.45446829460311244,0.6106544397299224
28.682264254310635,-0.14266406425161948,-0.6559614127739208,0.9314725875273548
15.343352701686774,-0.49564209952379046,0.19689418875751374,1.2853971898873802
69.61188475943612,0.48871249337847833,0.8604326733420367,1.4015411777146802
51.74734640829344,-0.7922614149152231,-0.5304707882541481,0.568304632325941
8.92128475263026,0.4557858829451442,0.020459409309510734,0.6279613626975635
21.945790928168485,0.8292313089940351,-0.824650329481571,0.7751378485715993
0.20746979185512687,-0.4935894351385085,0.7843970372873792,1.4533844637844973
26.641042484328402,0.5664720844058155,0.6419436187871332,0.9098472145760423
58.46105288612263,-0.252147286945257,-0.4505081441129247,0.7070175570420804
85.20631930842922,-0.09560446161150848,-0.8635579302452053,1.1550350011608845
70.82797096013785,-0.7810405521972054,-0.4730277473277934,0.617317378769158
16.467325965760022,0.34687213249094273,-0.49365066003493707,0.6748678856250561
57.48796529090018,-0.13690231915662465,0.2846251777771043,0.9650981477522484
54.75804617903866,-0.9454621920986617,-0.36766329102395856,1.4959558495197838
97.29094204428166,-0.5791444704810615,0.8539319691993923,0.8374387259086579
73.26806295917173,0.9357634469131415,-0.13278411161564185,0.8229922319328775
27.031928352312836,-0.009291531460552171,0.34420630692057963,0.9268959369643051
25.87311003538787,0.3016682403064075,-0.015588274645059408,0.6092001590195626
91.22735179585969,-0.7981101016846646,0.07322066224077561,1.1407313915225639
78.22554623316319,-0.6099725720578465,0.10304676534308332,1.187202997013139
87.53141829010534,-0.8010698652659116,0.47100035444952204,0.7602881572869044
24.595133395613427,-0.4998219982897024,-0.07362580996320645,1.270275992629831
38.948582046438666,-0.012754463111525616,0.6987646347504142,1.2810825810208564
39.431658826281826,0.06227581827342665,0.9900875292235745,1.2488928615550867
90.96807239834287,-0.9243860059364578,-0.6123271345856409,0.6188502153660664
25.155963757742743,-0.9979898677537911,-0.1298285587298057,1.024637107626642
24.112481663071918,0.8507790695486088,0.542457169146813,1.407045119332668
8.195646040670553,-0.7141165066830506,0.718811228159671,0.5871950187933813
17.42339969487286,-0.5770133052641642,-0.7754052813148936,1.3671646346061102
64.58868445480455,-0.3407741000592597,-0.7879554740103234,0.8737035147834408
58.20595656708966,-0.2052299995714616,-0.40459607147183907,0.8074764873141125
1.9998137501508373,-0.5659258104903357,0.8524254631523087,1.4655680806120088
72.61021059085715,-0.514469048515868,-0.06840504057170715,1.1441330502165505
46.37819658543229,-0.31539328871666217,0.41343929076891306,1.4929273671715197
94.53235228239043,0.09629163334150848,0.22654912560425222,0.7014647620685694
92.7962062954099,0.47608303373964533,-0.6750883531639303,0.5967557349967562
40.043119754242355,-0.5428727242713625,-0.3354676135995398,1.1959087205781609
71.78515311910347,-0.24321753281364789,-0.8756918834803852,0.9198916714462769
82.928581124776,0.19514450919442927,-0.014075394717925072,0.6137847062296278
75.24752127840607,0.05937370044331658,-0.4747847895871482,1.4006915456564353
69.25484176794171,-0.43572319525699443,0.7531275641057624,1.4508402656629797
44.278632420711986,0.04897822257164375,0.7834027404418644,1.0951841288583304
82.26940519261937,0.1180359318283477,0.15038360488045677,0.9943489596282549
21.712652385300782,0.4430226260669634,0.48496014024217304,1.488760181376076
45.21366882527379,-0.18529109684997846,-0.48992616327356164,1.3803716324540096
75.46693955756561,0.9087274795017708,0.04892234978724064,1.2493285814539343
19.30024628219713,0.0737098812334347,0.8294979939053684,0.7336875563027521
79.04547985231699,0.6131468713218242,0.6813484369169456,0.8749473172867449
25.71250215294682,0.689418233716335,-0.23869102673154152,1.4805734101282455
87.76342535427048,0.24160444704505024,-0.9510648496053979,1.2110430056540464
8.281739829534668,-0.4155975554862593,0.9330489405462385,0.6485797856102878
80.06957319846505,-0.7309602876241136,-0.5033740547685325,0.7675244366205098
66.87463357965784,0.5401031329665893,0.524134342462873,1.0618165396318107
74.15238321918774,0.4882605397704147,0.7017367946379434,1.032106953385498
27.67655468151889,-0.057318299764263614,0.5217864536219881,0.8767307908568736
34.74321119886881,0.22515265636152515,0.18030000090099896,1.1386849274434492
63.73246529715174,-0.7479953322737919,0.3305432816549838,1.3266351527027913
54.84396344242529,0.32719263516120023,-0.38682047963087474,0.7871201319848558
8.327942619356019,-0.36257856237614494,0.6120872012085183,0.5874639741100443
65.39675375111167,-0.18244386867660511,-0.8197493920463876,1.054086367663118
79.75876341650822,-0.9359262002688274,-0.08976018281398412,0.5820611183729838
51.43909147971779,0.15946894934130307,0.5318955429765204,0.6192421736385798
83.59117137746102,-0.4384835256041065,0.5992127053576972,0.713697148283805
64.19838381927734,-0.16272640262435956,-0.1899936971938867,0.9767298404418274
40.96170762747324,0.7670447815267243,-0.9075095919278697,1.3483794233211568
98.33219361740345,0.06833407479588938,-0.24884207508702194,1.3736499406115006
68.66787489290907,0.9787846438746941,0.7720230184404726,1.0543858080304858
25.402795181417037,0.9901915981332658,0.32965803726664533,0.8616193377165878
79.40483036108165,0.5060771296551776,-0.3520554993868519,0.6773718134035456
62.28961125588569,0.9641698148173254,-0.9168493488523508,0.6581596212567856
87.01935252035648,-0.3788646066935132,0.033963537903585195,0.7686769175437009
9.198278510433413,0.9203215837694136,-0.5629772103517141,1.093029073561691
93.81571855811043,-0.6040615629680488,-0.6450592555730714,0.585408318539045
27.99862668227507,-0.9609991310237554,0.2674268895772023,0.9378052969276873
16.082958201059334,-0.8987645055601843,-0.8215546967590699,1.1146953421804622
45.63139125377068,0.06517174140815385,-0.2816225275034271,1.4400220482776285
25.277298321835673,0.9192579911443886,-0.8071198152360635,1.4921769043434314
51.681918672831884,-0.3192432970205872,-0.6456710959035364,0.5213155455676639
1.6037112709941008,-0.0736176684663915,-0.6240105643544052,1.1308553932779404
49.488878743894695,-0.36166672584662896,0.6159573915966909,0.6594023393322882
38.008479021731816,0.13603002459009628,0.6224878981096675,0.7856290491549789
0.7106301843730685,-0.10591127496439567,-0.10944460347903173,1.3568475355983871
50.520341295255875,0.6694765728098124,0.6193881463830149,1.1656688014853687
24.423290360651947,0.6772747228916054,0.7809064513278703,1.3486978901613258
26.891704732231293,0.2060670709603052,0.03894643934997499,0.8042742576961142
27.08826396451905,-0.23254056027585335,0.6848753898277782,0.5734888596055927
59.25922115914316,0.22967005552816033,-0.7536149030961157,1.2611766421792883
40.2239039116634,0.1983674293995239,-0.5283336228831851,0.9633301209958076
43.79794095227674,-0.9184319124219512,-0.22063198334730183,1.4743619048761367
12.53637388243136,-0.3433098361661785,-0.1857818885718513,0.9115780741146202
85.32808545592471,-0.9396094939373809,0.7444481511018239,1.081699818060718
2.923544242788095,-0.9009116393788025,-0.21297096060333853,0.6404573816887189
48.881160219020934,-0.32242227686218283,0.7061754682691535,1.1136448791703746
27.131123118675156,0.037060256840243166,-0.21199225258337806,0.5478862153131789
16.12028373160085,-0.7972019095644627,-0.2554294098745655,0.5616789444238208
11.97272524138714,0.2537369450186815,0.32573632897050286,1.323224228866754
23.68983658992257,0.6608739240066055,-0.43850835574342895,0.6940526896708852
70.84766531395053,-0.5514594854130569,-0.983370269009759,1.0572602907331698
63.27684456903053,-0.017530702931283226,0.7940712612901701,0.8011066665925328
29.730305619865067,-0.5806700645091358,-0.26564419455650434,0.7790129072250949
55.48802338804788,-0.38899301396543506,-0.6925227208473819,0.8850752096714835
40.46850236025998,-0.642747982683742,-0.8039393648696921,1.4474637326419098
88.90140384653752,0.12295168144974267,-0.7407948973556273,0.9896228409655031
96.55469043200412,0.9927722436367976,-0.9218447520291321,0.7516833505523368
99.47093419988228,-0.37409253884099036,0.10511196013543,0.9792680260480564
30.58443677791718,0.8285633013310341,0.9065529850140432,1.1251598277921073
14.477622360157774,0.7137227185409727,-0.01377200834667791,0.6439701548655666
46.515514384876006,-0.5087939663210013,0.9476642362131955,0.7169730229409114
24.146663755572426,0.3665642105342788,-0.3622769770253743,0.9278842855067113
56.042260172530064,0.5395424452038631,0.9983310110151755,0.9035341617877772
47.31456033488899,0.6810570538664884,0.6821245822103461,1.4121757063336065
72.77128027833297,-0.49069448053592035,0.6256575850833654,0.9223713725093576
18.68606799718963,-0.279391948020528,0.19464465178850343,1.0137861702281175
37.397205171695106,0.973648337625546,0.17569370243363625,1.151147316870353
60.59341606910921,-0.4660744252080382,0.3870789482559045,1.3789682856679928
18.274323909312066,-0.8742570781347725,0.9249361851045517,0.8714131256468697
2.746653482351839,0.9034016726405496,0.8335267926039212,0.5727245921005151
8.34740493312528,0.8064255901074133,0.98885695842915,0.8121466522105596
39.35648132280415,-0.9748793713661126,0.5407921151199326,1.1936841978197248
14.880783589757806,-0.1535373648938093,-0.8707346067610187,0.8540177631618133
91.70517566316973,0.4636380993820739,-0.049659272156224565,1.484512191246076
32.84629656376832,-0.6653025654414373,-0.15464061680833674,1.4543244283245191
30.70212049483512,0.4795581295848088,0.9550852472115356,0.738838893523208
81.61573970358656,-0.8182629893842839,-0.26015488491750527,1.4574723032007815
67.87053764889266,0.9988702820715982,0.5110189005029779,1.21989054354987
11.623411715679113,0.5534973354737971,0.8825541636183809,0.6616912511108064
64.61339296158467,-0.0455378004189696,0.429032999001949,0.5167835629712573
19.252114805589077,0.880629796841693,-0.3655594455292176,1.1726078660195132
18.89371572066839,-0.340272731210571,0.5477587169816851,0.9742664423532547
47.96490919452633,-0.6201826438477631,-0.9035654011677254,0.705169339889606
21.769041843142105,0.355964905344647,-0.523111395201235,0.8092334558563562
33.510894735189815,0.18599138074684207,-0.18028593249464797,1.4606266056709583
98.199192516636,0.27222380430122706,-0.7013575811319379,1.133842306704216
64.82291765504037,-0.2839633094460223,-0.9247555557732222,1.1087176684238527
83.53058538543979,-0.9333219590413727,-0.9523290197515782,0.6245742782558308
91.92586423669712,-0.46813838894656545,-0.8696403354473782,1.3004297531026507
27.616948290297756,-0.4456549516305419,0.3611261658543006,1.3554526781267517
47.163041860933305,0.17440192854679792,-0.17824388548109327,1.2729739853128241
92.42491805721286,0.79991279892709,0.607800774649278,0.503644553292598
80.69576935637886,-0.8346192569235626,0.269681104690896,0.8284080084444498
90.61134451864909,0.9457677328808665,0.3373108280075041,0.6156802413231545
51.32654883127065,-0.6165313403408325,-0.7482073740267849,1.3714751758338206
0.9274538484908957,0.7085991846751656,0.11774542268374466,0.7198044501649309
42.35510635193295,0.9771657830964844,-0.9769774808672783,1.4661872407763403
78.37294103529304,-0.44059008772199104,-0.8224323033254803,0.7971016304419746
98.25851917948614,0.06579794198678202,-0.6491113147271774,1.08571077326668
97.86399312463529,-0.6215633146874715,0.40686392325082954,0.8268440659592327
50.389922789455795,-0.1342975135783815,-0.4213895274228773,0.8247432122869693
69.74095764276686,0.28160716452225,-0.7775437237962841,1.4663934938525516
40.602457046219406,0.4982242769841472,0.9671007536201566,0.5163080531042381
65.0531229007507,0.9627994750718192,0.10012867549995619,1.1456446292024807
60.933228507551526,0.5419308388023787,0.8413152960326904,1.0381271644557555
68.5504510635503,-0.36508261418270105,-0.6625422087353949,0.869058204692857
48.71151988713417,-0.7955807821790171,0.22317486082470928,0.8572794984054689
4.558083904337041,-0.19080330563015013,-0.1932997596627536,0.8006973470981132
56.24533385853877,0.10362590581145215,-0.5983361766264721,1.1343890903488716
80.20349059258275,0.7051151506292315,0.5671523235840659,0.8170181596765267
69.01346089465305,0.42735918498279357,-0.9386932828249819,1.052306735304838
72.80678853791694,0.931826253161655,0.45505751509161363,0.5882642145177841
54.38936876981424,-0.8854181412368658,0.013997024995402674,1.3737640221032015
77.29759825384261,0.5501978178045399,-0.39513851412816103,1.4883059633347995
74.60379754780182,0.688963857664828,0.09194117581788541,1.0118206859741996
35.183850443085355,-0.6518790590963519,0.21301870418700464,1.298276723112145
95.06824673087083,0.0017128792750775723,-0.29624196800717906,1.4361253552303836
74.86251992752788,-0.30336755882963784,0.851365856737033,1.4948976309195454
16.942857178305452,-0.4609588321459135,-0.5657635056090147,0.972230983426968
92.17180403610496,0.7434832872529558,0.3084291096226086,0.7333788720909876
51.96379533516969,-0.350077577698639,0.14082321071344683,1.4721988363716867
35.376080551217484,-0.2182019137838126,-0.4372469496850697,0.899642283177357
60.12043327146013,-0.9825982034403712,-0.0958042608917925,1.076218812148847
3.280636135161212,0.24213173191951776,-0.3157951097843251,0.6036284788299269
42.1771855563017,-0.540862412291419,0.39021136067692463,0.8105192762026188
5.170848136543478,-0.5313056288044724,0.46680590845199577,0.6982599813162036
18.10407483814077,-0.3873817655233034,0.7386716361966679,0.629929900895216
41.254515285455255,0.3528011609329731,0.8049785202050717,0.527733026358504
56.339148047257545,0.7127897056112913,-0.8517780548373999,0.7455656990629456
71.07954263475736,-0.5325052229578672,-0.9211244625810053,1.2483187296825315
8.778446025698145,-0.6033825595616966,-0.06110679436285105,0.9465181617125129
20.389298711008085,-0.7736407588670101,0.7080552359553725,1.0602851382509986
85.9921830411125,-0.06492966925554733,0.5732843896444719,0.954214396690465
6.348709940096963,0.9925166882010812,0.9057869746633824,0.8349453533766202
1.803940618171624,-0.8511352535758616,0.5059909653785479,1.1347762182778864
25.853939045278413,0.8112283175809787,-0.2891381986101539,0.878165511698135
78.02192998358304,0.5164968125459284,-0.5416583555562251,0.7562354717254668
76.4108156871316,0.38848809323812294,-0.2755714472404658,0.6806863990587448
70.62412747167862,-0.7281230950769988,-0.6549574388179312,1.142480628607216
12.63163443316864,0.22058709413420208,0.707334513635163,1.4113952371973637
28.493914632546353,-0.018341511214657547,0.5114165165732794,1.0502085162414194
40.175282138723304,0.15775431599369427,-0.3681393101984767,1.4055218893429873
0.11509800103838942,0.9947185184615752,0.7135026644197051,1.184834447713885
79.63790720522431,-0.14980380657821113,-0.9013731877522978,0.5488596504854213
54.90502931277279,-0.513096447621848,0.9691942884194182,1.3415172152732031
88.3415647578841,-0.9946821255740862,0.8939863653272848,1.4634345169599219
61.0576743254587,0.2906461371368907,0.3654436770518321,0.910908909609677
40.328448418851885,-0.5285954918960568,-0.38486835280775555,0.6039489522432306
91.28790316012473,0.201939142050777,-0.4469291678670896,0.7283995125520016
46.837283357728886,-0.7721614948885648,0.30548248212731455,1.0739427131388413
8.13695063713221,0.29398992351302655,-0.6560884557732909,0.7586888020937157
73.78437283082891,0.9024853129623562,-0.3402972903985968,0.8754538851186685
40.583653210594164,-0.5402683819809859,-0.6149573787474485,0.883749923566411
43.84221959893148,0.9996999879559956,0.6032806786478995,1.3988167719482587
82.22265701122176,-0.5219108986935617,0.6729244124084883,1.051848175880536
71.3978810215389,-0.6400437757444453,0.23277308971369037,0.8243195552350979
33.22549702796124,0.09704793597146888,-0.49991310668074773,1.0867768914759663
86.24826787797818,0.5117707721373275,-0.557087861888584,0.8665382254492298
72.36934108831039,0.9726672577360418,0.27886351156009015,1.1533638654327643
58.470049852801424,-0.2694026617070482,-0.5752961690322276,1.1877090525791547
78.53292552096659,0.3355186950357443,-0.7464064754480366,0.9825886376716219
96.75021768070168,-0.6924691117802209,-0.1512556840563657,0.5358595324927263
82.09884253453275,-0.9107948065011763,0.402069059402417,0.9260929210527781
71.04429723909689,-0.08085454934992531,-0.0006427625218724531,1.0516148313487648
19.667601170820788,-0.7666731594885328,-0.2670025871173025,1.1880533836075147
71.66215202150289,0.26701252397264086,-0.030853540456723394,1.097974053432921
86.62377073419728,0.15302670105450789,-0.7986545314104985,0.8967994000199986
77.06408664171379,-0.225496212781093,-0.42737578289330436,1.2834194193774011
44.72398486587653,0.5650084725544633,0.620294089079716,0.870237869174611
88.26316291949159,-0.11144039691878305,-0.8847975566146264,0.533599467140905
20.71978759043023,0.7503328444865016,-0.3714765322436048,1.0494428912848703
70.36564824198827,0.6830097189708635,-0.016935956877398017,1.3659779935663772
92.60101651342272,-0.1799659222668012,-0.024017228954681946,0.9033211205655394
80.66504260765863,-0.20721701355643452,0.9664243096867515,1.1336016038244834
41.292432393311884,0.12538885372364783,-0.43420576787992327,0.8470375493179585
10.31464692606137,-0.563625952590558,0.6188380292464319,0.8637737279362632
21.436747888798664,-0.9059390229454501,0.21486475757427992,1.1855080492057695
29.400746313823557,-0.8681311457027221,0.23358677118393523,1.2944466009913986
16.594380796694217,0.7110317473075956,0.865749886115813,0.8097019633133168
26.16736437076322,0.42359149992052547,0.5069853310736783,1.2954438550865266
35.880769595584944,-0.5504883956948781,0.22759474159966286,0.6029119842665
87.04185257244342,0.7298168506687619,0.9200280007924457,1.235075650942908
47.75001269118569,0.54464055075335,-0.5499963815248753,0.5814462188266106
66.26626435814526,0.9912332209431955,-0.9587624061716057,1.4639326614897483
95.05141017940444,-0.7012357705465682,0.15754833085427977,0.880499233457147
10.906027507502326,-0.19298419695329982,0.26500910598092897,0.5947983488694387
22.114927794810512,0.46645265228510224,-0.3043820029776747,1.208821600588425
77.00460184418029,-0.5559310027170767,0.34287211947506546,1.4341399345785786
81.9023654066658,0.29723569502676783,0.928143821997059,0.8367610359180202
38.12742392568747,-0.4048717098822415,0.02637371549533074,0.5464438456501347
89.94409078233068,-0.08167395211022455,-0.08121642694921083,0.5390779476876538
25.101453571956682,-0.839227758635569,0.49411338261544335,1.0365488226659476
2.802375170227052,0.31788891903286665,0.09807568928623622,0.7569191433338807
67.76454742233007,0.6170013008501967,-0.9147136002649262,0.8883388230411646
18.66263064314498,0.13977401099015174,0.7929080259554766,0.5451753554813675
48.79804174816586,-0.29666704655062204,0.6835738256566644,1.4977704657490807
15.652123941117631,0.22681993652737287,-0.5363996159562672,0.6866265428677049
5.849990118567112,0.6347219296905939,-0.38004042032064045,0.6288695347868921
54.100767701605534,0.6482762521374055,-0.3633038693632745,1.1156222651173962
40.09184992427014,0.8758259720518133,-0.8058788281983124,1.075331317741116
9.575811218210145,-0.6139917787024711,0.3407826211419702,1.4333634793499275
46.7154853996332,0.807770975851198,-0.9648219168378753,1.2485449006453435
53.467494006596404,-0.30513690586709463,0.4802921308661876,0.6449432468154803
92.88328495315443,-0.11929755988844759,0.8224011380984539,0.845772907404271
5.629170122470425,0.4654429633374757,0.8179372880177609,1.4585027548176308
37.75831443861756,0.6912860642306691,0.40039230581445406,1.0455931693599658
82.17112585055763,-0.44978804852736753,-0.11051445604007182,1.2504596001910413
94.90865327726188,-0.13838026035463025,-0.23569136015906578,0.7829498929251977
37.64157326523516,-0.9843888523848133,0.8281406012755981,0.9954786522506739
91.50623378224559,0.9436274962464746,0.2971506390156884,1.1654285492862044
91.65954201569517,0.8924981020636362,-0.7069336044278183,0.7220212591618946
31.959390740123904,0.8637082363278081,-0.3152672856216038,0.8643151217152246
11.70732033424438,0.7696330974007755,-0.9555000750360838,1.2970891324340632
60.84877172638067,0.6966815719123594,-0.14100342562789503,1.3585674454912062
10.46691200592268,-0.7263217569898528,0.658162541359764,1.0849538490580457
69.30047707162385,-0.5611066775362437,-0.14552381161249517,0.7773493512771956
64.53533179488807,0.5621768272552861,0.8292464876144119,1.196599935724764
30.536763336076007,-0.47395071937032696,0.902420654770465,1.2821165724500572
0.0666978639251421,-0.9481965346194668,0.0310677683749232,0.5400648247743777
23.34054414779744,-0.7472201230622422,-0.9357519439107627,0.8480657880455893
22.03270792087236,0.24785266013077512,0.10915518507901645,1.1254842921380968
72.84506347634229,-0.7094262588886393,0.8632521130984341,1.3319446529712264
0.2958172145821146,0.4418695805345445,-0.4816722012831345,1.2412837552675517
86.429524048469,-0.8973596430925314,-0.8900498309826483,0.7723075351145263
71.47114896147178,0.44353634561344335,0.8923970764135374,0.7445860288688169
76.92758927910857,-0.6581734677514985,0.172799196678874,1.0178801075440682
83.14760805277666,0.4061652106399063,-0.37352025291184066,0.7992886596272616
76.57692479088213,0.39137567817726215,0.3210767076299246,1.3180236703469392
53.39306500228498,0.3783315754263403,-0.4023726738668135,0.6131876431471024
11.88270184355861,-0.6013332688865104,0.2692555725323502,0.6573856199473461
62.815526873950645,-0.5709297008868521,-0.6627236325539172,0.6632101541861297
34.82364955338602,0.8089800520336738,0.2291182669434848,0.5525753062447002
14.270084625796489,0.5194624607563856,-0.15568335917422993,1.4925931086750674
60.75744759785682,-0.3985278164648035,-0.2936565822223782,0.6674812866901115
78.13285319294783,0.6002167113160806,-0.5152882447381342,0.714799351841907
15.25035362688046,0.6227256797711906,-0.31852288544760954,1.258331146844363
3.452579126840241,-0.1669552928038438,-0.5935006475206437,1.105148716256938
46.89182583037046,-0.4914623087784181,-0.7079040870501769,1.2940569407598297
44.140235786643856,-0.06066687622380551,-0.10639369924542008,0.5918194128225354
68.60230949434973,-0.05045253955014417,0.4360842052081937,1.192568413450251
55.91123133253244,-0.9698303305986884,0.5802911224027911,1.287738672453524
77.25778140621719,-0.29648439535091364,-0.3238069513808888,1.2755164576282705
31.38151697105309,0.6007912618322531,0.8129090298688182,1.498926837922954
73.10051643750715,-0.3276795830219743,-0.03597811252731542,0.9088513088623906
86.79319954684372,-0.9138755983643179,-0.9668238404956252,1.4383319893471098
91.35944944446173,-0.30109596121668225,0.8732791982649497,0.7033310633709893
51.031175463506614,0.11141213756780988,-0.6857023562816424,1.2712034682227547
9.555298416529546,-0.5134195908606343,-0.6327964747070562,0.6010943544111069
80.18330653331766,0.5490044775988978,-0.03530372688006145,1.2144663737919243
15.59012111400399,-0.8590092640834063,0.7360016749538578,1.182414955061424
43.25274465676317,0.5159833546506136,-0.682330934543782,1.2046207385588654
91.19032750852651,0.5332750087161757,0.2785815671228733,0.8209536524081532
81.85742913314292,0.7024671894845818,-0.20330659237132342,0.601790568135728
46.440422459431716,-0.5025558130881094,-0.29563751081763257,0.9214210557558543
79.11048697868432,0.4702652117458732,-0.25340080071029725,0.6395763959870205
71.01373469429613,0.3413265511345338,0.7886262198160254,1.1405363097580299
45.002866608675355,0.42072445742115794,0.20219179829828748,0.7717403114862029
92.22376924483355,-0.9131679759662219,0.6147398114161224,0.597887748005973
63.58765376639221,-0.48448422100871735,0.6543643832942514,1.106157515546768
93.48879861065258,0.13089637968449797,-0.43547970480500064,0.5135117338566567
57.117014329728434,-0.10399454379708795,0.7049092342040557,0.5635633358726032
6.044436240708821,-0.7612139591534781,-0.019463200392484947,1.1935911746141037
45.08830143883792,0.7497462769803087,-0.4212562823987702,0.5877763048935
35.2180977479145,-0.5344861371767917,0.04941609664584745,1.4443652517591912
65.907235872514,0.273880749347186,0.42859449570575725,1.351109202104689
21.546296959509302,0.4866474852608562,0.12511190077835144,0.7857035092919757
3.146312995866549,0.1770776424543532,0.9703953973806534,0.9003806000313281
24.78252687489796,0.9080386310491917,-0.7090349342797115,1.048237738589085
1.3152292259119631,-0.5449240328888987,0.8597401604604746,0.5154082067918427
54.34555762361937,-0.5153252520989016,0.4443973006316737,1.0743141480029874
73.90324223955116,0.37670404288046244,0.574641507742965,1.3941313130903785
84.42394780797486,-0.1904985371761969,0.22390410965779295,1.128656830933763
52.25522908102359,0.35810364857046606,0.5878793124469257,1.1012754600337247
50.91211106409581,-0.11453355091664008,0.1125154034641469,1.4258879273626555
74.706417895361,0.396548836769262,0.7432560674819864,0.7789235958568075
1.481696540563626,0.6802483922403559,-0.09764088446203412,0.9222391667185692
9.105826364622422,-0.5605300530730573,-0.284764967085428,1.0567923564386856
61.351289573322035,0.07892661382941446,0.5288160400070026,1.4785332758056635
9.774992295914839,0.5143591534263339,0.7775762299612667,1.129554103205104
51.90750317583461,-0.3208961971553682,-0.3006211626894054,0.9928215168503998
21.50213057214972,0.7620640535686707,0.7602502170839993,1.00452486762712
6.378682191545789,0.9495420007496238,0.2901536248581198,0.5375012023657073
16.16002629936395,0.7272739052342791,-0.24516038722142597,0.8412599383763076
26.510131941637233,-0.39219832147328404,0.40310535685409077,1.0217572956911898
2.2188605873341483,-0.5125537657217017,-0.43331022501955097,1.359925568628182
22.831502752972256,-0.5577911755161964,0.9970949654725172,0.7980304484821565
71.2918442966592,0.07427346117742206,0.13164241558212653,0.8909018070409166
18.739737691042848,0.09942523645348356,0.3546235978317587,0.8259596393419306
89.8971423543021,-0.0641681879659245,0.3241137653915831,0.8312117704919186
48.169648841441855,-0.09365679700775864,-0.13516776509310513,1.0668641241345602
8.832249904141888,0.3626109236433994,-0.6205670608627971,0.7248127343601325
35.03381982439892,-0.12494076804555698,0.6724865553627721,0.8279922463210101
36.25703491035377,0.7326131133537261,0.6219130542612066,0.5730475084626927
17.37924314837584,-0.8429463820266794,0.18199179474031335,0.9251809418145114
8.371940657099596,0.587405843975678,0.9555274638268147,0.8005860314820377
16.662531869359672,0.8474804724873284,-0.5294000987927179,0.743057015341009
10.069414137025369,-0.515692311431428,0.455343378484268,1.0972713553784184
13.501689228671342,-0.8782050377920159,0.06836808597238342,1.1170732490633855
17.600322452632962,0.5883821886973426,0.4793147253488266,0.904260551480885
82.12341285296887,-0.9551783664517135,-0.0971301755106444,0.8454342734367433
33.036176590779895,-0.2282559231018636,-0.5775534228574284,1.1731458527715293
50.873820550673486,-0.18655292123883083,0.6264490147270898,1.3973743073688016
25.554623989247737,0.2690264191570175,-0.9061848820946008,0.7848197254605895
32.646085201297375,0.07261202865467586,-0.3095353731561762,0.8899130916776967
38.49738052369027,-0.06335862874253462,-0.9823575523608028,0.5326010112361351
63.759536495193856,-0.9267423618269005,0.5649680919222133,0.8833897304465345
10.249970137365871,0.48279676391485893,0.15087623070983858,1.1112842489214212
65.03331524503433,0.4299352320796279,0.27462113114836906,1.300070288983187
57.81628233477608,-0.6773258778681844,-0.1910765303510814,0.8928301477267839
82.40643628699638,-0.4131627734292438,0.9363816595034145,0.7989478526737209
82.3696396507528,0.5318151931244071,-0.7888787738635354,0.6917848553888336
12.118951547519051,-0.00949494378587512,-0.6157910693257924,1.1033283587905907
61.92161353100965,-0.6508966356207625,-0.7013262670213866,0.5193032589168577
66.06247002754341,0.0869206081403302,0.09567858525286099,0.9081799462086426
73.33626515257968,0.21875284750024804,0.7970827203204105,1.403459608644968
0.9947216108109407,0.7491551479512182,-0.8349274155074392,1.4856657204072987
67.70836429387265,0.1437207594854215,-0.1229321682716844,0.7297108053045359
78.59496806299424,0.5785656320507402,-0.41659577731895137,1.0949791529414088
5.8088884478626115,-0.12219694893768585,0.3468455509046169,0.6946695382390498
79.30538999539039,-0.5945213913018855,-0.10873203619262839,1.327554000481204
72.63518276746971,0.8597680078001246,-0.27703074848210496,1.37188478432333
95.88518142099555,0.0860377187242094,-0.10257471081693847,1.1816898204170299
36.53852652578388,-0.40176033602079775,0.2806636743449067,1.1145881343527133
87.7316735701146,-0.15131295271488787,0.13111741731187365,1.0890641970998347
81.38916032979061,0.5703875417915605,0.7221907889952659,0.5475268998522697
14.11429791026173,0.9826449243897359,-0.843199691316433,0.8595189501335283
35.41741654001478,0.022184786488187003,-0.4590603204217717,0.7328415616696032
41.92412383402252,-0.32023778260746016,-0.6003667016451788,0.8853438852951889
5.416709959482309,0.48684837433991346,0.6578110242337127,0.6931891061791754
18.516338441132994,0.5276642269419225,-0.5850710403682056,1.21816074794978
11.828065335076388,-0.9888477784626829,-0.036858097507691756,0.8188643214919807
2.4076620769590775,-0.35370717111199934,-0.47695427210576635,1.11928419936757
2.3111371483863072,-0.13018505099434452,0.33554493941666963,1.0496986880002923
44.53343112533947,-0.6505413957246315,0.6411549647700532,1.2067866568018593
36.225046356602334,0.6366353898312291,0.7710190301301989,0.80527039627711
1.757199584513632,-0.21883295054481333,-0.15914743147565147,0.6352674084035486
69.91554895679738,0.8661399550090436,-0.008621525158228782,1.0821635000311396
67.15532261566408,0.017442692367065638,0.02247712561319748,0.9838895105273697
10.72589868530171,0.9936108630930005,0.716703763870332,0.6727368940196012
77.74197308276848,-0.06869722723419891,0.816637242121063,1.3687126434386454
62.1331282857921,0.16228338625570427,0.1290280988685668,1.1800290224906935
55.339967340727455,-0.8234820729496104,-0.754256647484473,0.6217205087021025
23.172755221470794,0.05503380273931935,0.338960514163714,0.8950981286183325
44.52868789575586,-0.06573821859689866,-0.770499626215239,0.7027743324998647
77.48180952763465,-0.13981284631478053,0.6182497658490527,1.400156213634913
39.98270143906937,-0.6635272186856007,-0.05491611115624828,0.9122440014350635
0.8689451008030409,0.674168846662202,0.2283985205878405,0.6767273232434095
27.045744119276616,0.48756280806149177,0.9484092345398649,0.9559265860241951
42.97168598938729,-0.5106993985339895,-0.532108134656753,0.8678978802651433
14.94694652398492,0.5391818312961314,-0.23831507580908506,0.6892669117361416
13.36765818674443,-0.056401305574050764,-0.4231362199250386,0.9831977280277513
52.9311545012902,-0.18771784678150338,-0.7800783816907445,1.0253906201886136
81.89508480702348,0.5041511093372162,-0.9489403442630248,1.3393188045658626
56.73048171449597,0.1589003516790184,-0.5636022524586277,0.5669914539765678
11.54317777453429,0.9559588313567426,-0.07845945143583644,1.3546110822084563
35.24628424283686,-0.9019371548113362,0.43536833697565736,1.3920576943076448
76.74310534274674,0.9626504824322264,-0.23600997299436965,1.2704846148990776
85.69386755207988,-0.78292223645569,0.8452137506185282,0.9911976251447043
67.48150713109405,-0.1543566973470144,0.009413756147877761,0.8510105041983406
73.60417060513377,0.6472805282136864,0.050473024452288406,1.0478435313414671
21.136064184017176,-0.6178742881117292,0.08854420340229208,0.8419548304204479
23.890603100565105,-0.286977413801244,0.31297090681384354,0.5893199378292401
78.33597482713373,0.8268910928529867,0.8107592868928319,1.4221485352401366
49.320848028860155,0.6925383093022479,0.651940604258157,0.5204585775736025
49.78304175761696,-0.6981792832116007,0.10800162261669155,0.6879087729116675
62.16606244933146,-0.8177925199770184,0.9634458030351358,1.1951623514956942
82.31614376891146,-0.5440302416111008,0.7150055118937844,1.335891896859247
55.119195499562245,-0.04804163485857105,-0.9468666115383505,1.384713001431006
44.42952843648731,0.998602832777429,0.26179222778032996,1.0988341992915729
17.064594457429116,0.9384049349415062,0.6907938064224382,0.7819141437368125
17.494949774474545,-0.9989807540369127,-0.8983657831445863,0.5117605568479195
38.290386864260334,0.8961686583372499,0.21795925503464297,0.8685077879211509
47.6029842648776,0.5834615922849471,-0.430601974031505,1.313388651471712
30.870889086941343,-0.46175138455073683,0.7914511341580153,1.1093733397820043
70.07885542879613,-0.3700324614062721,0.22973147945517502,1.1990776619235894
52.85596618792502,-0.0963381334673542,0.9164763224642545,1.2806391667282375
41.1911807819732,0.04128145667046845,0.2627980402481078,0.615357148014939
22.65462653183499,-0.6420755596168297,-0.8061678970123377,0.5315365835491049
36.74214629979,-0.33764985515678714,-0.6852570325637124,0.5378328238726005
85.63705679275327,0.4251453464817736,0.5644467023043189,1.468344026109957
60.23019195399867,-0.9946043511665646,-0.7725358895028006,0.8973716279144001
50.45556928337594,-0.05807948632493409,-0.9506376496556628,1.4491736083730966
12.50150742068171,0.9464071078090768,-0.31605206869112046,0.9394656124753356
44.859997475545214,-0.501316255178587,-0.4145704048836255,1.1467007440509236
47.20280366241912,0.6726558799070894,-0.8974752048580075,0.7741721075863319
0.8580032300367764,0.18421832607170474,0.929437365716842,1.0170922856674387
38.19754496473035,-0.21491948090004354,-0.4928574984848446,0.502093495217389
48.74118784795099,-0.18332013739207575,0.5980233040635985,0.7556592607962394
43.64526455614683,0.18713116865542645,-0.9977739911977273,1.421719014408359
28.897189085075265,-0.24206684554365898,-0.4069126309037987,0.952674833990273
74.18554565355822,-0.6051998880499107,-0.8869519182432499,0.5029953965646466
33.323287417166384,-0.9407340986907222,0.6177508297733743,1.4687186379159018
75.18113559099838,-0.8448895597168907,0.08577534112131535,1.4796036532252481
17.73898356912855,0.235380767603381,-0.6913762574124303,0.9787648046226667
69.48410999288438,-0.045322182447376735,0.649798836369269,1.3473288293681485
40.71721107614715,0.16762482434913828,0.12673258202602322,0.8032311618317123
25.615733163154697,-0.4250777773772594,-0.24561308806544568,1.4396013589170946
45.11648013062568,0.9607033292093432,0.5546135361085984,1.1836147567686548
43.364296445065584,0.6025292559338851,0.8590455491098712,0.8438337928766112
36.876830079134535,-0.21565056751966816,-0.6745019180243175,1.3333569070449016
76.632256073585,-0.1362645951446072,-0.08288881852310137,0.7641599952753739
54.68963477381125,-0.08386139199059117,0.27960854417953174,1.1123038126924651
37.43974006693215,0.09782429603465848,0.36988755316483846,0.6679841344550187
8.08679071422222,-0.2912576698604594,0.6291338028183382,1.2133105792674717
58.295740906489556,0.7369954800031084,0.42607152740357956,0.8710666599987421
4.951100176036729,-0.8732014646900929,0.3832055302561288,0.6129151347650892
85.59819951728956,-0.47419713213652437,-0.6131707575891511,1.040281653427101
34.52615262502029,0.25696404238937665,-0.41916048096484015,1.361311843890018
80.02131054599914,0.8303640522711284,-0.1668759784007695,1.0388801758494817
21.671985790007483,-0.5823154990857156,-0.05701042576306792,1.464951530684155
59.71416330399527,0.28363665604014665,-0.8795718401104745,0.7136372877089647
98.22292408404617,0.3876859093870131,0.6792712409720365,0.6788980516897771
68.45463520450429,-0.8949625959068672,-0.878194346226016,1.0677870403266565
31.671587667325944,0.50152534532988,-0.6581557359368343,1.349593788889262
61.296452329790576,0.4104643794779641,-0.1674859025853358,0.6706610756252076
0.45443922354122823,0.0707118066662602,0.4259952076848046,1.1684914736048555
98.93399633452158,0.5918320706623807,-0.5837426505854322,1.4182661471092315
49.18700155189411,-0.3496851695666767,0.6627836626801971,1.386878838451577
97.30521378930487,-0.44133106364178987,-0.9783462046156383,1.2290305461223028
61.75983927918608,-0.7319486926202063,0.19146656846732846,1.2628219953001931
59.03150135591003,-0.2892247438397605,-0.9617467408209376,0.9691633341087383
41.469285396636536,-0.04880027534683318,-0.6109769115690784,0.73094941165706
30.18545882657438,-0.029432743649934645,-0.19503710641322614,0.5511344081305142
50.69689955620397,-0.07232766836489024,-0.3902527078798249,1.1705708855608714
76.00197325605694,0.14832104280784542,-0.5726266823728525,0.6032852604533228
20.689820068031942,-0.667008209299675,-0.7393031164383854,1.0431403442152258
92.84257840008598,-0.25852339637716193,0.8508892524253024,1.1449993665985323
41.06426875738179,0.0646030887852942,0.698412984987743,1.4789230648692147
63.60280445265868,0.8698516864279675,0.756023529027428,0.5942437931808267
49.56445972640641,0.8906000120237856,-0.4781431704228669,0.9942462868777331
57.7971423854512,-0.15682094968264904,-0.8624078843809465,1.11042044763842
41.446768812870026,0.7529669233581107,-0.22342771234815983,1.294881561141882
13.864417944715285,0.09360510343363426,0.18757968740419972,0.6512286459449604
19.90688186079175,0.28050139189106504,0.6866711426410153,1.3217652218374092
53.275419890359586,-0.8900885597146984,-0.7595609856984022,1.2274501356323442
59.699074768233096,0.40309283113516226,-0.4739893861076656,0.6399695255751547
25.0082553991476,-0.22744499175789712,0.2770539344060683,1.228656834570549
31.99633757469307,-0.38223176030987216,0.046408705469622724,0.5859079223891569
94.8226615667502,-0.4217051989431645,-0.09000210434610711,0.6120733916162457
42.41173353650025,-0.2030818705477796,-0.6838006265140613,0.9705723708002036
33.92695884972059,-0.04714588669934927,0.760873938271416,1.424479703403434
34.287830885944466,0.6719395322281192,-0.5805320590739135,0.5570548072033565
96.86789506549135,0.17478383987846602,0.4129925800149694,1.1779620537698083
88.76682650612618,-0.428640264883134,0.34908447399405085,0.6633480889030999
52.55197961046358,0.11045931973608769,0.8145668046555723,0.6993254249092272
13.645993111728938,-0.7501059675285494,0.7493273154029327,1.48432601075132
95.32156263929862,0.39571943118696584,0.42303069639097934,1.1665003865324237
93.26711781612534,-0.7165655977347657,-0.4449074862438823,0.7483972081892429
34.94155153254018,-0.34668854519960823,0.867016530478244,1.4875405674898399
1.8590568937172671,-0.8602257150690251,-0.880841723822838,0.9666529574738929
53.655961431508494,0.4309185215177491,0.5914580213914911,1.4447979007266822
27.4515247178902,-0.061445978388368405,0.19078432977167892,0.5972273064927952
81.98534409555401,0.5009175453631767,-0.47578423642278134,1.0307707492488263
58.109892753299164,-0.3365165666676292,-0.5408960222137269,0.9811092021258838
29.8272550192097,-0.12997819353821205,-0.9882097781968725,0.9500651593344834
88.08984496248718,-0.494710283236959,-0.11534530425067213,1.2092037691849715
30.082874713725104,0.9659863568352842,0.4211492010971347,0.9931180777304279
18.18708403822191,-0.8311196237283184,-0.6312472684499304,1.0953881805013537
83.94814668706026,0.9287567805797912,0.9916982931239509,1.1322652676843865
10.532751685885392,-0.644201174603273,0.8191028792618842,0.6482973721161841
70.24574787723613,-0.8473343115171076,-0.6794502940942186,0.8662052473950709
3.2192017889330895,0.3632172198277974,0.907289043091227,0.9180208020416721
48.52348968474372,-0.06672350675034533,0.7372106435023567,0.793510255305736
33.53808276899848,-0.9729030518851125,0.25674589305241846,0.8821945629286067
68.15502819802217,-0.8777928855805973,-0.08712578055120923,1.0562340340037497
1.9197327793251149,-0.26436375259191214,-0.5491591384996513,0.5597156259305911
94.66487316786841,-0.8786990214451148,0.847776190960065,1.1607678073827192
8.881467980152747,-0.6840058249657479,-0.1241727044416977,1.1619346256684666
83.01335866784832,0.4054818885416074,-0.9186725324035819,1.0019418915216292
38.66364340432776,0.54321382468023,-0.13658582496774863,0.6304582296438552
40.51407473328573,-0.5953545466379105,-0.9765429516352413,0.9473288560028336
30.30511104449064,-0.05165788777193481,0.007297034528206403,0.7886093048720668
97.9354279408709,0.9890103302449074,0.907334477447941,0.9438183777993605
68.47664788051858,0.9059535910760612,0.7411128255902488,0.8989674144521245
57.38190227039257,-0.06030937369824041,-0.019316088709470436,0.5958811569631277
96.25987905651307,0.00035427956686051587,0.004697681971083112,0.777794546580341
53.35049943617075,-0.19876434814265254,-0.5763436878657924,1.4707673852455643
92.93501188793329,-0.29324031290479935,-0.051335717479450094,1.0707230768899043
53.70394637763686,-0.20146307634469762,0.4566143833400449,0.828297997557013
40.97765930796369,-0.5530572751669036,0.7872061433226902,0.5913354871259981
25.931351764197565,0.937847825214744,0.356641528907228,1.042568376796549
93.14321331549567,-0.6559571252331367,0.32613493190969534,0.6969982687788707
52.970793851178854,0.49381769947103926,0.7544723008091785,0.7011540750059814
37.516082762589306,0.5771781818664832,0.5181563624911811,0.6591692340282788
92.74362712452384,-0.025413216399043037,-0.9266541164319873,0.5248645578635018
8.971797845103524,0.5689791644724429,-0.994912875108129,0.7666630174424565
97.03420034598244,0.7414527962575994,-0.73183463340681,1.058832029949261
38.26522871978327,-0.8434720590542804,-0.4443208851355027,0.7766572510776306
83.13254071529637,0.7813542110517406,-0.06480246634814879,0.5328346283800625
94.78889620331428,-0.8993889048536468,-0.7946045110538662,0.6568410693498431
31.472423631951685,-0.28797994518906866,0.9774605313614291,0.6043968968367497
95.83591711244055,0.8254958570617807,0.3150205212049537,1.3749698741002734
30.907886646884037,0.8342749423705549,-0.11337899361896686,0.9679865722960728
4.133628343758596,-0.14589997139227373,-0.4425191744176785,0.5405117313862012
98.66338578138982,-0.5277259661939557,0.2837740425487194,0.5389138930709543
24.560177743228635,0.5566054409291012,0.13738900295295786,1.3440909905630793
3.5690023772438177,0.9580160139542111,-0.8645367352585973,0.8734955069306704
29.576775161913154,0.3210111506074753,-0.8571693140007153,0.5330844329826905
86.82847692762294,-0.5413526162452109,-0.16252085035014519,0.7391120486536756
69.87969969376545,-0.416695991413671,-0.7680675747987675,1.3210289910809039
77.89690353191513,0.2889125658536622,-0.5184803026157188,1.1505490029912173
44.66107163822927,-0.6371506853857951,-0.08859760795453742,1.2909784231539667
19.06533812426794,0.09177788886290905,-0.9738436084798562,0.9903398567140853
95.37201348119001,-0.510229988982087,-0.9412545827205608,0.592677488715164
26.261245384904257,-0.9743268415218133,-0.9376147123326409,0.5041564703710522
78.0872075049958,0.02869283885194318,0.2871065176711185,1.4091144916391936
61.599243736719956,-0.8665195649554619,0.7156753251165424,0.6813069251434151
73.70217624584788,0.9579543501606844,-0.5860066399551946,1.016802770507025
27.243938022559337,-0.32975723216147745,0.9146865295352549,1.0059950450731665
97.61036261939313,-0.975604695615842,-0.9801438915664248,0.6700906032247593
9.29074893957728,-0.8070892887332406,0.04072096126254299,0.9292663933973462
0.7687608787898393,-0.6238797535560738,-0.47787307601332096,1.485752532821575
14.42943163998282,0.7577688600625969,-0.9645963683145763,1.1421504333113852
39.05361022346279,-0.27476288655978476,0.018602443703635396,1.4463421332018198
76.03468693723794,-0.7153075375750619,-0.8814378447204775,0.8095242585481994
92.3695662732243,0.36502922374718927,-0.43481216958488333,0.6491698504518362
31.812955707260755,0.4367884539751177,-0.7851784794888874,1.1180630965946232
65.20637883471157,-0.9050184893265104,0.4411208147189163,0.9719698265466314
13.429169139038141,-0.9225903208137933,0.8322388957674651,0.7553096774524298
43.45076246161487,0.6387798615370084,0.7672625461455924,1.366392355688989
26.3514429270932,-0.9513962921359572,0.1216999052731691,0.576337170900333
71.59422313704134,-0.476840078464008,-0.9665083219477438,1.4762963805421216
94.05820560052486,0.4781452233544039,0.176601867441337,0.9027173661321234
83.8600793504952,-0.48858344748933846,-0.10687907942326969,1.0553099522177216
38.57236723424663,0.41689371640059436,-0.21101736428652507,0.8379135868437066
48.85090149129479,-0.3833739351595763,0.1259461925488803,0.5061028014526885
76.2872095547586,-0.5984176469799244,0.18648853130307752,0.5556483493975543
45.73831286111943,0.8557824236930349,0.6392708824327802,1.4514021980651772
12.99077924823249,-0.4298155375718262,-0.9238017146504807,0.7500763252706393
98.41246305231569,0.4742019181344195,0.18550964246079005,0.6411352575387127
8.00437917557933,0.16915451459894726,0.33270855492049134,0.9017893504666044
30.97539040158297,-0.6068273073074305,0.35890832537899797,0.9491673421551388
7.566521222388668,-0.17177013028137633,0.14142782739120086,0.9674530105451309
49.64603072642934,0.5361278680019466,0.6698141801815545,0.8112691939259098
3.0582232731810817,-0.5053884509693363,-0.009524567716120091,1.3270095437319664
47.00799513635094,0.8876650149220473,-0.22658571566598662,0.9212793283467708
9.64078841488225,0.27042042859120685,0.876336041276141,0.990181938862656
72.34408913877171,-0.4492907484212869,-0.5203394947662536,0.9794600393264545
33.2838564330277,-0.16131554297277717,-0.02666054349466318,0.5423955134207737
69.56012672486652,-0.03401996704788024,-0.648410694661501,1.1868731421105252
65.31117732641675,-0.024878321603627573,-0.7621574582532556,0.6612917388279483
66.6415440275032,-0.7003311460976953,-0.3169087301068383,1.4521809772656764
48.31142007489011,-0.9572083639279364,0.7288516667252773,1.0688173865212467
52.496323382280075,-0.7231550175160893,-0.159649336110268,0.9603707564976354
58.39638768918073,0.7458497165583546,0.2472966612587819,1.0093277920533055
48.28954112647223,0.8406200835630628,0.8255384469734242,0.6046901067546431
76.8779787014422,0.39700732526373406,0.5075555113127548,0.5130909297186463
9.392314593029806,-0.4379752808810018,-0.705411257615055,1.2894212235736227
8.85698478124573,0.2128133502339249,0.055816628699534965,1.1564586671848027
97.81090033520829,-0.3785057843153522,-0.7393607751021705,1.100210563248133
85.35793904305959,0.9512062552187215,-0.7654843810388153,1.049112471625166
32.55026977196527,0.6752025032036906,0.8785040813117659,0.6140782197971084
23.117886637803846,-0.2456729715922753,0.7465623806659245,0.7838265311871178
74.36227967858484,-0.30142584023865604,-0.2794613301109895,1.127467883525847
50.65242259975229,-0.3346007917087046,-0.8588440670469027,1.0660152318352303
55.22467435058465,0.83669331040565,0.4821389776696967,1.2918111977090736
99.50934561164202,0.4626190660662739,-0.7780466830483705,0.5676377009454068
16.84713658689597,0.7684582010551193,0.7863315186621542,0.8502619680951535
81.66764136300964,-0.37159478617310215,-0.9011548232516562,0.7576771761846972
72.57274210075317,-0.07871553319355384,-0.9130031990449533,0.9518324537493332
29.032127704767795,-0.28223861765129643,-0.17424395708538643,0.5831142789865156
57.00560930863544,-0.20996343441522802,-0.6228955698094188,1.166103955168404
44.47795106314077,-0.9339779785579011,0.6765112126366224,0.9748790610432359
3.5323104483216983,0.6400089126739883,0.8848348178303707,0.934522513280173
43.942746588444344,-0.5467259145198861,0.30130710924626625,0.8204255021043183
64.1042307683837,0.23950758631469116,-0.8669200896722759,1.128299583955521
39.200152155758,0.6280831993223683,-0.7609556791150079,0.8477905132247594
34.03349399019836,0.26381526964228796,-0.07632062962138253,1.2950346384407965
10.61331504256358,-0.9231159095713207,0.5484349251400968,1.2494055038651037
40.86320772497967,-0.02634303841040342,0.5335687803456006,0.6993463152126815
91.10964378617301,0.003256487441141598,0.570979204708735,1.0639401696756674
5.952474589365707,0.924167801420529,-0.20178720763559488,0.8445609778264065
88.44134381292096,0.6210150934711298,-0.2257207181815134,1.1245134453981136
24.072314544969647,-0.874833135445497,-0.2619027584920456,1.0853775072090177
40.759804478501074,-0.14363437609520968,-0.4322706447444409,1.4213333413108935
57.17806149778314,0.41196151183994667,-0.16917221292687434,1.3952151213818529
59.821080894950896,-0.024375010874959746,0.8005323481575837,0.5412978123318836
10.060904965260649,0.5170303625359307,0.35741917765328224,1.2675698926713523
99.80839000068386,-0.6780303357373322,0.6010603917031383,1.0672657082711778
67.91427065515701,0.4538953906060943,0.7691165334834107,0.6999332857947986
97.75588876967764,-0.48093724392343473,-0.49154745700986713,0.9193537907542082
49.872438187891596,-0.8094080992629753,-0.606343839457978,0.763046199685919
25.599401215343697,-0.5592286677803631,-0.032799698026627855,0.5841516459278608
33.74384797077584,0.30011017346480284,-0.4664866010526305,1.0009463949708026
22.572998196746507,-0.18374707274773194,0.12254668552646053,1.0131806336739555
48.535422584466595,-0.17554594448006822,0.6040198655205569,1.0792355362392465
33.38504963601874,0.3713770185005487,0.6712803584329088,0.550867465146248
18.085118838177717,0.4564453171095466,-0.14932544970252826,0.6366657485168017
99.55182415023437,-0.8814073169578731,0.597295441614786,1.4799198509414047
96.53192439619504,0.45899245554009904,-0.8378096114103706,1.099229247581866
89.22441833955241,0.4242505679574873,0.028179600124462523,0.6358576309577296
69.70834588087436,0.19995487831139225,-0.15766369754939769,1.2256447476618075
45.988554008120055,-0.6091550472037793,-0.34422926300700896,1.3417903209356479
56.676069089477906,0.9634055766678724,0.6826930114272636,1.3361157136177213
11.46866463056976,-0.07001890842528113,-0.009019688597751152,1.017593773784656
30.517600266840518,0.2660483791252737,0.5777076178652945,0.6175562360100206
9.484879816278305,-0.12615584010623482,0.1961515170793695,0.8523642235960949
68.97475498249275,0.09257445476754533,-0.14140109252515431,1.2887369340989427
80.47523640009932,-0.0970863915237925,-0.4805199572077601,1.040500642203956
7.830598245493232,0.8580395055309087,0.07352819524145704,0.5435046384559532
45.134582990144715,-0.9083334120606479,-0.8830599052735122,1.448409018316863
36.69677959294654,0.31651128557330543,-0.968838092353161,1.0812312627545664
12.390178949152798,-0.24436415453647553,-0.4221937228368531,0.8028745260956113
69.65417595317327,0.3678579642171238,-0.35907683133219814,1.2733944698951642
81.18035696521665,-0.13592672714454934,-0.7604255087937272,1.0627942509017
88.76419694999524,0.17184613310262353,0.23400141520795348,0.5759820570558385
56.38246145665198,0.5680619713595527,0.691602221800192,1.238968585882708
2.474161378109546,-0.07415475291195295,0.534875643614144,1.3619972391757917
78.99504866684985,0.26182030527673206,-0.721306814153755,0.7645490619990991
19.123866389565613,0.22902570283327894,0.7697094808447933,0.6607460113554982
92.23814250568863,-0.03640322953842101,0.8183766992831525,0.9588738322025979
36.0574503420449,-0.6957368877406047,-0.17623305395674482,1.0073136106742875
89.33797766015876,-0.9417783306809366,-0.6213171396517819,0.9710522415627321
7.470769178037622,0.4773817140129608,-0.08407609496793689,0.7104891404665793
58.91074490687781,-0.6935632975403249,-0.1359514723083448,1.0730645183861791
26.31885460505126,-0.11077341936534324,0.7457715081654039,0.6023334186917115
41.34998639952428,0.26798559027370406,0.2657840717699882,0.6283072839797291
35.76203514432645,0.2768681479765065,-0.10050896672166143,0.5724102219075597
27.73677202742221,0.10051086165966949,0.4843818620556828,1.4296762090257211
73.57293708291039,-0.6573004618160261,0.48278074742849886,1.2630734960201622
88.96806778996243,-0.7426669672551345,-0.6266837688309442,0.7503602176818979
78.86111849411182,0.8215484735831817,-0.8768997285379553,1.275719277637775
93.05792668866077,0.8052611139699457,0.39203827138862146,0.9538377737961989
35.958935116749636,-0.16872475341692128,-0.4973598982667944,1.2211779620631917
43.69995137077729,0.6705846554471779,-0.7417038032073171,1.3886710930561947
18.864629726890144,0.2055989176987547,-0.5535710322424046,1.4517900788065141
62.564788009069936,0.5425854018049592,-0.08662232180812635,0.8910744980070073
34.22670671605586,-0.581623008179885,0.7276582450940161,1.005125340191782
26.61424384242221,-0.3357261669342707,0.6427889400614497,0.9761093178598137
16.898197781713712,-0.36266846285762544,-0.243698421208983,1.1932618868942284
15.434210829983458,0.5938435306653618,0.9007910836710811,1.3088527655869662
13.22048115753939,-0.69508082885312,0.8663067526400858,0.8583077875745246
51.5577059027647,-0.8330428321242637,0.779917788757079,1.180376499742259
42.46683948443315,0.39260577893323845,0.43798095137887416,0.8407349136529725
42.293465204353595,0.1472429331812255,-0.6025936319381038,1.4455777552513633
46.92637409839537,0.7479459865772664,0.09255852925017183,0.8435702187677954
86.85437338037671,0.8937707027655346,0.6471222500180402,0.8889729281660737
9.07554691049961,0.5076997124685401,0.5858865829486357,1.296859087399346
84.66618847541059,0.7460330479501036,0.4344760469462574,1.3395338990075065
34.87281094962983,0.7736485479047039,-0.33343613791792326,1.090004435119555
61.31267655315769,-0.6103167719680976,-0.24408274861398804,0.7564721679432983
96.20493643266983,0.06985539864528323,-0.31201172009067857,1.44873567611327
62.38813066954523,-0.8122510037619264,0.4307434400974899,1.0246825214898696
17.68634199291169,0.708774043200531,0.5846280486240023,1.4249685508198644
93.93764761608927,-0.40292058975973855,0.9393649409877984,0.99646522955461
9.999730389137525,-0.72343493027795,0.4224458639892079,0.6871725748935738
13.675574863879442,-0.12879676759238012,0.7580913113789924,1.1976934165511448
28.864987109138674,-0.9877359406885523,-0.6644835970355762,1.4307748811407182
87.28253862281178,0.34651984382307743,0.04683485279479793,1.2750634092875568
40.28720573167446,0.6653752479953601,-0.5096427253260222,1.3758362525578414
24.247164892679162,0.2707832416507525,0.9110966008486088,1.3254783271625064
68.2341884839241,-0.4893563013140766,-0.36176813075217473,1.4946662787293843
93.97622182058095,-0.3484704763745655,0.5675414479199183,0.7669257105548319
3.812545340196488,-0.002537898680285533,-0.0999436545553617,1.4790083144816402
84.61182048001177,-0.909107767659198,-0.059572725057368214,0.5005436980860675
55.74925101680752,0.48391139971409247,0.9924968847414726,1.185262197389914
94.34850124370874,-0.4003953928359786,-0.5179637304784477,1.3781751564716538
48.382640465765384,0.9029696045033131,0.8969594587488467,1.3686572425654373
95.78419286287769,-0.5550906844051776,0.20659037966219596,0.6685206556778215
2.2741075331383622,-0.2680673854818296,-0.7912685627329318,1.1496737110147373
76.97560150430382,0.10905625983244072,0.019993894566349146,0.9978306384908133
56.21973617033177,-0.2940132884388027,-0.8107719230982586,0.7738062758753307
99.10075548046493,0.9115012634224455,0.49118555460176805,1.0444446453557323
69.34389877932078,0.14178076677470663,-0.9848122077758382,0.6135628451995705
43.50838201232751,-0.7763767179217198,-0.7173160928060733,1.2342470221769593
25.66289131612045,0.49448527869854475,0.7937748898780661,1.311548244344976
35.138359444931275,0.9257062413512092,-0.061343979417895045,0.8977495359544564
41.823188398342886,-0.7120065437322164,0.6164052127408728,1.3579042995201798
29.327529037392257,-0.2865422556621482,0.16483072753409966,0.5677453054359367
91.73987871147035,0.43442027426317575,0.7524940145295416,1.4693787114446315
47.27975968772301,0.13064790035364737,-0.5945417860744082,0.8044016447497364
99.4079348159697,-0.22106229078507522,-0.5563544548894503,1.144525052051498
43.8143235225872,-0.8165610531839737,0.9182900566624188,0.632789575510158
37.13260715053017,-0.5097720119492093,0.2314464992071552,1.011194963943053
47.50004813777963,-0.26706621915904993,0.07499189309881493,1.091542314845147
52.0676758559183,0.1351531325537103,-0.43930289238703424,0.74067637967502
1.6883209607908103,0.437371341525451,0.6492854802494488,1.4971494005289816
1.5094577421506097,-0.8027624475042128,0.1380255701713864,1.3515905685917493
10.445046278312555,0.07554807996868274,0.9035313164130645,1.075783309696091
69.09905613737784,0.5472341257761528,-0.9116099099105316,0.5246016895395904
99.31558699012415,-0.9541588327890734,-0.6981735253230381,1.4903544271613456
56.0159121683167,-0.06754872915320176,0.9460998219738885,0.6232003963748572
57.28562108756383,-0.8716739970860471,0.14048672956338693,0.9158501560251154
5.58230605574719,-0.7804601352316148,0.6783324080259221,0.964488569871691
90.46322131147639,-0.4973528030825717,0.2977622904060475,1.3024444429097117
75.78223772388168,-0.9626690742460042,0.4433026080300231,0.9306867772338685
99.77795874265858,-0.48315375487663526,-0.08372436432237418,1.3453752024194556
3.5533639335197877,0.8896699277238238,0.9454529044230053,0.7595845267077415
31.79068109605983,-0.27741289730620244,-0.3243683854805125,0.6487311730991225
96.4012466887021,0.5815298534064801,-0.028995878834255584,1.3960636956485293
79.25128581137699,0.37771135303016723,-0.42673094632819175,1.0483460185970666
71.12445709524977,-0.939054974108365,-0.7897908486559362,0.696069032582685
52.06075536924626,-0.7396338078143117,-0.2708895899347603,0.7399897133716379
15.05903385050178,-0.8488304403147835,-0.46875363412056126,0.6952158465956499
17.349263585233963,-0.549935002948843,-0.9846474675447813,0.8021048648388136
65.47174002236794,-0.3561850460896646,-0.7746263887823536,1.1688362410152364
71.7358634101573,-0.1026688189029783,0.11999134479723739,1.1288952973223894
44.0911628621839,0.9172890701528138,0.03012571597807545,0.7985910240699736
43.705102016348704,-0.3425062175635327,-0.8346052554503419,1.0378693056072539
24.82989846925639,0.24579672321052515,-0.9710288869954157,0.6638591588011906
84.29400155932713,-0.7952323530345253,0.7032442811170261,1.1310109414075882
94.10200349288583,-0.6366344471875558,-0.06604602740667365,1.0827234483532358
88.12850316045893,-0.32847473871270516,0.7956097243086488,0.6921447316520342
71.99770973370437,0.39005609327241264,0.993763750218293,0.9583548801117806
70.89664373306032,0.7984290822365028,-0.12108635564266268,1.0164138659740405
76.19272338829177,0.839480546117658,0.5688032071891029,0.8900769966497017
94.8963737743853,-0.8695004898812733,-0.9299798863356706,0.6526273395904338
82.68230937274596,0.5250296044921285,0.845635854986984,1.0957628707861902
2.0038059639079986,0.802051042462111,0.06704993915899227,1.4421035025775237
6.067672625383106,0.07822218853060137,-0.15372135364788608,1.1125132666229933
83.42701158406149,-0.41971787036324726,0.21427920004982814,0.5104509903411268
0.8167692891418382,0.6078576845709964,0.2639894625022212,1.3607750234266565
35.99054841809502,0.6367560476923095,-0.42353104028522115,0.771179818932414
37.82789529958398,0.47874614792343806,-0.542661729917839,1.3403426277788368
0.6442656743071996,-0.465482389819765,-0.13073701093219203,0.8945957124947279
95.97383866430994,-0.08784677753826053,-0.8951213379320622,1.1989769413509817
22.158750469107193,-0.458674051882377,0.09964443933717781,0.7300556416590231
0.6797091075048279,0.044118104007444314,-0.929000489559868,0.6824928570603317
84.44694041628397,0.44448278783087525,0.9179931072801994,1.4372633060225715
10.814520825772773,-0.9361450033455817,0.7962804623508579,1.1808690781728548
68.8741578365915,-0.3589158393658257,-0.8596181264514536,1.473501918533743
52.44963665259688,-0.9198462646976072,-0.945959262493584,1.2173684076051114
41.39252251022473,-0.2290536172723011,-0.012596665068329016,1.325869427721812
64.739876455285,0.8949121847622012,-0.25121360480807853,1.281487928192632
62.527783796024785,0.9874893105168636,0.16021861986736297,1.4900234373444332
51.245307261761695,0.259655616543619,-0.45709260096272786,0.6408513122085897
23.386592373152464,-0.8983489014933117,0.4704922757209622,0.975373471607329
13.609380431769935,-0.9145708448000333,0.20468480413864443,0.5645772564188197
20.06527142482862,0.2761558358350109,0.38914193643945216,1.4275363624752408
60.08000812464094,0.693156980765703,-0.6995041949526147,1.3481130075542378
33.68059815624145,-0.82498028176883,-0.7097165067888465,0.6164474363395726
24.208474416113283,-0.053250575381327936,-0.0993099703189052,1.272015942730948
29.284112485022916,0.11579214621813838,-0.13713553502874898,0.5097903930908644
66.69835466349193,0.3762246543942189,0.32844280890710675,1.1710139085708455
34.007498314807556,-0.5885464552819919,-0.21047955509213667,0.8906212496058041
43.96811059406098,0.1377546620336092,0.6704192198461751,0.758650345561476
82.99524064903679,0.7204195598578742,-0.15864037563696975,1.322853254865597
12.964247200669865,-0.006229789321205215,-0.2950952171863477,0.9870397936408
85.7605101966227,0.16272270829496094,0.3705974827199301,0.5199151433711307
30.25312192402007,-0.4041195582039938,0.09347017880928643,0.5790577160986595
70.21240089912195,0.5001084399287026,0.008746038939669187,0.5013172751101351
91.54407628992207,-0.2243266020086283,-0.4485835719383301,0.7918505345488591
33.496688708090645,-0.7190098697570146,-0.3062336782089592,1.2270375691103064
42.558220634664146,0.04300461770224828,0.15457540742704645,0.565235959982404
59.04708989535564,0.47277693768083306,-0.09609472272398956,1.3109451441471656
36.52635479520925,-0.062320363149536706,-0.5335987048528328,0.9084466130738638
50.97727176413521,-0.0992949910737081,-0.003045846403390007,1.1418284429390022
89.83142860793289,0.7440527938167376,0.5768534373111149,0.738522340908002
63.493161084154316,0.5707521315843931,0.015501590659429132,1.0061207302911614
37.54674623521764,-0.40731765649021034,0.5466375294219648,0.5960122483958854
97.64599807488275,0.002056571157743381,0.9841821895758254,1.2232719592742793
17.815685587284268,0.0639366935810235,0.6302764835839509,1.1692571738939987
4.4485115030211135,0.39324265009681736,-0.41054411619304143,0.6844305013928452
91.87788520899272,0.007022943011544047,-0.6875691458113087,1.1362807788704241
75.68654681492238,0.8770468703209882,0.792095728471542,1.2749496405167773
47.573669135234354,0.610480431709711,0.7728034606051242,1.2027429142246624
6.579376183747764,-0.25020352096528076,-0.45820759888472506,0.6714748311083745
62.921925017914006,-0.1523900273632115,-0.7247505248331152,1.3473520212534493
70.17844025267267,0.6303220405558723,0.4979343223012247,0.9574674662297964
76.72313805912523,0.8643517942409231,0.5447475108891195,1.2659743446693108
98.05197436063563,-0.25570294271870353,-0.021997206186309848,1.1039595417282762
35.629127445118556,-0.18152321262454796,-0.5040118167402199,0.5924444026049149
21.13278199692832,0.7125792166142191,-0.45476460330335033,0.9481762937627392
69.69854233305045,-0.48538739900400085,-0.8661655550248678,1.3262702763581506
82.00321993390136,0.027257464081741567,0.024041648570026997,0.8860711290811196
83.32343454178732,-0.7883842919746682,0.4510652394002286,0.7860680457726054
51.62163595219508,-0.7075369991920326,-0.3639061037972614,1.2347219868032449
16.044003842249797,0.8172768389195253,0.12857592204789903,0.5945674400324388
37.40699360693032,0.5383939173093593,-0.31113498256748273,1.4287985503466554
31.432214907793693,0.005735763707781727,-0.07016541430846324,1.2789795425931931
50.31430424426125,0.5992922799419236,-0.4130878965571215,0.9426778306744901
91.42836521832206,0.5024863527723284,0.3738386897226431,1.4375327349555103
46.201442947354025,0.04791042613622287,0.933874248078367,1.337711552101839
63.38913466649105,0.5981450021935628,0.5665713913253203,0.9876675149277283
79.98206376362793,-0.7203061651157705,-0.5138446234213003,1.3826760329116894
89.45278201816049,0.27452358682953104,-0.934933102672851,1.3421907781862636
24.679633270984596,0.3459489053929792,-0.2073858899937523,1.3298307072516888
63.207373113232855,-0.5633214137816578,-0.0635019095900079,1.406768072402401
68.32693946067153,0.33798995784002117,0.24764886041334688,0.600788109550113
47.828876010056945,0.33844727181367285,-0.29409116968310367,0.9298083047565491
81.47226609429377,-0.7701808792917183,0.8318286835949782,1.2625200070205151
68.59134045457007,-0.7570524039915087,0.4592956703399995,0.6751072675900406
7.4344033415823105,0.2080085739401878,-0.18319092618704147,0.6733690921517097
49.60165882125938,0.34420721084687567,0.7182237800729987,0.9669199478448983
1.4319108595583263,-0.15647116140579354,-0.8925980310454966,1.3413144945014341
96.11084995475252,-0.8953908738583606,0.6661709697835414,0.8035307741189688
30.764410927638718,-0.6897924667134885,-0.2090514839641826,1.0565711623733471
36.960286697619026,0.3666847378557996,0.9344144781646786,0.8939907662426438
24.380073641364074,-0.7890795610463502,0.31193635223549765,0.8288292924222689
38.83161803798229,-0.2489621234977124,0.06336272911499186,1.3301637589652548
45.183133802751286,0.5966212498399317,-0.10507888222976913,0.9530102253417212
5.212599606244904,-0.5582740960361761,-0.6144039389517251,1.4470738846788773
44.39914997701048,-0.2534452530517972,-0.8422173635947143,1.1068672169653744
46.972689548429756,0.681854144654646,-0.5707757830298015,1.1261347770067887
68.73870236681199,0.5466058076436517,-0.7987789724097492,1.150704317433581
15.49442190698706,0.02536765372665628,-0.20467787242748814,0.7951875020430805
44.328188790705056,-0.2387337794565021,-0.45372613699406317,0.9398967889402541
90.56877827062225,0.8794417953612284,0.06602205090596547,1.4025588556122819
59.78132940866625,0.7074516543898128,0.5978801948982608,0.8693807398641917
45.235817272110445,-0.213101852801433,0.46292140258795467,0.7692599727320977
90.48857823748284,0.31398893297937946,0.603454718574542,0.6040264318173438
26.20839554744797,-0.021287463239590076,0.9411638140057073,0.8766512024345465
18.1510481548252,0.1862242043663207,-0.9095672473736096,0.8487869282540941
3.8959449509884223,0.2926000780284739,0.7595205503355607,1.039602575698087
24.617448384869668,0.07165099247815321,0.6208578154992379,1.0634057135959845
29.43430207198129,0.5855235765228766,0.8366588028666586,0.6387932314996418
37.7060723679752,-0.8060495187533518,0.5096046527523301,0.7242560314253865
83.6526103739954,0.753805254183836,-0.5584192132669712,0.8275258177443182
78.8308623250011,-0.5183006994975623,-0.06534736730658686,0.8390433744045771
26.77897027549545,0.5132341913331062,0.21648995046063035,1.2794339433446928
31.104787460680683,0.04254856075902724,0.7352883294576646,0.7378146504001929
57.86166063684494,-0.8932924214912709,-0.8397472177268741,1.4476857767848361
54.148341286685806,-0.3081536115376572,0.16733143660595085,1.2791940130091364
52.64930751837002,0.08377602040732057,0.3730552448641813,0.9057830340898461
73.45162080218086,0.2139226333659845,0.5605314690869694,0.9759726929017156
26.933182795264905,-0.458482887240802,0.04384194853272105,1.1430882526807804
26.39703048790949,0.35779084349732804,0.48558265331463635,1.0183846092221955
67.21873005447307,0.10951477357895434,-0.05265858580560623,0.5360926281211466
55.776018502887595,-0.9886587495377291,0.4168887166867352,0.8426165396406746
98.47059711003469,-0.6856832052783706,-0.7798799846159985,1.493546249653941
44.59044536072119,-0.8525978178987764,0.2430880285256316,0.8955941371684208
57.42173547977315,0.29420119606216555,-0.6432171436922368,1.0004160995999143
92.97003092357234,-0.19352014341152335,0.7832162941047245,0.7593027616416799
46.312346434167175,-0.7590709368987409,0.6247461403529941,1.291337335449923
51.86875246938754,0.8916538719960456,0.6001548534744534,0.6419289222217512
78.91834211809447,-0.6187087980580352,-0.5455437243339292,0.5446158572941223
64.69981125436371,0.8320419433099371,0.048311492351544194,0.916030636060778
49.589248511647114,0.16076064802127066,-0.8401574097272195,1.4705302363043442
53.67817305887649,0.23117282726835753,0.8837055932698681,0.8792085275554167
79.68706107537868,-0.8446313678813229,0.7911577379222403,0.7380724682890658
43.27140280796292,0.5850732054221743,-0.5124102612250777,0.5421398404862613
29.044178224372974,0.5679833274504595,-0.32087725012056667,0.9367284711324085
61.12482771571116,0.2982577622680249,-0.4699446855797258,0.8775049886239349
89.67071448701694,0.12258913663742343,-0.0023640656454687603,1.0746715248113814
62.98611569441375,-0.7938299954706098,0.9726213534161825,0.5226395157374363
76.53624144230969,-0.4360708719279415,-0.3467559986306834,0.7746025152680974
5.696992898268337,0.6341861077381701,-0.1906114306865152,1.4172926136255461
64.51319581434419,-0.5327700227182511,0.6466024246476763,1.4587355740073238
52.678760786534525,-0.32358606576711524,0.11043431503073142,1.205155466797801
98.90527202916594,0.17656517347268674,0.6350064713384493,1.0360353429388374
1.3746247354041954,-0.845906495817327,0.23945524802442364,1.1375495300703937
49.16101052266277,0.9137987059054911,0.7515165901063052,1.1638040461242039
20.47274616791214,-0.0664618991204976,0.12657901157934148,1.1940621340935555
88.29426446948308,-0.26890060712522446,-0.4540303965949942,0.9445173642620812
59.86544784429928,0.4349151245370122,0.054843983144132524,1.0063870244610955
25.24356729826592,0.027516860874717386,-0.635532276749287,0.7940668378476432
79.72723238297341,0.3504335995165735,0.37494465309160696,0.9499533872097262
61.45590816577,-0.5512049383261237,-0.1973300045345988,0.5529390699113097
31.61716149109553,0.1083765368943983,0.44345315574322397,1.4771641219833849
82.80744475251838,0.4270123303108684,-0.7713589301042576,0.6604048655534563
5.060710973604713,-0.29520141808673706,0.5492046882075725,0.6556745313621484
78.17315074480013,0.9481402794503744,-0.5602598550416171,1.1266550764162306
42.65605449642471,-0.8266766308180408,-0.7140984408672162,0.9891625236252723
81.22450185940522,0.6070544113282039,0.9570422472722813,0.7290019884456093
8.429481997123963,-0.3811298867668883,0.855939163461527,1.3690779260893216
73.80040435095772,0.49987810845126024,-0.2861846020965305,1.4344569839912213
32.76402080098173,0.4260432731621233,-0.5759696501071926,0.8416471041357434
4.518988980459071,-0.5744094889447093,-0.7809952036994366,1.0235406211727092
67.4235124332164,-0.48888793187189283,0.14555333028330542,0.8568296350412917
10.154897399702785,0.5186280859473644,-0.8631670927156831,1.216727048209397
76.94802058654659,0.2342986495948316,0.3912754188683849,1.3926026645355565
72.89555082594926,-0.561580076122187,0.5737575609084025,1.1967769023044137
57.45928421704114,0.44940106693159754,-0.7384636098806412,1.0313440890625727
32.605929494715596,0.20015929806568256,0.8702463788097432,1.4955722803109057
66.54300485314168,0.45235338975476047,-0.20335824130487956,0.8245785971348857
54.32436085130892,0.2207001437883671,-0.21211063173672517,1.2808928357873923
62.95970354770816,0.6045534771710854,-0.28019330464958825,0.9094003782469278
72.31121248978482,-0.15959886106724452,-0.46142732530917807,1.4368571826693373
76.83863342303854,0.7911806334621456,0.23900582752763766,0.7725753195986971
6.4381924835345234,0.12992865863559522,0.6130865107345091,1.4238227373181007
45.463472837731864,0.6216446773199498,0.5938715846532745,0.6527442472901095
14.381281480072447,0.19599901183171808,0.2996932625839488,0.6945801793996785
99.38590890917408,0.1787838565017792,-0.1259400942068878,1.4593846953639527
41.56460154607706,-0.4192206876060216,-0.540177684922061,0.6829106985492592
11.125431823781595,-0.9922942594742735,0.4883869341611171,1.48231885684892
90.78745920981032,0.7678596597426859,0.3557189801564975,0.8893598039826138
88.53079824137338,0.641322043884585,-0.5439497013866351,0.9861567879742548
43.09754219002506,-0.38289828575062634,-0.7630625070245234,0.8730358628489968
21.26775437010966,0.33405696459447665,-0.4832985049793611,1.1697244632468333
38.09830064764558,0.16850174676041152,0.03530352156717531,1.3190850927793982
5.890508779159116,-0.06321038224134612,0.3435538133179519,0.9807544424887242
81.58444948430724,-0.6331032190183614,-0.43774485426504106,0.9479030698689294
3.4221955612851342,0.6513898773283642,-0.09524081589923361,1.1236872243593923
32.01720016288444,-0.09031363643504586,-0.3268835848923545,0.7092760632563774
52.8995971379819,0.9693392757577495,0.39161550632988806,1.1589218420849272
75.7555438389575,-0.8286176347516823,0.14430179916676655,1.3166334641186168
20.238197679596702,0.531312694426378,-0.6884088798948466,0.8333041199981875
1.272375058074322,-0.9403073543236116,0.9951973731701662,1.2847666219587617
37.02010350324201,-0.9711159211327831,0.34199786803852916,0.823318734325733
14.025497682465218,0.9274462834206327,-0.808783237114682,1.343090998743926
53.24563222951313,0.09068225740798996,0.9137048216173305,1.0208489112843218
42.09141854916149,-0.4450270461247553,0.9322241883869191,1.3458509417751503
55.248183537766494,0.3606205578941808,-0.3690791315093328,1.1502222568131082
98.60926100526872,0.44792361966084027,0.11915384280913432,0.7465645337399458
94.7132809551844,-0.33194759289077913,-0.8040827271372326,1.123474548244062
99.93105346280686,0.1076726136118622,-0.21998920765061225,0.7214206550346032
72.15157302779504,0.7647914606770876,-0.5450585529173346,1.0523989108130127
16.185297498270177,0.17232044513810396,0.21940048668717171,1.4139743916178404
30.04829760870521,0.0007885171842647587,-0.7164763928637714,0.5383761997845719
11.372654475705483,-0.4846692156788015,0.052773257324890244,0.9948904596885566
60.26608559071115,0.496753931064726,0.696391663480334,1.434855848095287
58.614736280248245,-0.40539300566334546,-0.6040295094636248,0.6542856288220674
96.7146917631708,0.7857587127919647,0.38762105050021756,1.3851126440708428
63.09687223455492,-0.6848035060124831,0.4571113218080143,0.8555655192673776
1.2023954540904551,0.9592573154474127,0.043071294685878225,0.8261793376920633
83.08116548167791,-0.26192177635590674,0.4098821198777274,1.3281362425237933
21.010998633716024,0.41890314492864045,-0.3756292391305226,0.5311500492980881
57.50395176881368,0.23636104269218605,0.9127237852030701,1.1490318646589872
68.51049844614678,0.9882235013401846,-0.5594858892518966,1.2768170700959445
14.579743454343387,-0.6206944617274615,0.7649075506336989,1.2605387447777932
9.873246753150667,0.43997889652257216,-0.891517661721418,1.3793486613989772
89.1662403389334,-0.09218032857890768,-0.4674673290310406,0.8354481265273429
35.013217369549324,0.5667603576371434,0.7642596024859685,1.4756518601506303
47.192960624850286,-0.4865332108349951,0.8105153728288248,0.618010119507202
27.884019052437264,-0.683903470812975,0.47845486850500096,1.236015866875737
80.37416175744325,0.4599455599662563,0.10266103261291648,0.6655063340499366
67.09615995953733,0.7824424196707296,-0.3770984636778252,0.5853235555144565
35.4437416452944,-0.6944996382556243,0.25391179231063465,0.8828965384407979
48.92589438692824,0.3640802861365755,0.03768140726657254,1.4117719972982132
93.24786409272076,0.17762471301744953,0.3170431605778794,1.2119712177998059
81.11987675840957,0.24393944428105852,0.12986396979405002,1.4868976906962486
40.4548861834436,0.339164401175889,-0.13814149519386232,0.6649387714241638
55.93818396849271,-0.33294405577425124,0.018815240363607266,1.3160046226612696
15.76912042452506,0.19410465766912677,0.06004222814786275,0.7956028656212544
67.462047718606,0.527217109580272,-0.22769370755570995,1.286350972734117
22.32263834471721,-0.3391583630522911,0.2703833423232287,1.0735576474684412
79.20694184821446,0.7391072580211515,-0.618995813068622,0.5270759179154418
34.07247124872273,0.0252179720074468,0.2557504491794991,1.3823650840970634
59.230557399095254,-0.07777415947307975,0.8532433581954149,1.1601661869681799
77.66466889035453,-0.20463680539821993,-0.529114965036543,0.7736632953773115
78.29667217666473,-0.47534552430712707,0.3420362832951951,1.1369320448677112
20.325105240538356,-0.4576693680457218,0.8982069199571652,0.8671390058742702
29.970357305966388,0.18066942882440018,-0.37865696424614503,1.2470833318459074
42.39436299494718,-0.8846703244616888,-0.6588148042658487,0.8849404656852515
87.31215127506657,-0.8642794147677307,-0.647635233085579,1.0607860082965956
16.560927982309206,-0.2843306724522974,-0.29029291511586774,1.2120086189473331
23.012028379656627,-0.6279617018263155,0.6520217030511695,0.5939993761632774
82.15743002125426,0.8227788819953739,0.09091531138815157,0.9797248111852309
55.71754484488961,-0.24333378734092248,0.50304024339982,1.0769486258779588
33.996194943992975,0.8680452231905091,0.8751204581145913,0.8371678132505332
60.4420370004206,-0.14415776250244317,0.7196638320862048,1.132969928002747
25.217878698710926,-0.4784162956709892,0.9875263260282285,0.6755477783073386
95.94452737582458,-0.47108507283084655,0.7950866055061061,1.201913066800926
25.73431385701827,-0.5028620836326663,0.15253908866187538,0.917244138664874
75.4085822352303,-0.9211322338370069,0.2875537131050303,0.712907982607921
78.47556764358646,0.7176370842859892,0.941855169986606,1.0886173585315126
17.287395958491402,-0.7692128347451356,0.7211658297212535,1.0078493586301684
33.11083916987386,-0.9497256989784536,-0.14730849269509838,1.4108814301807848
13.361442534337845,-0.9934617043283204,-0.5649168010142956,0.7312100323251224
59.36702239782041,0.8492104119270996,0.24840374415079092,0.5811282501665597
99.29009910989747,0.9349533417248437,-0.7968462699811026,0.8153409352033911
53.06657137167646,0.8182389599446178,-0.8073949448258466,1.3769044870330327
28.59746082957844,0.18341819952004612,-0.8268270803037248,1.3240645972501062
76.52094065957283,0.3144752271400315,-0.3790412308882035,1.4301874687550598
58.58701876904965,0.8822989087439985,0.8470923390555214,0.8599144422955223
69.15267987145718,-0.3931946509352018,0.8377388395589718,0.505174028858635
6.756733794260213,0.32355517319709914,0.059335598145241475,0.8998466508910363
13.094674493862946,0.22607489789057333,0.8208221035259546,1.1227928166001273
93.53583349049018,-0.7213672142005735,-0.710490367267469,0.8648511545059174
35.514732080931424,-0.8832987433879553,0.14519913786200012,1.149622379893684
88.56215751160516,0.3948326635468695,-0.030519831215945148,1.1718040270334331
90.80102720783049,-0.19759945749121466,-0.7619313987588072,1.1884993650240525
22.87655279971931,0.2757491415917632,0.8617672704245818,1.2934002240589966
52.6012006961807,0.9247200484613123,-0.5742004442213109,1.002661144523029
13.128797413227131,0.7753899877708976,0.9466692991413923,1.2563574578323329
7.506350303077888,-0.7632645512926615,-0.80511997557805,1.3882398436532797
33.810921178632746,-0.6766259611824257,0.26425247120497164,0.993456135726785
4.670073085121059,-0.9899813698265624,-0.616348778672068,1.3700936436495157
32.68932418948707,0.6779715243085105,-0.719200556665376,0.5077895216111509
66.91882347720491,0.004730053336467366,0.7217424114004036,0.5708886536712361
40.651357853894886,-0.41623705080069184,-0.6314891532343019,1.2337838354820687
4.19277264586093,0.7865568684657522,0.9583847262044327,1.2036675212657817
36.19859435840443,0.7422723273019616,-0.8509836269370692,0.775753389917704
79.46722680227899,-0.5846220504532317,-0.0419405510340638,0.770652748582032
27.71916752980255,-0.7363710130591514,-0.4904542306637253,1.2594021537188493
99.24011913102952,0.6633690797226781,0.5382997342124951,0.7084997134222406
1.081808754549876,-0.17019071212090675,0.674055435656095,0.8145371588446453
58.415969810993886,0.43024507286555713,0.05359438826987306,1.3203547348225766
75.0726487824013,0.78706396432797,-0.816547544712237,1.0475737862231944
11.317270928416082,-0.5773488220034588,-0.17528840757922537,1.0590089940523635
17.79131564932799,-0.10675869860273113,0.26057973422555714,0.7203071074222126
31.335274585373902,-0.3917997672075848,-0.428475047030469,1.383908887577924
63.86850229540985,0.6321381520498168,-0.6762249350721568,1.1832991233489916
59.514508948641435,0.5797632309270109,0.7787027463689233,0.7294645849133716
66.75817861410042,0.10279243755582446,0.02910159965138681,0.8336165611963051
41.07321144425615,-0.9179768211346558,0.36870754741963263,0.8141179873750859
70.55463322685226,0.918289609832132,-0.44295442719168343,0.7289982871786626
15.165184709069326,0.968012801956484,-0.32954626439077217,1.3326000668513711
12.65585872244225,0.41103528984875903,0.726267874339128,0.6261246318844473
90.04007002806547,-0.9155177908568828,-0.5062057140833642,0.9951700817538272
9.950364413194793,-0.21011163974928926,-0.2624443584246936,1.1518430018338601
4.430782786199369,-0.20008033569824257,-0.2374585965587771,1.3268031165437648
84.58948640081893,-0.1415642142859097,-0.8253645926585228,1.200856702176621
48.08198545696435,-0.9723534791270685,-0.7707626115100847,1.4431719176824727
63.15419733524419,-0.8298798508135072,-0.06456307654784743,0.9201726765758176
2.8456446957558073,-0.36111578790287835,0.6637967149322834,0.6368021071187593
79.13858888252544,-0.7248358573998743,-0.1496535665263733,1.187470751767406
0.2402339083610645,-0.5763641932638413,0.5387503104811049,0.6682995609979014
50.9354223765246,-0.6797835443676614,-0.8190674203054658,0.9283222534045015
47.72627153803607,0.9784984266558694,-0.205530911554196,1.0465124831386943
65.5131720296532,-0.31269679581096144,0.5003733191403514,0.5123969047315606
84.85627798457745,0.32134032894917297,0.30235596976695156,0.5586266614412457
21.99386177168009,0.5297050421257299,-0.18172297813887706,1.3538033350709033
85.91618539250855,0.9613828704833607,0.9496112572096189,1.482835627217121
40.79903289737155,0.2545483706517937,0.7995034475921938,0.9724585944340473
91.67968759839746,-0.22627206198438976,-0.6521154030409839,0.6496423823227444
95.33870545341514,-0.5458500215358022,-0.8502790718588742,0.7967711907768543
38.9125201160294,0.8237349651222121,-0.3021817097317706,1.1402790150785664
63.675145277037956,0.5575286741551084,-0.40550617827539215,1.4678961769276109
25.44219687318406,0.2773409176874453,-0.9702791262381054,0.7372281928399386
14.310011642183676,-0.13503425412977643,-0.023841280010798882,1.0699718086887129
77.71490255402065,-0.4078435201697017,0.9957025064993685,1.1126705587347576
83.34742637251834,0.418448432430615,0.7538255053326393,0.5660219854388675
50.11476514350572,0.9418307373283914,-0.8277349419911005,1.4501521899988403
36.32323074232861,-0.2168269490823862,-0.6264035222372224,1.410327604570461
86.5663198715786,-0.5565592109192243,-0.05124230557151821,1.082458857094939
17.07605209648054,-0.8141048995491812,0.3708495884331078,1.4873170188641551
31.75130059442012,0.7030093525014527,-0.3743919046111802,1.2765184690641886
77.84091533618984,0.23530554131030335,-0.9677566349484132,0.9671831903396608
37.07484740290618,0.11216661434153674,0.24475666852287303,1.2392364689856383
85.49510310986743,-0.3936248154464814,-0.7130926660428982,1.0658608437108161
78.32362353356818,-0.6575962674529573,-0.8159601467632486,1.156287207214124
94.49866273401072,-0.9964218679417003,0.6318734400053825,0.5309013278260952
75.13215715694948,-0.6800606603905178,0.2596234475142394,0.6354177020460159
84.09836143042205,0.2244904981188729,0.10673772101712453,0.9193044711668885
92.11684260301676,0.6158849298278413,0.170387011047608,1.4088111287597815
87.09971094761883,-0.8138564953213457,-0.7285049296177014,0.556326295494898
0.5167356688980884,0.662886275375451,0.7567451953561419,0.5741040821712755
35.83909339889007,-0.8572547031863825,-0.39454539414817424,1.0646520504892791
77.83056887850962,-0.48175532999742976,-0.22111347293960848,0.6623050890883946
5.6482236158693615,-0.9520647174003192,-0.026714501322456008,0.6270732972857447
22.0669091841036,0.9515048960345478,-0.25741779358347894,1.411189648829247
7.3457896491495935,-0.5319702200035314,-0.4564908036292774,1.1065335084048202
20.663454820715515,-0.9263861257532491,0.553969816934355,1.230291690029123
68.42578566999744,-0.16010346301975775,0.1533233459000809,1.2881914322206016
36.16151452056907,0.4609481620829581,0.2325304965259849,1.4766320883543527
59.94435668894537,-0.6460660807595486,-0.04461453713636898,1.4578083008127924
18.218678001761656,0.013251262791457608,-0.11247575853163727,0.973301946815043
49.23631653366148,-0.15864173400450277,0.46770209990763245,1.0342469335655164
24.71727965258038,0.700381796093065,-0.9935730513043904,1.0263421876025527
30.6001921252895,-0.9959434735975077,0.8608397304741919,1.11398906922305
33.77205126084427,-0.1519804110668509,-0.9476601180939479,0.5517931047756673
74.75005921332102,0.46060312291505245,-0.76942613901392,0.8786836303186775
40.40425138623057,0.9338635423835959,0.3233106055262809,1.3093958770245226
83.0461190866026,-0.7686138145509069,0.8933152308432517,0.6477832786036519
83.286228844831,-0.6641979308671044,-0.665250282091135,1.2544888929731222
69.99027224053083,-0.8210200816345555,0.687870366159312,0.8626830707127764
97.1231980186807,0.0926715407480545,-0.5219778825520011,0.9050195791614215
39.29592119556418,0.010274258883615994,0.0877431765532708,1.2249096193763696
66.40580506744912,-0.18870605961376596,0.693317801489429,1.4650315320876528
78.8692176392345,-0.8516178127466205,0.29403746953797105,1.3186673675799239
63.01985097523733,-0.5350299754475867,-0.34582330538622796,1.2414268237291866
47.122411213996656,0.8892413387698852,-0.6813384149796544,1.4952074055089595
55.27255049041761,-0.18594341295283157,0.5864751246564013,0.5808980729182287
34.99800639397633,0.6619539889623769,-0.3250232468338732,1.4194741933604336
50.46985518007221,0.49550477272972304,-0.424075746884215,1.3202691669964652
62.44339787444034,0.32617367754294957,0.2550289852036556,1.4040873740870035
97.93294039387558,-0.19257738920338974,-0.18609982764918243,1.2357999618027096
87.98823179086908,-0.4531638375380146,0.20966880930104792,1.4619781656431134
12.599762217565655,0.030295701733074498,0.1352666584284994,1.2778442156403376
8.657085076295958,-0.3527044467027767,0.7784607861242976,0.641480633787374
31.304442589421548,0.6423021981643329,-0.2868814780332244,0.5542053885681174
54.051995424682296,-0.28573302613056994,-0.8845124996628236,1.2195862594997886
18.021239458740475,0.31694095203435824,-0.811341550182867,1.0087846480870972
60.148953886838406,-0.33008725031697905,0.9004035833190631,1.2034890260640838
17.72024074025796,0.9132388470731161,0.8561322161191025,0.5237719466648515
97.33692073109187,0.5888331699881568,-0.8365665116229954,0.8388442256214579
30.408154359511546,-0.5897502304713713,-0.4530064667463093,1.312320244258484
28.92066450722274,-0.5295792931387695,0.244396232162982,0.9564202655357127
49.45652797530229,0.08741979847060377,-0.29322042963003125,0.8551324806105943
14.821784473462026,0.22585066497247497,-0.9902449617026244,0.791645613301425
71.86580307887847,0.8385915038496277,-0.003543753583739373,1.4318699975011129
27.384878617175605,0.9109083224446934,0.8446387753953708,0.7707693694234451
85.81567071920979,0.6276168860137037,-0.9027346768762023,0.8655495643077589
74.93109905472214,0.20450765222000222,-0.12017495174339865,1.264465344545396
98.68145936904972,-0.014047545739580558,0.2728455818532767,0.5186595932353825
33.87309656699651,-0.3549834782782485,0.18287761756668797,0.5692819046726205
3.95002553473553,0.8207701544796098,0.5251942842848454,1.4809052693269962
69.27253144031835,0.59437538271896,-0.01000420872189145,0.5772657402126705
19.278438646557632,-0.8019230595364712,-0.5129626196809517,0.7007529566405395
62.85083482128777,-0.22357805807907516,0.09510827780185149,0.9683101843279543
67.33824646638615,0.5244576178133129,-0.6247215764513582,1.1785733804404548
34.32502744408847,0.03443807744752325,0.8481358469355966,0.7889800407025067
68.3529401533628,0.5587359289541625,-0.4137259432803001,1.0539933508739305
7.227900845372057,-0.7113170570237919,-0.3907395331646032,0.5862070058277405
20.816580011862023,0.13387058342064395,-0.9636632948924468,0.8223790693779925
69.85193649595301,0.40060939716927746,0.6298589029325721,0.9264701784960155
90.32601531996686,-0.00514515083214917,0.44486690992702727,1.122031238491025
52.934511460676084,-0.9119645798698162,0.7876789669759459,1.198161654173465
81.26864151690916,-0.3044580543926345,0.6571066885271546,0.5470227653614728
42.90801100474837,0.3569922159232599,0.35674916300615966,1.307814424791451
93.83419633613941,0.7761106200090784,0.8708042040647375,0.767119212878283
71.18734322744122,0.5750005929051889,0.9263948784557239,0.780251291499606
10.196518803662032,0.8261646009839183,-0.78865107982629,1.3438666284607685
28.14374166571606,-0.5116958186566198,-0.3752780134929289,1.363049656609539
63.660683594238144,-0.21440190675650195,0.46554573978880964,1.072655890749163
43.12329936691755,-0.17666019135318567,0.4684715347438333,0.6089209070474022
6.1979732273227786,0.3493498834076798,0.930274539105258,0.8636070237125861
36.63667369394989,-0.2708004441767723,0.6326586695983378,1.2154553774751802
50.74006977424763,0.7596270306234518,-0.9160952451841475,1.2066504126107476
23.86463507372302,-0.0007730410973267876,-0.5171219170247212,0.7978241411301918
39.649466214957,0.32831726281775087,-0.46865205887205574,0.5415545891660203
68.28492989417663,0.5654336109370939,-0.3393675751784141,1.1437096808298974
54.49438807678314,-0.523554512422828,-0.31419392939877955,1.4265405966484583
3.0829592032296445,0.8612373684591421,-0.877846353923021,1.1302356311258048
89.92837410017006,0.8121995105535291,-0.9158455670128071,0.733230287162074
12.263363113830517,0.9333024157132916,0.8736123349281915,0.7423458885758105
18.733155326076595,0.37587691643524046,0.4040984842855466,0.9380744338998181
16.401505493574405,0.8618633177964348,0.9976694277177454,0.7180902403929539
4.039587019974433,-0.22191579677514905,0.3604353082866234,0.6213852377761975
48.04058869178073,0.5408470768365836,-0.8389585575715756,1.2526904648102506
78.14986197733604,0.6462732848521333,0.41809345820871435,0.5084817458775871
29.554616062519983,-0.37753037691100155,-0.21883907952710846,1.2190231510625646
57.70926752182014,0.740267837256509,0.5283720139361936,0.7189043384455536
72.05047935555999,-0.03893649616434214,-0.16297518837720903,1.3173513231278196
88.59895666181274,0.45091518694183197,0.22230061203310658,0.5261463470303671
81.64259644208799,0.3940159610925711,0.45978852004506976,0.5586837829709205
65.87131968842056,0.7567565403092595,-0.2742949037205975,1.3970569353739006
58.99584187819437,-0.1966859990731482,0.06759523247304489,0.9867017982417003
76.82375417781543,-0.5482989983517568,0.27539030316194557,0.6294090780510788
44.68804704763623,-0.12460899159440497,0.38249719469701904,1.1918145986676105
7.003021286440646,0.31203542490407843,0.817117919036344,1.2318534846323972
28.064049406775617,0.8544253949083405,0.19238996051245727,1.1811522353414015
60.63661108495397,0.5826867058338494,-0.7525782858575834,0.5429431991112532
8.759159725285514,0.7158900605395868,0.11382453165545692,1.301183167568853
31.86467639643638,0.19362434028618214,-0.3388945953392365,1.42013356543095
73.9738643473049,-0.29845539658538833,0.17704051790931596,0.793827668469302
19.173606164543035,0.6183126901776299,0.40334018119931203,0.6855747915810582
95.40236711984646,-0.15777302255409886,0.5572492665906223,1.4316151495237819
32.984759351022475,-0.986502290538634,0.14738169052298922,0.8214774687001178
23.075187428865366,-0.20606826866949735,0.38351040762048405,1.0968607829048447
77.21725975161313,0.5105177109763142,0.8215291986742193,1.4131499568093964
27.217314268068083,0.5606738988108599,-0.3076737378666876,0.7621362035125947
86.31665611476326,0.2654590505646328,0.20848755536825525,1.420451116854549
61.786455863192494,0.5527086960677046,-0.7826536871970191,1.3909215806987687
11.860756918495694,0.6087450192400068,0.5471696596270934,0.9312984872400623
43.144968257349575,0.1449107603914237,-0.34092283114683697,1.100876712135016
90.87288399235139,-0.16473944496638315,-0.8461596339605653,0.6598726231771481
63.815665237601316,-0.11059148738064273,0.39790584098815684,1.3387216617740474
12.78288955554501,0.5929545172573301,0.7618776741177944,1.3698860186751993
21.30250670912162,0.2862420126313088,-0.5888488585254956,1.1199153422418566
71.42540690914194,-0.10116471642975311,0.17955135663765698,0.5455004005758342
89.27202739610645,0.7514882459263641,0.17356329740293042,1.4022453957671128
95.66343095724544,0.6591889941991957,0.07751101904798019,0.8499526439511262
48.81959165532297,-0.7378483958645432,-0.31914325886644646,1.4622214757562813
84.80805481290521,-0.07576676157010331,-0.3382042664289121,0.961151641425828
10.015297523945067,-0.2764552195030575,0.0369936822152388,0.7448764867107187
19.22060908516479,-0.7055741943108053,-0.20812891404006506,0.5142419902340931
31.891489106953706,0.22352210179292942,0.7307752190985399,0.7966259394151927
17.1377587776392,0.6334032144574928,-0.3609278746208612,1.4941939261172221
6.243807086656233,0.6754748190061406,-0.6345925912077306,1.1201638151425313
70.28938492897554,0.9750236876004021,-0.847038806828516,0.5865492504234082
65.54597359246534,0.07621463248939375,0.32223947671687636,0.6850704477327221
96.77703941700345,0.8710556772391271,-0.5559045383913923,1.1208349367688117
41.032933513230674,-0.5462154998219427,0.6856409876864817,0.8320449941582151
33.572877766341605,0.23925167346552678,0.22512462048941684,1.350414275792935
9.610270917352166,0.1062815252912932,0.7438815632599058,1.247354028315128
32.8942908893204,-0.0066698172510529785,0.34566465672990065,1.3214941732495538
59.57680307186992,0.26260894592384654,-0.22532403399691747,1.0031139815496317
13.153381291160038,0.9400906977278376,-0.9136858988169095,1.4607402704456773
52.39705370018306,-0.9473169459515403,-0.5089172314241847,1.4320949763847524
45.77781343301932,-0.5700948571662467,0.027316943988001885,0.815833173430915
29.395289082459307,0.5541232669044525,-0.4809560171813658,1.2082520703748252
41.5991919168201,-0.25145105086800457,-0.8938992323666364,0.7958430768351166
89.79129844364422,0.8427052515270479,0.20183775259364345,1.358243291645174
7.420711604769724,0.03624223595661591,0.12387780605786314,1.3429777233432818
16.516867839408135,0.068928856328486,0.20552007394071214,1.0665806083776763
53.822509213801176,-0.3749752670025335,-0.9907921892361968,0.5903661966873585
48.65188831641738,-0.5909179983390791,-0.5717962727138164,0.8169060445742773
2.3651224795281243,0.12454126611841865,0.07962770842408351,1.2310641809794405
4.717018191244455,-0.14321096184813453,0.20395879180469856,0.6915266271281093
20.78027612486131,0.4389325895372558,-0.8459056365057678,1.0034771645167682
70.45455103798238,-0.7660982013567736,-0.9001517066948463,1.0803993984923783
19.597892564154204,-0.9102713706444845,0.9806165187353217,0.7421154985901193
18.76835372667884,0.2524650619160227,-0.3173848260117085,0.8843261039948306
69.1084119041346,-0.05599934623831915,-0.6411336578326474,0.7949463214627912
5.491560039654461,0.014552813864813219,0.4578521564769802,1.243320624151461
6.803316983627192,0.4617867678382268,0.5131242394247983,0.9294205604271677
92.15344874935828,-0.641270881683899,-0.8687027108450925,0.8882856225722909
99.21369564538888,0.6820504339083715,-0.11668036097340984,1.3635713001626004
15.331191871012958,-0.5690386500787192,0.5884687909489494,0.5638566335296604
28.388871093451673,-0.8631432251340125,0.9383567382158093,0.6724151616109425
93.46164842031554,-0.8612816725959312,-0.3664048635408116,0.5288160124452252
71.14591732137086,-0.4241295073335227,-0.4968724929554481,0.6518328622027874
42.444928712187505,-0.9903443275778376,-0.9371106238618812,1.399333066422784
55.09906035872613,-0.8232887428635168,-0.478876328578723,1.3194809021587202
59.46442260315003,-0.5621312801770065,0.07033700778715946,1.2305936199581602
5.312600728403357,0.2279815488169037,-0.6809056581937976,0.9389838773404537
67.57168691351286,-0.5015159337425349,-0.4034370742669712,1.1358426900294958
32.9610051344074,-0.2610799294296673,0.08067396667160875,1.2776485477313653
16.214467098033506,0.5740789057191087,0.7393819385119977,1.2616324390162488
59.11962115788747,-0.288326271632631,-0.6406254881208748,0.6815187571874128
59.33760470048177,0.678135724571056,-0.17319377649361456,0.9991199221722407
61.88604767214198,-0.8753439517847049,0.6270117994763327,0.8138016872127896
97.26509168470193,0.06726228229006526,0.9221651814019873,1.205788328568631
63.553606877975454,0.01936719990131941,-0.9109747515199957,1.4749242229426835
95.8121566721666,0.9533195155163121,0.31392524741528227,1.40112970369271
72.98699943405155,0.9563054404020774,0.4916890159726348,0.7783913324539165
5.452567506866443,-0.5171730526310436,-0.9232913450192689,0.8184094488229912
38.86108553391478,-0.20852773816058057,-0.8727183388129852,0.8722344346060124
56.152578700033885,-0.8100911924950133,-0.5356994112556315,1.3090869623906671
11.59259785765871,0.9723717743486746,0.43268296144526563,0.5393788600881593
65.40252936078227,-0.9073480160458232,-0.7789202431449149,1.3080868241933257
88.7121760852553,0.6329463224998337,0.4323826564799771,1.2786432311137377
81.70747162995181,-0.22938743670466843,-0.12705093272440748,0.7896618958567061
61.68568503941832,-0.8625155387798791,-0.4525843461951693,0.6699311771356475
89.3857118165671,-0.8287777752801679,-0.024830298288413988,0.9885038974121181
15.679191601068071,-0.7444714205181469,-0.3553324108728638,0.8019167080102345
86.29660614111144,-0.8080629354268627,-0.7304767601663193,1.4409653515400573
58.96241044587411,-0.6272502222971783,-0.24612358063348327,0.9513769909860834
17.91237313275452,-0.15065984188791404,-0.2912073461708654,1.2986733274384588
78.73726385781512,0.5811774480845338,-0.24968797034319568,0.575533911277792
16.34231475440848,-0.17463622031131443,0.8369523421941063,0.811774541480959
18.05262745577726,0.5086207706326344,-0.7728848634066534,0.7142574121334406
77.09088750810484,0.08416353425926548,0.5504117603805276,1.2560371792708134
41.600958843478345,-0.08613273120552978,0.8420006462537764,1.4392761112669938
47.46226351072299,-0.9531680011632343,0.1740825565652604,0.7365174240798349
27.343818873827686,0.18186500315394993,-0.46429010549282534,0.6210158175669533
58.84907998101264,0.17093469565787944,0.9405865290021236,0.8623524665415361
35.08536072121586,-0.8671850151039703,0.47997511788196356,0.8687317698522664
75.9629305511472,0.5637487547377131,-0.8714322360827466,0.5242591268100092
41.10000714219446,-0.2549719344641429,-0.2689675774520017,1.2664985155832356
78.94464083004299,0.3435748799030576,-0.14010862212083652,1.2127971851788457
4.841937973693568,-0.6612938226130176,0.01790218105722019,0.7043376044243619
30.66900376253151,0.5869849749602154,0.7043405927917632,1.380317418935078
73.83677608079687,0.20473774840637216,-0.44656842379815287,0.5935309536975876
94.94104227719896,-0.8724247662807775,-0.9870096369242161,0.7361751611244179
74.40281624936217,-0.2499259247858504,-0.8095774411306865,0.6345327345833733
47.878700526416154,0.03931177976401101,-0.6579136477468941,0.735635508637807
24.97507461592902,0.30449288267192887,0.9531422805319616,1.2904408930997828
39.949431162959954,0.5820663768421677,-0.5048396432920634,0.6326617092629565
93.78791784343072,0.45787996130018294,0.7005904957705762,0.7260696861996259
28.989331774346468,0.310190429839847,0.4293957638795842,0.5486506596402076
53.56768267613599,-0.76407652680918,0.5225623534196469,1.442450573608105
30.022149807594545,0.7628350712759333,0.3109142656630275,0.7890412713202002
67.29446165250869,0.21031124302698512,-0.6543477783454399,0.9317208317715584
35.63785636382373,-0.8400503659514243,0.9518414079007456,1.4385937143099201
16.28944470334709,0.7227679343861548,-0.8338346078200491,1.3753152885371214
39.32085839398632,-0.33212858826180947,0.9019595330479742,1.0353409959140154
9.025467224527205,0.9710592535228271,0.9526431108977849,0.7351206827482187
67.30617590512016,-0.04236196963349226,0.5187069060684599,0.9647206121013698
66.0888273883436,0.8392799893644443,0.8086056624530542,0.7629665888366808
49.23301086176462,0.37116585107511635,-0.8133106066795601,0.726828160498145
33.02878398410594,0.9856888176683611,0.5297141547758604,1.1827222597857063
55.82534260077235,0.8334233086268696,-0.7269072625065809,1.058473553586528
28.940101688259475,0.7612868476108452,-0.0691358204091751,0.7908374223152843
58.71660813127457,-0.17692802015393616,-0.2518106909730591,1.0910334187837811
36.118338830206014,0.690233813626971,0.9278953465301298,0.7435684533853696
45.423702629540045,-0.3382435594045916,0.27380403381712615,0.9327977544252433
63.335794661298635,0.33239958237469036,0.23621339316297396,1.287652412112896
10.365367929161593,0.04020968140708514,-0.8358459645724594,0.6903014776703644
84.9083527263367,0.18878848809640725,0.3961122515260924,0.5887936774584873
