t,x,y
6.957137617747376,-0.30886566076227606,0.4294571828396039
20.429578568949314,-0.16240006701731047,-0.9811523736845412
4.384896767901373,0.7112965689151112,-0.652849979578604
18.873074047327357,0.5936251562248129,-0.6254333748422036
0.1842755894316597,-0.9264461981990497,0.5023848102178199
29.52284006100543,-0.5726449573016625,-0.7104553765482065
6.260145756455837,0.32587516495351987,-0.15356397377704778
0.21699232990441403,0.9434058603936661,-0.5658503759616484
40.395093216710116,-0.03994947793100456,-0.02831393992361053
0.33978475590841967,0.9245951951276974,-0.912069695705622
47.4429297983469,-0.06392296644912554,-0.05111987430765641
7.239718199050935,-0.35309629084613703,0.8010623050682164
20.250895240329125,0.6982710376548293,0.6720919213433947
21.74258983385246,-0.036594826739977826,0.8235908553743985
2.9487500812570957,0.5890012959633883,-0.5811283454212199
66.16197967194131,0.10498478099738406,-0.6354774822606795
3.0131106150345923,-0.6546924027532806,-0.1031346329842574
1.3339456651594892,-0.06459848943139546,0.26077654453020505
6.046124214224236,0.8226842141535298,-0.943728041340719
1.8757426619732984,0.36706187042768024,-0.48679744660797886
0.00115335009094597,-0.9407874708174874,0.06559746298849167
51.458442489641385,-0.17001327383255826,-0.4238886646427923
61.427415341397506,-0.3163003896903679,-0.8416589990487227
3.4547703150459137,0.9896639903450657,0.9220417712375142
64.47529572086829,-0.46104964433192197,0.5595884852421966
19.458196705134036,0.4913568254607499,0.10718224929109388
65.25216077486122,-0.32703673111926523,-0.2800280078593792
72.75710560987693,-0.31261811129026773,-0.7185230432382866
0.9234700342404494,0.44980224911355826,-0.34000653689936444
0.000853933756980885,-0.23674024506153946,0.028628363214150188
11.765758752453607,-0.40296391325294345,0.9624544046672909
13.574005049352477,0.6510736031438007,0.10775597396182524
52.568143667566204,-0.6573378569776542,-0.06676530858686014
14.485839360656241,-0.13229366967916578,0.9111317977557933
23.48327332686167,-0.39285695507035956,0.00872691132661041
53.276446482230554,0.25529371008970947,-0.7754727064794367
7.17085424265444,-0.058513773486322695,0.7319573171791172
1.2043078458172838,0.6090288532522063,-0.2204457938390334
0.24012655858026763,-0.15191131530902768,0.6741374963897211
5.1906659668994,-0.6313177576621948,0.6589235813672325
0.0003626250611086259,-0.26150328585025984,-0.37441383605637757
31.90098229754868,0.9150355976830062,0.1481302766229342
0.3070200367497239,-0.9643645246534536,0.5688050325972969
5.868935989338058,0.7940170121084544,-0.773070106110284
0.521104433040828,-0.619362658461371,-0.7512551284352285
0.8482453546309837,-0.8898090926873059,0.9572049366830806
0.09627973625475147,-0.6661928519494146,-0.18807032031791115
8.088533717640726e-09,-0.2019378933465764,-0.6717806028766906
93.8529991692985,0.18649478754829163,-0.9769770628743478
0.9811543180944555,-0.7280784170685857,0.7806881434465576
2.410279013478628,-0.8968297733971284,0.06423947876033198
2.9722478974357576,-0.621131548896337,-0.8553912774000985
4.7093349564861295,-0.5677256605357934,0.18958234950938357
0.013322785469289073,0.770739079084666,0.6511724998600619
74.68160033556752,-0.05159373795814204,-0.06771255209845939
27.57939151640475,-0.5358070037237442,0.26284103829955363
48.61438791897276,0.45582150455816106,-0.9555063077503506
1.4642449703862623,0.4584697199950536,-0.40110073559015225
58.8909205148247,0.7925643256716428,0.13298803487851996
5.92843756220739,0.3203378815556126,-0.2699424958939294
8.74200463889447,0.688745215469593,-0.11607450999207947
0.09726950103929527,0.41528953051626427,-0.3398862129989765
0.039914504025755596,-0.6813426606806856,0.9288071642374189
9.090262507361654,0.8467278754704097,-0.7221802569821729
0.003352943081588446,-0.5288249485876462,0.8179493111999703
49.57054445238927,0.10663852468573132,-0.6617997296421051
27.15947886692683,-0.4903249489300564,-0.36726102210258094
0.00038347703699451657,-0.5823122162545712,-0.22490336629802687
1.9068556174780444,0.8663508990211048,0.16254557978199236
0.5319686811055956,-0.779743214427752,0.595811246164776
20.192332838460704,-0.1502301845629792,-0.24844750444079922
0.0075091722776166325,-0.8521768175934511,0.9033254907989416
41.447356983916364,-0.5413042776757278,0.2645531812777213
17.771897697128036,-0.9462884449462956,0.6036016202879002
5.625083127472,0.07269100258842931,0.38400809810670267
2.4405853803010578,-0.8470659221345278,0.05704275390419089
0.0012329207659789315,0.5359564150861889,-0.9474458189158373
1.4038262553130265,-0.36539201448698344,-0.72676715932758
33.00978620689751,-0.5884152708491281,0.13967152234675595
25.06776734273292,-0.062350899159681505,0.39038370214822926
21.228380941770617,0.29737822185350127,0.26576447192901753
23.66226641933083,0.9458540555078598,-0.6299599329326773
0.03400350116036551,0.1778941683749331,0.7731619659593991
74.46696462474361,0.30321391064368686,-0.9188711992377789
78.2053161325889,-0.9156380392010874,-0.3161847799783061
22.561348169936572,0.27448840117993445,0.582844211722551
11.006033724524315,-0.37552615237343157,0.8257845026078903
84.44245713169335,0.5648412294777452,-0.0847868315750725
0.6557452106555652,0.8132956822919151,0.7548296095752214
21.66095167744066,0.3262293810714907,0.8491885092652023
92.48531544381521,0.41645172122766017,-0.19318604256853134
0.6269303799577938,-0.4682325598376441,-0.09856462718569448
3.5363638058302502,0.6636519236426177,0.8531617183891125
20.13351899231357,-0.6481477612144184,0.5447376222521336
8.496713557299325,-0.0852968612846905,0.6732606065473865
16.21028096690364,-0.892962296622031,-0.6018062898620149
80.5008316681725,-0.7589949966424052,-0.8533802993736919
24.363578140785314,0.6581833437880895,-0.8300706075946077
0.39593827260133907,0.7058421820302878,-0.5187769896667578
0.06824130950196926,-0.7512092439515893,-0.6524577713463597
0.002718401172826839,0.4517389060381176,-0.6224856383169877
46.80576233361208,0.9600559898242984,-0.5199462757908213
53.48292206132669,-0.6217727568379794,-0.13302977847595698
82.44855668661694,-0.7729690089498904,-0.7118141172428072
0.0013679332750305686,-0.4770882709109644,-0.3116580488651789
3.3770879712375765,-0.3118509743002239,-0.29608719002247863
21.684234727849915,0.6667216149490596,-0.8532111054606056
0.4377356705707181,0.7164213940024484,-0.030828809580210725
5.471645324089945,0.6796852924362562,0.3740996798809968
13.792387012795182,0.33422520073231365,-0.1798981271129555
1.6082530323716668,-0.7614822222768165,0.749464563282122
43.59010277603989,0.5087399586864831,0.8357823449794302
90.48106522707809,0.7268467345366281,-0.5640717645014133
19.094994207214793,0.24439205096593763,-0.831853414132695
2.2737373395968286,-0.6103625585050052,0.9995487373035088
4.334753757517315,-0.383738931880931,0.12323798492310556
2.9442494190447177,-0.8582435234703518,-0.7130797235802627
30.141936232231576,0.7385434495619998,0.9941458289424603
2.44494928348537,0.5576971962202661,-0.2995213353434769
95.84086210410322,0.24035477039778597,0.3024589868846048
5.5807733247751905,-0.511467893545321,0.5567971447637192
1.7579779035469498,-0.008430653417178635,-0.6004547683008419
8.197615918387168,-0.7112539647300449,0.29471961076534536
2.507035776978649,-0.8134425908031986,0.7827357506109784
8.625402420839096,0.6785186900413898,0.48679649533933245
0.46176102722432777,-0.22722969689708494,0.6516555130722921
0.7391014453962206,0.20267429884519972,-0.7544907125883632
0.9490883162645083,-0.6826740858457303,-0.06946346118593605
0.05198236684293352,-0.10327136027661643,0.41650902292673186
32.88648981661014,0.5669449548507337,-0.6481354012375208
3.9739784258630215,0.9500334721993038,-0.6665759391273378
0.013563764287708214,-0.022610785096043085,-0.7415995936267947
71.17084448179463,-0.572883315117467,-0.28533330539098534
5.753713205600951e-08,-0.20249151733058168,0.8155867359762714
6.647668913265053,-0.9147360043683204,0.9889754741263814
1.9565501327919437,-0.13504209562302316,0.6812021372577226
0.0009822191536439549,0.9051133649938183,-0.28783041101757345
48.2233940427644,0.6299675745252489,0.7695619946555343
26.43455633513169,0.500374167747252,-0.08841620450669763
0.00010373811607428674,-0.6095150421191186,0.5456833483911598
21.922263936586077,-0.8483025866378952,-0.4494322545389341
1.4839793023981458,-0.5237653007156571,-0.17806279247290968
3.219832116247197,0.022780564849270935,0.8397517313057485
0.6528017497853309,-0.8026822120467488,-0.5697834779008568
0.017374695270818218,-0.16056026296050918,-0.27144648696630047
91.76683268360618,-0.3885513791769054,-0.571882747438561
3.750977585720525,0.7343717560832634,-0.17136493788470686
9.656719563442103,-0.1746837941657272,0.4106094383420844
0.13363613948899034,0.8465861480332433,0.4010320114958901
0.31753993451399626,0.21388389518542628,-0.4111987699640257
90.86443167388609,0.2999751446650132,-0.4156154329390207
0.4791448168509866,-0.7204877890170307,0.3918133935023289
15.461318632466705,-0.6822475210154945,-0.378800501619316
30.392884893487025,0.5642583484966874,-0.9858918254987794
1.1971539476979876,-0.21738874664675212,-0.6777165712365351
81.8693548706915,-0.528470028256617,-0.9640300404400063
0.47442774069877647,0.3094722857834984,0.8626398955334447
78.85128513834437,-0.6045945943172653,-0.6079302824262313
0.08275292135651116,0.34205169867710783,0.8843955890973216
6.529242843170123,-0.0763139146544396,0.17444333142239743
1.4504776780411635,-0.35840705080711266,-0.7159549813910033
0.6128372468365996,-0.19061657225187,0.15032318693439883
48.03462798025958,0.2489524593296517,-0.11933727945755956
10.962560196294872,0.5799069220105828,0.9953706916505671
0.011248635826591183,-0.7564721238664912,-0.965845723695351
0.7520718349196699,0.0646028290398295,0.9494589977495107
2.896988463133569,0.20780801809320892,0.8828717432327389
52.03935227342114,0.7086025684614341,0.28904248303126523
0.06849384740432897,0.3051487187999615,-0.3772833298247371
49.897644802002795,-0.7387170732689379,0.29256348971673796
0.0007665977775555696,-0.4416373363885776,-0.01794017264526515
63.86712183785269,-0.12410086111306118,0.9091921828371976
0.0013083387781990556,-0.5529534758917584,-0.006278869766680573
69.8757397447102,-0.24654952201988922,0.7996803670756305
0.11473444088749224,-0.8740200765196555,-0.8583051333916778
7.211488692997822,0.5554391244133388,0.8162052385530496
77.79609156563933,-0.24677416558376586,0.4615449375694076
39.154536357960545,0.3141489186629114,-0.7293114111029749
59.46310416295609,0.16912417560192528,-0.40148066870852384
0.11562339955091727,0.7194587749064063,0.8409101785748301
0.0006983199131706228,-0.48432398373653496,0.890765641019793
6.23641006152602e-05,0.5211720321699973,-0.9617250313332993
0.2707774429998718,-0.5748018924816511,0.3153761473405292
30.815996953428627,-0.11943017403252765,0.4378534036997077
0.022152830580683895,0.31937373180035555,0.6385504248616962
0.01614491278241252,-0.5683410696421831,0.32462858923092464
2.249175715113116,0.5518281919723251,0.988157096253947
1.1557028916711392,-0.6600946261877108,0.026702437420096148
5.054827621999718,-0.5273777256660939,0.7460180003944843
18.56881837848609,0.9290393051396635,-0.2220971504090996
0.0991202725385474,0.8626020122442293,-0.037292825963638254
1.0496621016955459,-0.06780875600639624,0.7954864793331169
65.8178868344966,-0.4363126185326893,-0.9432076756420776
0.10181623075169378,-0.5311335774788037,-0.053167433505404316
11.73286013641331,0.12525910800826123,-0.41061120866225587
13.13682200878061,-0.9467399483643913,0.3122737680282357
3.395741170214448,-0.8548031348781007,0.5820472051150534
0.5297036896425297,-0.05450564213028941,-0.44618808949276256
1.0150134901507597,0.5455537603589664,0.10043582204946522
50.70249030099369,-0.6274993856767568,0.10360366529523946
0.0036269728818821593,0.1143675561521682,0.1107631156078539
0.00032464131672242945,-0.005068160389057552,-0.837407945469426
28.615586988873797,0.24358697612646263,-0.8919655994170294
64.26608510028422,-0.0992878659641554,-0.09302294783860177
18.527577501244146,-0.6420677541899533,0.2793035026781199
0.5865088474147072,-0.8131155001585693,0.6413686584366127
1.0604029654486584,0.2470033358901007,-0.8205244858060703
47.10791482922011,0.06943433123586518,0.5877368497760975
74.073771068812,-0.9919075315531891,0.49606467733836745
8.77074197718786,-0.7746055172932435,-0.6282060688457873
1.1406147699358165,0.8580133796708624,-0.6790963254162051
75.06374294226642,0.8104260083643515,-0.4456757396510337
0.002866338520411239,-0.16511839034115128,-0.44369322835716496
2.4408331567267434e-05,-0.43012720976818464,-0.6319915522887012
0.05692021901228749,-0.15678209312904934,0.960441364580618
13.11476359298914,0.405174254353428,-0.5539302260637894
0.7055249272678505,0.0675460933262626,0.3642243331167301
1.0219130106740437,-0.1852880982695957,-0.48056385517366595
78.7252174358098,-0.9890463752408932,0.050314711467472906
0.005789835629625619,-0.5875834809982255,-0.3095061292779562
97.53886703173671,0.5437142502036638,0.6125997177204912
0.26829951787666634,0.2585656356114443,-0.704419665799281
1.6270309233814297,-0.38426168923585635,0.26496856118702916
81.49306683188571,0.21252233265267506,-0.637370416110377
63.88142353733626,-0.6021236753688866,0.21250537636272915
3.5075961842828893,0.502009455926355,0.6412509415144854
12.91965788289662,-0.551237216520975,0.48794338939592397
48.51528611011354,-0.5490758118542087,0.42744717862956594
38.48525886254036,0.6303890963503946,-0.7537280878062024
8.387191357259539,-0.6510236942756668,-0.9426620110628062
14.681737407497957,0.973193128574106,-0.6241704267629189
6.793543556594312,-0.7460673122911465,0.4945690845664974
67.22212567013779,-0.29265796280095413,0.5511374779891192
7.846931431892462,0.8929223200381042,-0.7421983369843823
19.438397651550847,-0.8993958027277507,-0.44791850174461
73.62091338966079,-0.6124276094215773,-0.3802791437042682
21.941475149363317,0.6649939093068833,0.7978460679731874
0.43576930103774697,-0.8168234940525543,0.10117752647601241
0.006536654218460877,0.6878004224126426,-0.6963987462791545
19.535609044128364,-0.9047124784088338,-0.9582804826383415
1.3684312228716875,-0.24529306389757144,0.7077868851783329
76.62815502892296,-0.5975285129462753,-0.26542178554166773
86.4477002199177,0.17538346958412077,-0.3379180549110977
37.49494396816862,0.6229668042011975,0.17886625586092708
7.5833919610670835,0.26353756071555656,-0.21649070864701025
87.97192602947177,0.8539113687438888,0.6115420481135394
36.219932854571255,0.06122510221104194,0.38920335945453743
2.649586776726705,-0.8562572257779171,-0.2665405508934624
8.413610405994753,0.24222254729374249,-0.7530765894568785
3.9554498594776613,0.611814377165312,0.8677643624091622
33.696936396550456,-0.9327273303253102,0.09917633139129078
0.08783570602594624,0.7658492812203272,0.1949094729712202
3.1472611032366418,-0.7163042419659863,0.5258620176618851
81.36075000608659,-0.4113849700631198,-0.0019629356585550983
31.049166300427483,0.9667038324347559,-0.590366146197389
41.691783069020524,-0.26224657042826627,0.17471379929680309
0.010610725946037543,-0.9215962536626253,0.9378960103279914
66.37618343458291,0.9863893423985517,-0.9689680258806753
0.0038424078148842707,-0.3614144585969259,0.7063639218969036
67.06705119682846,0.726497362599748,-0.13966208549755088
0.1909528436098246,0.9545784624293658,0.7705505012066787
1.7318074427928611,0.9176485210272698,0.33994153666636207
12.374573590557217,-0.8799722326845046,0.432841163418912
82.48476480290488,0.4241714723057879,-0.4275526202642618
35.1043484011264,-0.23371191689899906,-0.8967275599674525
0.0914093087155844,-0.1979641837353905,0.22289671507721986
0.008687396822581326,-0.4311390029030928,0.5868778947864723
0.11784723789706039,0.06502618336233845,-0.37053724141320465
15.583075319826333,0.43163490773670765,0.5105874261785988
20.503297638614267,0.3901556971999445,0.7377615345343755
68.19170528245782,0.16084925884026968,0.8315762086901344
1.194808491387677,0.4096985362155041,-0.19991885242832907
70.95313689217684,0.620620874327831,0.38233194086443234
3.0580423473625546,-0.7256581445465686,-0.1249430309819416
10.709587143651408,0.5463118166811638,0.05542779118124774
3.7259574791124286,-0.854596805333227,-0.5738465430263034
31.639417326192753,-0.578001185575785,-0.9634476993558398
0.34960313187230097,0.6744670857215793,0.629245188269417
0.5693484331993219,0.12971343588299789,0.4005341594973615
92.29812713212004,0.9640122338859667,-0.11781529655642631
65.03601986888637,-0.797410748478522,0.6208393066766864
2.5401110487844143,-0.8449067951092897,-0.3056378533694888
0.03898152144760753,-0.6598606234489954,-0.7961971670090969
3.6864493128862925,0.0617112406494702,-0.13641503309787706
7.663529609354979,-0.9926982715781392,0.22143068340884375
1.216677951027219,0.10989858551494458,0.8090028044630999
0.0026428608026856106,-0.9772551769014745,-0.2529357693895681
0.09577819272118454,0.8413654543901554,0.5701765368552014
2.7740763258888976,-0.32293926434658904,0.5974231908365961
0.8458868619614167,-0.9072186803572171,0.21346649649776728
0.6102125636611394,-0.28224263653535053,0.5388758367198392
16.520462745774886,-0.8476090691121254,-0.717513094366937
0.0004505650063303733,-0.5007692160097259,-0.5069967235322665
15.804967798133426,-0.17199071245458009,-0.3427401851875055
19.968659686294092,0.6218521649394113,0.7506997173511063
0.21087213376351932,0.8860557352692247,-0.1870970774728824
0.006350634559270484,-0.28560964357571905,-0.3348504958685633
22.646215590903584,-0.7772164760457377,-0.10632060777371755
0.0001186633359314216,-0.4939410717370125,-0.9968108459704023
6.314705409353497,-0.04112263173909436,-0.0702399358061142
33.640156862164574,-0.07128366438882583,0.9796143923591307
93.5909211183933,0.5162911083461765,-0.19836692200918793
0.0005191537557659698,-0.7056081793253288,0.2623305570709866
14.550367805283443,0.6594341670673576,-0.9932794861354943
93.11813279006303,0.3568297119163544,-0.030648780665218478
0.174484285276294,-0.47986632802464657,-0.4141435511338635
95.54434272031126,0.628417844160768,0.1647614974300473
17.968884021103445,-0.10240447796918939,-0.16864332320253983
36.57679718073923,-0.2569624669280799,0.18501836020504392
0.8395447360897537,0.39236576550206936,0.9787540378691819
0.019779134938092958,-0.5048349731550659,-0.40625835542878797
24.782490851774952,-0.6803021113678276,0.828518962864111
29.175624453284094,0.6417462198435702,-0.27345181425455845
0.6742411550969866,-0.9442644859775299,-0.24129471613177
2.6955879988255287,0.7576061040454429,-0.2932827018597709
0.1117887799132271,0.42381631125211583,-0.815711499339613
0.10667775653813624,-0.3328560005185561,0.9775084451525415
18.090518428438624,0.10098122151668187,-0.5997628760009277
76.9220819086594,0.295209183064739,-0.4401542549403479
2.1141978793124654,0.48207884694356706,0.1768988165983154
16.39812726330641,0.6924549182839412,0.0909606832063603
0.04478902053835342,-0.715426346723644,-0.3710371304602639
0.03967305938578133,-0.670954452602021,-0.6308994669098644
0.0002374436962007878,0.6366153394170573,-0.12239914562984544
6.850561546387506,-0.5027203834841261,-0.37598896169977014
41.035812103578465,-0.8035740912780773,-0.018980674970169087
16.665483788501742,-0.19932426417261984,-0.6988671984831312
9.065835458507554,0.7221683728436354,0.7799888016079968
2.690089674681113,-0.608960059791642,0.941312903247175
45.512990015578545,0.092019765299862,-0.4737418068917285
23.00601655113212,-0.37414196251377674,-0.9440906074741539
21.52567101736286,0.3252284439718631,0.5478535750177689
41.80480485857777,0.6354205967126536,-0.93775550176123
0.760914507437277,0.8841218306264016,0.9257115517915797
42.31746013238069,-0.9374651400808106,0.23679863454417371
7.415171537282802,-0.5505840855525197,0.48500436436006966
43.62534022333442,0.9255183165555301,-0.06837979716747866
1.855737549866978,-0.013823412558354953,0.5493022206307852
0.0017197348116071598,-0.7660723408770992,-0.21236034161741646
0.0011715455343412349,0.9441588092414528,-0.9168123366655848
0.0035337274099569802,0.4528072874514215,0.34177039456206026
0.5431364791832876,0.3590576144661899,0.7001630442486548
0.006572424095532639,-0.3416728625583376,0.2479920459721927
0.632644556606795,0.4902754763896935,-0.4421202471263441
5.537148558078877,-0.6169685951905073,0.18855025449188112
61.312595805722204,0.41892720270930317,-0.9368895248241793
1.4552990612817357e-09,0.10462935838406406,0.8437431393241035
0.9732342454785705,-0.8402300034543022,0.8777260767403987
28.14992893867715,0.4335738432597951,0.6333444041067453
14.24862471587682,-0.10595963971634093,0.23832726024766782
0.007187478057805441,-0.6859997008671319,0.34265903762894734
75.40010909195418,-0.962495871532423,0.35451258312509637
12.957966919111207,0.7436640545706168,-0.2420434682185173
0.04537174277517893,0.95329978866486,0.11884603159189888
48.45339834299305,0.6940534657042348,0.5962945543389482
0.00019148972697716806,-0.8420982323598991,-0.42226175513230746
20.301733849821296,0.22942355396002223,0.4829935991584131
1.0264865873455348e-07,0.864708942324895,0.04067525693703944
3.472194547211169,-0.8408481661116806,-0.737000170026878
30.710798913870523,0.513259910342382,0.3450476669908451
35.7458871640432,0.37342599534217435,-0.10001756145231411
56.33654066063647,-0.06801292255380731,0.7220503651431143
47.65265037331388,0.9798765003272447,0.1524578394658116
36.14096267572965,0.6345401675863247,0.039457326585105035
1.3955207530753517,0.3084682338039102,-0.6383889775872775
0.0029173532288014384,0.151377274865226,0.345875971938038
13.268714526347008,0.6568897796721838,-0.8000950487518678
5.015909819125463,-0.4651792149466991,0.3669031468490638
7.605319653793509,-0.11524564659335712,-0.4554951992217072
0.0003872690489002997,0.23178328946882276,-0.2746114223106242
0.13997273593941081,-0.29048177972916633,-0.5950729309888655
0.1613088821954103,-0.7215414270974795,-0.008489447963468288
22.837669113663285,-0.5431025039254823,0.5186847111776545
85.41180770572093,0.12250352452423274,0.7140663267175944
0.024000974550859932,0.9903747478003764,0.8030783069881344
62.98217719759713,-0.6049684633777885,-0.6199674666309816
91.51604459023689,0.5858927379189929,-0.8885206440560555
27.750358220805797,0.9306721968571143,0.65980901465718
3.3063459862458866,-0.275012095011287,0.272517044139327
36.56662894363038,0.6760684348285071,0.8459888168908389
0.2794309401269635,0.5230179270681088,0.4211395203340216
0.25093486087162176,0.7365480842608998,-0.06918545866731318
49.112271284066395,0.8615696155539996,-0.4519834427607259
0.020240775915798682,0.14768876105273177,-0.04943800371575302
52.176116613926204,0.32433159475785844,0.7601605062425609
72.14070894989358,0.4987922658349322,0.8608479811539078
0.7764232083840423,0.9807508409644767,0.49104988854959486
3.9925736329790253,-0.5519766040110536,0.3250547817308802
5.0770148180979255,0.09481951672622824,-0.5216860249185966
0.0013363767938606122,-0.9145340207143725,-0.38730645073993086
55.30496614093229,-0.6293043665203604,-0.9296016548370551
44.62633741493436,0.6059085800912889,-0.8022540966623611
14.646589583439754,0.6349704757335504,0.47992040694823324
94.0948742562858,0.025796682493704592,-0.5679404181742058
0.9256377589372285,0.7512574789886934,-0.5425040864571758
0.00564713465896859,-0.6351420721245035,0.9593301530183107
0.2550087170934312,0.669191180429372,0.42678642163987046
92.63622464268421,0.588210702801635,0.49928208014048847
1.9961043312345228,-0.5294177983291799,0.936813486506687
0.4954710612344025,0.7610375136368255,0.1341704418750269
0.20605977841469392,0.15571618922480757,0.37061076098581003
24.943520469940424,0.711802085250298,0.33833837734041206
0.017693257472476305,0.14846543628441133,-0.22862748476401162
0.14386998827886785,-0.16114443218728292,-0.7717109559171474
26.718043198047337,-0.8274823439791427,-0.2706350255871648
46.76751774549266,-0.3444433910108766,-0.7402489091794859
0.8970717092591736,-0.9587634337115593,-0.14473703454778375
51.58554940542381,-0.1355050856572041,0.3088081392385982
13.845880868614241,-0.7760919420720821,-0.67349981011996
27.721044111350512,0.05573973669857213,-0.3174894786042576
0.07556204790896157,0.22774893319918155,0.9196526723860161
0.06895360260824579,0.020758933862944806,-0.5434515195286231
27.060361648452226,-0.5197132520334778,0.357017930536371
0.7470052267095204,0.22284199326220167,-0.7385274846700429
0.2238802906046436,0.21991781535955401,0.12620078033336712
0.5829038797266342,-0.027375741260622477,0.22628400112015812
34.28246835546036,0.28667586854023686,0.28649901095574837
5.045353660891871,0.4804514633337398,0.8414177103175187
2.7647253895163866,0.7733307565954421,-0.8054193146506398
4.465132731617253,0.6829542772806301,0.347055646016168
0.0021771261847359103,-0.1808165950801629,-0.7926790250863268
9.53706779532034,-0.7099547166627531,0.1223097565763438
33.84515820147109,0.7912416338196062,0.22514776548950133
8.574306398411991,-0.5304545511396006,0.16759754697505524
30.252663210846762,0.7640448035894576,-0.272166779589435
5.707218258346326,0.16742522224190326,-0.6094218262866367
74.86327784397052,0.8175881956053201,0.0806733848308272
13.524625459708634,-0.30562029455710793,-0.719797396353259
47.95466667761717,-0.3667401383516913,0.5778542247423957
16.825325947770008,0.2595497369513666,-0.9022923758826777
0.21867348993812358,-0.030037821043208512,0.3721676807151655
0.09222688479154043,0.16485659974011657,-0.6759610523281397
18.450393945987667,-0.7697280857137737,-0.35670271465705927
97.26777075040496,-0.49732098397780755,-0.1375367285048814
52.29579870848049,-0.41569250137203595,0.10281185364823808
75.80452600804676,0.8304654126287812,-0.9603210553652746
14.678210742180179,-0.43807965122674686,-0.12085770837381793
0.14786541873523523,-0.9482623439096685,0.8700907135078217
89.54833377727654,0.8760548716099215,-0.13852697024737992
19.22747854962547,-0.044736993245397594,0.45434019971707884
70.34876622348888,0.861259261816993,-0.566099775539819
12.56197923991818,-0.6892185518259,-0.09757328834934687
0.0003744892510548266,-0.4975115001217031,-0.5797006435306724
15.587999256521504,-0.21868240464088418,-0.020478951315457627
9.48888424528769,0.6513570170157943,-0.28373028115533827
73.44336538005828,0.9835459112915781,0.7033209488079215
4.43511209615703,0.06203925768969043,-0.5127334718730661
0.06490459853640346,-0.19574553759551827,-0.3979300202170307
16.55572920077634,0.6135992433942539,0.16001413509324713
0.08103547721230724,0.5726577487202953,0.6695489595294593
2.0480113403452975,-0.8306368675947203,0.9821869932800227
54.624094761575506,-0.5083278006596111,-0.34470636992167303
98.11900698248517,-0.734055778718373,-0.45516994974742264
5.973420259531289,-0.2429688819985405,0.8147752002913509
0.177512018265409,0.18437469619895208,0.9097194841952685
46.138878616220836,0.01731356866201006,-0.010113479362195199
42.54538734131793,-0.7850987775862293,0.39568123402812905
6.980048169712052,0.9855760206667084,0.9478638916587645
55.54477046133527,0.2735442917927766,0.9501184490182155
3.4803884404282006e-05,-0.05234474976120873,-0.7753051044971984
7.502744409399538,-0.804742628445372,0.5930042520700036
1.692888226906753,-0.7750706842258595,0.020653016358403775
12.467499551277578,-0.35885420149135594,-0.6342256424207401
0.4546901013460728,0.10212173440793748,0.07466856848626491
8.361300133896185,0.033354293036702565,0.6823889868365149
11.52772443175249,-0.15903056980575636,0.2681254257088028
0.1576647636683487,-0.6639179126288821,-0.0449312726244665
54.36730637095675,-0.02953771195512389,0.03773640927231536
0.4261283263793937,0.8994107949423089,-0.6911548155185463
10.160167054528069,-0.9323325994147736,-0.9999001030993834
0.0006268772315263763,-0.3798292201853487,-0.6822189857678973
3.1852706524440126e-06,0.43774310848189213,0.9828468762063425
0.049817935614505794,0.6448751318134665,-0.6880354498940471
0.009322850139489363,0.8201458922577609,-0.15576841140845588
1.1771022593769775,0.6181972825508961,0.9268755669462114
2.3223068000086355,0.8667141941408962,-0.03752458546133175
0.16558255781443734,0.032023333106604435,0.031253662014685935
0.19517112654394767,0.2589709159472535,0.8262917802627381
17.384101806340787,-0.2540051700326994,0.7826223447467013
0.6451125741120127,-0.13018348744913677,-0.7916410724782872
4.580268478915136,0.14602727288299056,-0.6996621804205262
5.795148272196958,-0.8779374142332694,-0.9870596632918683
13.068224297226875,-0.43272803353433,-0.31402003916830745
60.4373072070892,0.9992523403302194,0.765186651290013
0.23631458178657977,-0.29604431132403,0.4048520556505868
38.71095725422388,-0.4164328286368366,0.7764286176509447
2.481690701701296,0.23681912422693308,-0.39132041779108284
0.9655470665986975,0.5833911152642741,0.441894728531812
59.26731403819572,0.47917695567314755,0.24448112170069392
0.0466818184845244,-0.055292024858998534,-0.7774341219568076
96.6784379922263,0.07776899664362125,-0.32628674529967583
2.3708036353537487,0.21461246374000176,-0.681381893591156
32.13737218266862,0.2560802027969551,0.7481151919652758
4.299788725672288,-0.7243388559483208,-0.7253371908017716
4.1788479095666,0.5451467390912457,-0.1300881390099511
1.8121348915759596,-0.17381681444979302,-0.9670590098201752
0.26282295593230487,0.2575838640921786,-0.6863918909203733
0.047311060799905186,0.5148173839317152,-0.6704555585627114
1.3120371474133,0.37043791394679126,0.4285232841551272
20.891869905241375,-0.46908966228626314,-0.5251741519834925
0.6374528558758693,0.026655109762798723,0.7354792155871281
22.35468667165074,0.23749882155600943,-0.6287023503870554
0.5285706013561271,0.11125525130162783,0.9879046362947301
57.92347253781498,0.230650335648233,0.9011293532722457
47.87528773141117,-0.0043570043480258835,-0.6551191176259159
37.87426782721212,-0.8840906577828563,-0.10471908592910173
8.156246583851742,-0.12885716987367002,0.7805668598538966
72.02548228855083,0.9319167723689528,0.11282359605176606
57.71126323200636,0.9216107401107172,-0.6696086166933405
8.262568615302,-0.010618884878871637,0.7350081837681288
0.001441875688878878,-0.520459406187938,0.6304622920677561
4.500042946296106,-0.23321381188207702,0.1025114103596989
0.4704947710703151,0.7963759093292389,-0.13118330125589162
34.68227220186236,0.19640571984373612,-0.5046720405871661
0.0014774907354834774,-0.06274274856490492,-0.9679974651051816
16.484134052757184,-0.7016655243525867,-0.04113274190325378
40.31586502720511,-0.35410806656188665,0.43485914228521527
0.01891470074487421,-0.8755602503111399,-0.31201576891187277
28.41706279855269,0.32879644426587973,0.065110690937213
32.31799490791009,0.1904343343808672,0.007222997332108738
0.10637273613377209,-0.5111083345258016,-0.7450814219946432
0.0016222736824673138,-0.30428136696155084,-0.47173142634213117
0.10934902814229815,0.28641301219145965,0.15594445701936444
17.205217368362455,-0.3769155816808021,-0.3972277148401059
0.0004237604455821802,0.25373265143120816,0.6435626732269373
44.15404839094793,-0.2118697031770468,-0.38665815720856356
1.1202354540358672,-0.7599111683000315,-0.49015631199888565
0.09799562318267951,-0.49246983303389624,-0.2921592899486788
0.4217291916093458,-0.7554215923798431,0.6159909329031521
2.7486211650146575,0.1578948010533925,-0.6932728149580286
0.014111033271022668,0.04325641671117286,-0.43528881103663464
27.211221506428025,-0.4564119275329316,0.643309235835811
8.937479276293347,-0.40500994139498037,-0.43254535358327184
7.9962644150842355,0.7355574747010754,-0.7303198262266513
49.821043360516185,-0.009847140449508851,0.205755751422511
40.23657862659347,0.03857942533942582,-0.19124304116994462
3.640117986773661,0.02256565898654661,0.4171826649746808
5.407404481392949,-0.6180493597917115,-0.6743240541979167
6.068320318136542e-07,-0.6203685023761503,0.6390637719507453
0.7329992603074053,-0.8431602687563209,0.8577070325821436
9.99927952666757,0.746166430081667,0.7299728963202128
16.34072881126089,-0.4856944037445804,0.9320558295912424
0.059779144626737404,-0.9509026021934435,0.8869490049160589
26.22653225066266,-0.815020181927832,-0.06553273654503666
0.7423373734185157,0.2844147025360326,-0.8846071513759213
52.8941722509962,0.1721058166850291,0.7523744158796375
2.8781247180064544,-0.7586367785123693,-0.6595459962077438
0.4406811083270003,0.7145187379440046,0.9061746219982818
40.998594705932526,0.749480499622218,0.49487581458102303
29.40190258689762,0.34522883983060426,0.9000782749960106
35.44676189127437,0.48571169545112114,0.3013756666806908
50.555679687569466,-0.18305130208287057,0.22242808059282337
67.66406240094248,-0.2536740165444604,0.013959351696349875
1.59261330335669e-07,0.5057051094950211,-0.2068851217822989
0.7111160455582648,-0.3109845146938893,0.3737734298752782
0.0015338267415966657,0.6907401078919353,-0.49185949013033503
6.141256956277886,0.8565799804776473,-0.8196950079294687
26.376686450008506,-0.07674807082410229,-0.9455854008790818
0.12222728861935243,-0.5700423099613063,-0.6916947694001288
6.337147914543238,0.07517580256678524,-0.5258909623169031
4.754332453087389,0.6410501008643201,-0.02624142809422525
69.2026627622797,0.5316310214820175,-0.8010413917932812
2.281354140952377,-0.9034527234124538,-0.2335062596935381
89.05426802141396,-0.13657355550237227,0.4887209503803569
77.9817042597627,-0.8365461172992723,-0.20988904928551622
19.180880948961853,-0.6513682796410281,-0.05740586998860231
96.57009341510889,0.8148650901884948,-0.7144588417182152
32.4841097959926,-0.3575143615274915,-0.2354273008424117
22.239091766893264,0.16948403015522784,0.8788746756500159
0.004332867678364042,0.13033716884336388,-0.23962916260606093
4.905580477169187,-0.15433602691939696,0.11695253011861118
0.695522854354449,-0.8813880862725623,-0.4572775325991456
10.173903586273196,0.5362258763677661,0.5498346910634251
0.005018696245069124,-0.24841630964338102,0.3192019986627097
64.10113712732756,-0.10439073489698736,0.5848168901498156
0.15521373022976326,-0.019788730924385933,-0.3626316375224333
49.185344716417426,0.13399743692271127,-0.3493764716665513
2.758457939153537,-0.778291809600202,-0.38773926771694334
56.99041728205422,0.29038666317516415,-0.08137624525898068
2.6391799608389737,0.9416654870880297,-0.5686227949502077
98.29019756727234,0.5946930187794797,0.8069018412219324
3.1425799306944997e-06,-0.7789366001566198,-0.2330028682148253
7.232481478605983,0.9186426806230568,0.47684318935429526
46.5668334865005,-0.20745360461414253,-0.043340352868562304
0.14094472736909247,-0.1191162961916955,-0.5520911097520553
0.13953834258224157,0.7258471239974715,0.8195684007502193
8.590299017713313,-0.3372159387093523,0.46454611165764104
59.12666288545213,-0.5816867016172237,-0.9357492884716814
1.4822193312476224,0.3437672473410085,0.01759962645729507
1.0722030406965788,0.425502276865825,-0.6143624347953689
12.00752707295933,-0.3468181895606325,0.7256350915186358
0.22132602406552526,0.43934459887364663,0.8138324517319915
4.147939185242201e-05,0.2418636109472665,0.7014875249267973
5.992437328060792,0.3580038203921003,-0.899111455550283
0.010279393115620756,0.8954142068924309,0.9017592970562074
0.059453115685344865,-0.8160675006091116,-0.888805877882979
4.414430565645253,0.5251975690055679,0.308448173371207
0.5522335895104343,0.876790612609375,-0.09343562790349336
3.3598276371875526,0.9265569913503933,0.694770200726573
79.39571663665284,-0.2504053060755972,0.5086948689099822
2.988359167035247,0.8596218007034253,-0.14049326939290374
0.00917114877812484,-0.6927388439507568,-0.9151463460442937
27.280445083629264,-0.20016658077755,-0.5936422098364296
0.7176351035464643,0.9091545038887732,0.7411185222906791
0.25426778222278257,-0.22076457947814632,0.33873112404047356
1.4912435156284554,0.7902213582828082,-0.15917613041570622
0.042260906494514576,-0.2396792140623073,-0.6459782777918667
1.6425706213725366,-0.7488268847612991,-0.49078614054950753
83.34241293560288,0.15950039080062473,0.4761087488709135
0.040665008525042005,0.9533818684127078,-0.6396457559175068
6.460966323344937,-0.4356832644384002,-0.250667502048863
8.101629600118168,0.4341941082852596,-0.6427055904217005
1.2282296015389378,-0.33609517471057626,0.9306013747655688
8.124717985064917,-0.5549618495976898,0.08192092952808427
87.72271509851161,0.9335611052080639,0.5513362206199588
14.098397992324326,-0.710013359224446,0.75191234525372
68.08202378334072,0.3192305999083547,-0.10547302909052447
0.9457149048686773,-0.7365337352510697,-0.23631302541659083
59.60489324466447,-0.6262428684050192,-0.3313056941624968
0.13662586295251675,0.4362089141863892,0.3651334965131421
0.8613940908046186,-0.1822340498731595,-0.3663219794876863
23.56212798056182,0.0972125543353779,-0.4685849023438181
98.26024781158199,-0.35687982212529135,0.7170464377558996
12.145885356250542,0.41241666917170816,-0.13688948587201832
0.2313791302169028,0.009176072434196048,-0.8364254887543708
21.858099516011265,0.7077146722030765,0.0460436679678482
5.047326555765108e-06,-0.21975943003190102,0.7937464308390241
16.275759686009017,-0.17555052609998345,0.32924292511066255
0.001672462202339305,0.5039368831708995,-0.08371154460292929
20.596541918609965,-0.5240887228463313,0.8820825752921315
65.73977082195552,0.8838107473075967,0.6985670835892768
3.3439622571999266e-07,0.6860188597366266,0.3762783881160239
75.55981318650805,-0.723505622337943,-0.6200888878276434
31.218203750193023,0.18394235913024937,-0.9663126702088157
0.23780250928346408,-0.5213007130417082,0.4728645648809373
84.11107885549524,0.26130782994498514,0.04466244593190227
0.0019148787165614732,0.72161667503573,-0.4150406562537784
20.5193053665492,0.6258606342440856,-0.8256872276320373
61.6343168717545,0.28820042227773324,-0.6162453766049925
7.7904438130436695,0.6019446705706128,0.29002558554801494
15.124650891821318,0.16664135151936654,-0.6218588421815231
0.004856768348611726,0.2543672716473111,-0.8171028274820885
6.076701322595887e-05,-0.2815836283208226,0.28448115799061235
1.480005211714832e-05,-0.42645710009780136,-0.7955866401686056
0.06586941543113585,0.2202814381721856,-0.8737673739426906
83.78701318636705,0.09287250652083756,-0.09619302644255479
32.03177090557102,-0.6750699540002569,-0.3267987155014235
0.027864735117500126,0.11808378008826659,0.7059628930703314
2.1522128491879557e-10,0.9678591148170708,-0.1316622371706283
2.7035221894572374,0.014497344900187059,0.4580405742106308
0.20254932239656886,-0.9087526075546599,0.6421408957331038
1.6358419605244998e-05,-0.5102569512848263,-0.8425117444976853
47.7059352927459,-0.0022262793268792436,-0.9012724993561908
75.27309691501108,0.9892951691965093,0.606543971483102
1.2543471001622726,-0.9790925378679991,-0.4874095629813825
38.65756810167713,0.9703377238320303,-0.2953717980910068
7.791851455545909,-0.66129286888221,-0.5386617200192353
4.194357230267394,-0.1175241056266304,0.33124078991396577
1.642613590233966,-0.9751831503965993,0.8959116543143937
2.034358655306958,0.718116754085192,0.5884875125394571
4.25628932853,0.7721478982340417,-0.8512004036602678
23.848897974817806,-0.05324005877386895,-0.7616436391428155
38.01042984759002,-0.4830782681910414,0.8796502052548949
29.117297104610728,0.9361714552933933,0.11354954114388693
1.3095038155139662,0.6576218370791791,0.06765482916690968
6.059665887844828,0.3302949332022742,-0.37245889201184545
63.360544796200976,-0.5923468192476262,0.04340278719927437
24.65412141235131,-0.8731626734451732,-0.0020376301326997526
16.77653047184794,0.9067512896915413,0.5265895222478725
57.63551237097343,-0.5445430012232835,0.9311141795754225
93.94935159480985,-0.32572525158767573,0.9596654055122378
58.73192182931856,-0.14028705181962609,-0.07852377601243177
26.314537281109864,0.28058619147998076,-0.42051411491668955
0.7074575493417621,-0.9978968004014571,0.7639476691574678
6.850233878929236e-06,-0.23242872105732126,0.6549447021259136
4.030333769571607,-0.29332597196923527,0.5135797554482231
48.234543877823185,0.7237615492284017,-0.3923503052536129
0.1921528623103358,0.21852219808557738,-0.3417131247632583
38.06213541873322,0.6084662907390532,-0.7638299464951528
0.07189772141113619,-0.8370687922512472,-0.08880692157139458
2.4653463538992315,0.06363379730715946,0.7471820967309926
0.06090697674729865,0.3521764530188354,0.6059405713147441
79.67864389650832,-0.4431248507810227,0.5342262311608814
0.00030340015671982766,0.49487763341240765,0.8425602319629439
1.0649374574723116,-0.2557851445790681,-0.8898616459341253
7.439491044001315,0.8443710643148297,0.5839204062952503
46.872832508424544,0.1254543354066897,0.38330445092823306
29.193480280461642,0.9664740572816484,-0.10357396568555943
6.864654393900762,-0.8625985914026024,0.003091591873397137
5.208839438148827,0.4006698012965504,-0.05912789079035863
0.9570336240508959,0.49354826383962735,-0.3850396257992801
8.83640285524907e-05,-0.60625721453793,-0.550233028993564
24.231281597626516,0.36419704428520494,0.6178797712948847
1.5110050937014103,0.9039387656982538,0.2131061602913642
0.05555208496985884,-0.5132870486173385,-0.7007268268463182
5.895357754129649,-0.16415468794908827,0.5661099727253565
0.0003172472361131316,0.616915875200106,0.3129044107295289
39.8261946084621,-0.5859097507424362,0.9296292680718881
9.050507832541747,0.15842504656237044,-0.01294463353123354
3.6927672292843097,0.7478139051188257,-0.5290727751334559
19.62112048681231,0.04145479114987283,-0.838901701194331
10.35492728027842,-0.3036142735365682,-0.5143610241059196
0.0010028405302141261,-0.5707129218882371,-0.156870563182251
0.05149999429459146,-0.133858297489856,0.889107159116511
59.90801333713611,0.6694209686730717,0.4609708532250125
0.9767253042410597,0.4743251991707267,0.4132907881900012
1.354734810512869,-0.12958684597031278,-0.4175712050596764
41.614517723099006,-0.22590986160431947,0.35348313180061464
53.12680633986061,-0.7814552500730907,-0.6131566334626668
80.34097143258285,-0.5574798673121569,-0.03396511874425401
4.369621495742133,0.2807615147867737,0.4463406717411287
0.04820859596348334,0.5488888366652385,-0.2351755231883199
0.0031491212439434895,-0.9204631290487283,0.4412502241043148
40.8764763743349,-0.45357988060875676,0.12399360272915594
14.877178693481872,0.3556675537475691,-0.9841246086720277
0.6987882618314267,-0.4761872720624777,0.43588610982819476
12.664320923822952,0.42517817577771955,-0.10215588198491987
0.6237151316767712,-0.7067119398317303,0.9963220456950141
1.561319859211143,-0.4043485192746117,-0.2993112444728899
0.03521911184479468,-0.4238612519943633,0.5306243741213446
44.91262976389981,-0.6002750410033765,-0.11102764713596369
0.351469040975418,0.9237985209546942,-0.48398703154630807
0.011720749165008877,0.09961531674046964,0.3400334814350541
3.894549871141014,0.13207394242744885,0.9463847653428432
0.0008088754923393618,0.4100497573595252,-0.3854899431384776
0.9033661837793798,-0.6974722809615614,-0.2378162266294087
85.08629911805133,0.7440911104685777,-0.5088219369504706
43.03184430768235,-0.9279590063897961,0.8225088575571942
1.7293148147575252,-0.4245280982329179,0.3638777759408809
8.680146982028225,0.8344777292450922,0.3435502482384083
9.456149652591579,0.30745148164788216,-0.38416421853510385
7.5771135382557215,0.12043285075013177,0.05396764806819476
25.592435088141475,0.5198445575851371,-0.2581585433910867
0.10251205557975107,0.2504584866466464,0.6788824658355801
85.9931156666512,0.18945833129871525,-0.019419396931522614
1.4961949492745965,0.8401933447814758,0.06833364585426471
3.857851511235381,0.9326258684517945,-0.114626569135169
0.0064031296008538845,-0.08682412443032517,-0.9787794711045241
1.2698552831346073,-0.9944066851973785,0.46745190122138647
3.0257922876023473,0.9806405047312612,0.300749327367966
23.346288361190176,-0.0929915977908844,-0.46101038131534955
18.840453881663947,0.7500906188162446,-0.5708523790263313
31.189106726380533,-0.2494512989080332,0.32619518257316327
0.03341337210297119,0.06039909893577056,-0.2419550140319635
9.362820474533121,0.6406198835149528,-0.4962382401930464
5.098622237872772,0.6620135640021372,0.4779161101453817
2.3846484797964373e-06,-0.9311836045933954,0.32257737017842936
17.16671004850825,0.9344845366148062,0.6992853712018061
84.82443338855148,0.8240194745714149,-0.39034217927235315
23.907984732737145,0.07596958051176528,0.8127067558623
70.24882583009429,-0.8659849759913621,0.04293401822895593
0.010856692453536617,-0.30829291347819976,-0.7862630290929123
49.425435596708304,0.15664398242485755,0.783731488167936
0.1758646825582457,-0.18147674605254194,0.6052190840270724
40.73265144363651,0.10780718772133357,-0.344499648170253
0.090884309731786,-0.7152350771456522,0.4512411471027986
1.7670026155884568,-0.6883356642618675,-0.2568823819726622
8.330185043019691,-0.4800324940730475,0.5059518404592167
68.59156006395875,0.331339946173951,-0.5452955101365955
6.241358477973458,-0.7534593459461529,0.755696009082643
1.1961341809632893e-06,-0.152971760510758,-0.07976967918638733
0.01319766280483767,-0.3791744466123008,0.2074255687026474
0.7824855669203986,0.08022795624712953,0.850696422284466
4.277609635714758,0.8592888319472796,0.25400591186824695
99.87631579722326,-0.20411811609093877,-0.6347981809150833
0.7271635191181918,-0.8789937289890323,0.42545533216966724
9.111263417630667,0.6007627195007386,-0.6035955080918811
0.005071073911754674,-0.310370623880169,-0.5749141165819868
0.004637882864505102,0.4660519296043091,-0.6682256926696416
0.007599523119664079,0.887528151916106,-0.7488897123967571
5.685351635619877,-0.5045647027433974,-0.5120576867227362
0.915814195134189,0.5778026434220587,-0.015298711882426264
0.020502224712004486,-0.595372078418988,0.18407699560001456
1.623143681531067,0.3745339886000445,-0.5829962370642285
90.30403314215448,0.9465390491873553,-0.14258938868424265
58.164531212533234,-0.6374234658383404,0.9906811915335341
8.142329276987509,0.8679493626853587,-0.47873154169509324
36.11727365659908,0.7804212212191626,0.0934091903775145
0.0069194474162151505,0.48640276713624364,-0.35830420735641666
0.012891811420063435,0.9723913910326933,-0.8432662858845992
6.47157369680896,-0.8043725232516166,-0.04873365952838471
2.737302084862953,0.0691046954910004,-0.1359072966937498
0.8703030969519681,0.21629853843873836,-0.5155250939944318
0.02987923893215494,0.9126998255687446,0.4301830751469615
3.4896136160394997,-0.6771046678731987,0.4984738605222767
0.025937729046295804,0.6435464043160362,0.23075069683191907
42.15276685161153,-0.5435391573686228,-0.9108097087239659
29.88983089235418,-0.6248308702346396,0.618177064452269
39.894547319428774,0.04599793393168805,0.704667291381373
52.20069980400185,0.5711989629675318,0.912431589305837
0.001544400351350702,0.5311545776972,-0.04027262030400747
53.931544111562204,-0.9819029130491407,-0.06426852309411213
82.83913956963923,-0.9579915662836476,-0.32302666352385556
0.005191692160916236,-0.6520512811554324,0.7841386637369172
28.921727411672126,-0.8320326372612034,0.2714551613556404
0.5178485966200775,0.28169807934947744,0.45976020890046065
0.005507470270027192,-0.798226117616226,0.7413970530045944
13.455487489664344,0.8435959316239914,-0.32244647809608573
0.036988115715238745,-0.177059140573522,0.42304534524405546
0.14243749002325587,-0.4435381010879018,0.42612780594538324
0.00947574508388718,0.8334175583182666,0.8627715918794197
0.0001590093078355971,0.07011807245869806,-0.44817037860235887
24.694975679478834,-0.33850262181190194,0.8655233975325369
1.8718423350316804,0.8388622380377893,0.5992484372956082
0.41395633864403586,0.6107817233374968,0.4183472064178395
0.2690406560160229,0.0283114482436595,-0.540979350156567
58.18016888883827,-0.9132940010435251,0.3596813444042939
11.049925073742513,-0.7948921559239002,0.4927958996885964
39.06080727869345,-0.5263084523977436,-0.9833599677757285
4.109847136052204,0.5347611852663601,-0.20328417998005976
29.610489159490715,-0.5654989769172157,-0.8050556892893059
0.012068539208116486,0.01942076477158139,0.564395446820726
60.5260391662626,0.9624835923273132,0.13239712062116182
27.872583978790637,0.2385824972569215,-0.005785983438317599
0.0034084946475069315,0.129035846699612,0.3674759511766015
1.6822161209885098,0.7147919563771259,0.9723794363164022
0.1717209270584215,0.0288655225303176,-0.8334788489262716
0.0001296740450821277,0.5094653225116241,0.8518485539581166
0.00011076149564824608,-0.19301103740272718,-0.31524496606116315
23.194183972477685,0.8185439247505362,-0.7815277156858833
80.67321414404498,0.44518035244696175,0.5284514883271136
0.002116701782765921,-0.6678765767275083,-0.4778436271778854
19.789817850237675,0.6870638225022918,-0.6606104702316602
22.300874050241916,-0.5621322825882424,-0.8540877996914836
12.69097165373585,-0.028425417255764862,0.6393570944254656
6.268644905929638,-0.059274504003232975,-0.6154427765475687
0.8573378003527403,-0.27955165831421425,0.7282037537776842
0.4284669407353798,0.575424939133993,0.6329618416564304
0.0005925481160187771,0.5542375308733032,0.4917337663831083
0.03439621253081681,0.43679865889019864,-0.11230945433261896
29.962864372202546,0.14922510821055712,-0.17918332283019844
11.806338306069803,-0.5807562615070985,0.6736902304152947
99.3782181188543,-0.057207563377253745,-0.8326359320142402
37.192431474202245,0.8249684356830913,0.8964790654762285
21.11559060228199,-0.28905269823208923,-0.9917891181311956
6.417925276560342,0.703934002764588,0.25945916837801075
35.5576930783149,0.9659775511117596,-0.26034870999576043
55.77411217861544,0.0884595381297697,0.3440516676814349
4.584727595158701,-0.04299120775462473,0.6941247595302615
1.8346446656058903,0.5531504852954094,-0.4207664259297771
0.00015369548622844403,0.330931854568584,0.7567212295833918
10.861652849595632,-0.12846110588181103,0.18236519830827436
1.231192610207994,-0.7635616206644493,-0.3953411756192178
0.386140755568804,-0.951640476142978,-0.3489154265260196
3.8064603847264893,0.6375016345850932,0.7041573782647674
10.549731605509843,0.5142024424551459,0.9758621474377442
4.339882734909109,0.7412502978693118,0.9738804704754978
0.01727249733340912,0.8236691266130647,0.6269573284292334
96.9822563660063,-0.95820654978361,0.03312320618933451
10.899719340555585,-0.9651549685822817,0.35247605083810574
1.712848100575538,0.420273060639643,-0.07894200036639376
14.450583518018393,-0.49854133672674317,-0.8226159466834311
2.160812625002091e-05,-0.9537292395238468,-0.24793511791901213
9.6895592342388,0.5046028624958057,-0.6638700092918297
60.754642082643414,0.8635353821101408,0.9573572759898732
3.436467282249831,-0.11575506265724778,-0.09493882418134258
0.00423789308823689,-0.37826501768267284,0.06169704478358873
71.56267891871782,0.19849239100539662,-0.3892367333487159
0.14631462583222304,-0.2204811653090175,0.41343766062710463
62.17791832834707,-0.4402991548555849,-0.7390073766113877
16.957720806623342,-0.5756498419293156,0.37950211789906363
0.11863970548065547,-0.5363095418464283,-0.10847103163644112
5.541013425263497e-05,0.6332343012805346,-0.7080544003129257
2.1056463616709187,-0.4861630998288363,0.9231083670805158
61.57232574554613,0.6919294114614767,0.8904472591865846
0.013067955239412383,0.7882442994023091,-0.25240185264949433
8.80531207281944,0.04948470060973498,0.2824696658596255
38.904892411417514,0.3837570617880943,-0.1509673903374621
7.641930755768414,0.1643898542327915,-0.9019017350389414
0.0031046474167309617,0.6820481949768413,-0.3949915219317741
24.394864605852977,-0.01605715204025171,-0.6629158401673023
24.560563214675565,-0.3072531388848089,0.09044473833533151
0.08686264206278123,-0.7012291648705878,0.18651448669651716
0.006180403885650885,0.09454537119974016,0.993954007111485
0.03735603584036065,-0.6494565505113341,0.25143939000189275
18.4399927157421,0.017663403606506645,0.4826279207853128
1.5048652295213212,0.2558367802463253,0.8217291124542052
53.79913325830267,0.22335860650638084,0.029405491722997557
0.1126701184193224,0.012858148308348305,-0.16179156173517506
0.26401733896920054,0.8724306587216915,0.4562098534746377
26.4077220284341,-0.047995112363540704,0.7876777489214029
2.83730211038426,0.5832531417609244,0.2140667089910755
0.5923757751532027,0.7918950667257649,-0.6925097000915995
9.147217497968908,-0.5097696777409553,0.42203376769196477
7.47281335460062,0.5116184669200836,-0.3091901304260908
0.06995213893485859,0.020598162776172657,-0.8174404820503485
0.8244977500998297,-0.5772390705842416,0.18278025608493365
9.2937400681437,0.22684035843790462,-0.04301579871725847
1.0587872894930373e-05,0.03610291668965315,0.3792129207005286
0.21576235582726383,0.8909193587905129,0.018091040101512634
8.453874220802222e-07,0.19406153195412612,0.08009565126452478
56.48424160501797,0.8208501625224771,-0.9992962929216084
12.479031574296052,-0.6965846480269234,0.5199104958158347
12.339558162409334,-0.6869405534719543,-0.8587552043438464
45.281328227467114,-0.01847161284350296,0.4429810692711478
7.15295415823127,-0.15949517183556117,-0.4617652042650434
7.020777781010939,0.39367756077072236,-0.7787502900991341
88.76380221206654,-0.9364034113708063,0.05120264804651753
0.5971658652563869,0.4847812197681636,0.6033155079770289
12.078236244961694,0.8068417656239271,-0.23212893536519685
0.32964648901221383,-0.1075560083918532,-0.6415527993943078
16.086025653937522,-0.5803724050017967,-0.583995778297842
58.80463988428106,0.9781819905473008,0.28847240248807626
0.0004114336027944624,-0.5326911643496552,-0.7356831212451151
3.7744219389660314,-0.6592033923178465,0.7487019369232579
19.688685244480858,0.7169366780264761,0.417482255736104
0.7679713263610022,0.007893870371926015,0.292790266590355
69.90946039613601,-0.5496593921135358,0.570748771496052
0.48855651520010485,-0.10341215810677629,0.4546913240846022
40.58730568877661,0.8292558360318778,-0.8349164004264976
0.16431561171930123,-0.9729031568721195,-0.7413081388576355
32.635133803921676,-0.9635438956193699,0.09476930495679592
0.4091330452914344,0.17019753466541965,-0.12871471336108486
77.49961692334611,0.850963011542704,0.7857878101678322
35.21305414327971,-0.3869225327638245,-0.5011058422196389
1.8223586561096488,-0.540574445760686,0.2779389517288289
0.7580570073456172,-0.5469891741100497,0.5535087049347049
96.79108945979303,0.8357386531956117,-0.03459715680966302
11.377994274558816,0.16694148945400888,0.3928041261991275
0.8792496815833307,0.774758952140856,-0.49847007406337795
0.0010601521978286443,0.5166972232200666,0.3002075317126751
31.545052297286162,-0.6618745747385247,-0.8977522457603244
3.170924571220469e-09,-0.8189654312160869,-0.029505055889696874
7.766531969417667,-0.8979434936408086,-0.28886765983790896
0.0840964803919756,-0.4782733685206435,0.21560206587740316
2.9961973014184505e-12,0.4579319924779266,0.9636904146083465
0.48382730017059683,0.08502679172814709,0.21515962616144746
45.58722863670737,0.07842522056801937,0.9132436906844605
0.0022454694725612934,0.5862504157737076,-0.6051472422027493
0.06737578885386468,0.03952205232423611,-0.1409608390989997
11.403194417853824,0.4354878067111765,-0.3598710150687209
15.234942420167624,-0.7495003227714394,-0.8451322819744634
17.13703147636855,0.33269379529885024,0.8187492213521261
4.451382914454735,0.6586852599355817,0.17305798498628389
1.5790931745732513,0.22525380239436776,0.14708700426119226
5.653764257785849,-0.4502484553438042,-0.5148357886213655
4.632594199527521,-0.04957497338625594,0.07409173006408709
2.8848551794263167e-05,-0.27419275148109534,-0.42471130565883
1.2755221710745827e-05,-0.014637548574108927,0.14271121976113732
75.46620785839922,0.6601126358235387,0.25008769691066113
36.95175005664576,-0.7079353646284321,0.983422081999408
4.740187329832453,-0.029283000498029454,0.30622832640887276
33.17405797200643,0.1427561720843069,0.4686259333428573
0.002283905391051948,-0.00695024592873561,-0.11837668551910441
30.92164301111141,0.27898213433233376,0.7274872712710405
11.496211569263767,-0.7293011787389718,0.5770536402751356
49.780344402246754,-0.8354584257298064,0.29939174300576044
23.06367161451742,-0.8099622050285584,0.05147931257725635
0.12910866234441937,0.7274043452267294,0.009932691417978257
11.691742008237398,-0.12485282510104945,-0.9738235193095858
1.5466317721020322,-0.2511716329236844,0.4469510739407687
3.5344229770918715e-05,-0.871702708332329,0.2914607766101125
0.19402769450605944,0.1361015579549425,-0.5139427683400748
10.65388358268848,0.810872771145225,0.9218022461451265
0.49088866723413105,-0.6453025236348239,-0.8731158104034397
5.867734010540436e-06,-0.18652335108208373,-0.9318083411050713
79.0568556383368,0.8544398508867317,-0.4740535992367668
0.04048327985191833,-0.8734943876806605,0.7530962757953734
26.802354177363675,0.010156381088173294,0.08345574051059512
67.54892821988112,-0.09680276382502828,-0.582417335581813
41.121230401942235,0.89370597950914,-0.36920798942566
2.233425049060261,0.5813947823871368,-0.1643712909639764
82.74417142208664,0.29847523960546973,0.7632906139026123
1.446043385782381,0.2244150352449037,-0.5929787521897198
95.1861412632796,-0.9449594264212965,-0.45986074826442225
1.2680802361810648,-0.08100278076157885,-0.5282528369264667
0.07953819705590447,0.3102918922054456,0.1056687546648345
27.953103789653987,-0.589037973491112,0.5671322995557597
0.6198629243438992,-0.2523599234747944,-0.25634166011003934
1.3194976392080384,0.5157259785124224,-0.9546884858147736
34.00563596893952,-0.8380673923872097,-0.2268010144796725
3.1052674973251513,0.6615334953568164,0.14547487100916134
59.02373357896082,-0.6411143797524053,-0.9270701966606177
6.744813849598133,-0.516859514595511,-0.28327328898193993
32.95259404193902,-0.6773739265019636,-0.5923710546906011
2.5616145670560755e-05,0.04691516071573831,0.9397273953074046
0.0725054666911095,0.9490768763006565,-0.44099267511952744
0.3589601068466228,0.5387321976639516,-0.7621346928455149
30.34393083428576,0.7743993590085316,-0.16537397495697082
0.07599510118450503,0.8688484180501992,-0.9715868846456036
3.6773071255957293,0.525848540748264,0.2070414688601525
40.1264629927866,-0.6503442137690035,0.19965466477759386
2.1852369993193923,0.8374597421888321,0.12549474263658467
18.817181863688816,-0.992078082159192,0.8815839898253279
76.48376234494762,-0.26800052942404806,0.1684662798282186
4.946703141916305,0.7949763945944153,-0.6668147455019582
27.479256947754845,-0.8692645303179769,-0.07467152406269273
46.200030660756575,-0.4779348472280426,-0.2768789966635421
0.1276375152929156,0.011220440899982531,0.5325575714207331
15.351892974948179,0.8411054846706021,-0.1170835778042918
0.16783038540621184,-0.6940604057333838,0.6146248526816895
0.6171225052580745,-0.996599411157043,-0.18266288834072186
0.01596738826116382,-0.36606285550527495,0.5752398673605861
67.13885575032644,-0.6030974147471537,-0.8397920533147115
69.31381118922405,-0.8334636807812725,0.5401013719388024
11.321819177845436,-0.3889091708680116,0.6797705609210565
65.69735828163637,0.1858190840468532,-0.6888086066814056
1.5500816734892595,-0.06506316107054277,-0.20261874048147066
0.19645556434018394,0.13914346384972265,-0.6112343270785145
5.350883074464999,-0.9908219686824309,-0.17512042038150166
4.953898708396386,-0.4270215150731803,-0.05487855574529432
33.58781109859549,0.9386212126823772,0.601557889009581
13.497329954683929,0.14429208278857808,0.9509438515039303
6.9636042114217185,-0.09798316123627271,0.5417417447988928
88.62219211905322,0.47520784449344644,-0.4047940656021898
55.55683842662682,0.7930194054507498,0.2538693838253854
0.45413261690200973,0.2215601135554881,0.22968083825135754
65.34492241796487,-0.14798590390568567,0.8984394630009431
0.3300856166626546,-0.5021645713092743,0.5625068072269315
0.017698483372234623,0.11018441472315055,-0.8858283074560814
0.18135020745239686,-0.33498499586196095,-0.7296511687603033
14.144507718241838,0.9956509972428749,0.3042717263150019
4.482513952647529,-0.08556241804410669,-0.6721034470627041
60.853681796791314,-0.2420528245790312,0.8853010964276591
0.02002530678817,-0.5860137699574541,0.15942063609270596
11.683429738472602,-0.5135071202761858,0.4020732009589867
1.0046181469183313,0.6069401997013089,-0.507899527708362
62.42259945477828,0.11485359132849315,-0.23712357275032947
27.265509647264746,0.28474174972914357,-0.7811117916984969
75.97397033184288,-0.8619031110664301,-0.5345343348987395
0.015017193270112073,-0.4104123692947599,-0.5724999678415184
1.7099947912024176,0.9967456742144525,-0.750082099051289
16.68953160598968,0.8697590226476968,0.3975864292557736
0.6816778459770675,-0.8539675170069174,-0.3995014976550013
0.3159358230887118,-0.7231835896502063,0.24332516395070347
2.3947489768338435,-0.6016834385181065,0.8503157022669197
48.130087980958216,0.6323204121011561,-0.6402881266755432
0.0005920798887178004,0.381229889725188,0.43406527938806017
0.3797922753112188,0.15340528549869625,0.6769996292036649
8.036507128338833,-0.2546869498286424,-0.8600473768178756
0.0002640613789714271,0.45624314628491147,-0.4355659622308161
44.76472723469494,0.47079764511203637,-0.9342262755568116
0.09996105260245268,-0.32175377033212593,0.3609543418313179
6.881530927118715,-0.3140121218523282,-0.3361484960120903
0.027200758320599164,0.3895437090544789,0.02402025263954588
4.235724957194006,0.7298516021415886,0.46723839976716386
2.1605820277899452,0.2962083278624925,0.7561084491211987
1.1925853917638614e-05,0.7100804215401644,-0.8307018312115737
87.06511085045736,-0.203515888547685,0.4368611014551902
0.008072300666356705,0.9932543177550748,-0.8474066933641236
71.35019276141188,0.31703021300460965,0.7439369037834715
0.3885403780015154,-0.18809514179783127,0.32390691475359934
85.66108983660891,-0.8941379405065584,0.40738078563969826
0.332713827682593,0.5728922544536066,0.9972719840831563
5.777098459260239,0.2938413378628768,-0.1874068324844652
37.749207084415474,-0.03145691793937222,-0.45080497813310993
16.73099613720388,0.2708750223738805,0.6567013864980078
0.0003504478073239209,-0.11130074093321629,-0.8790303352220117
12.644611134121511,0.8038425964252944,0.47411170745147113
22.098863983605025,0.9377918389478646,0.5811197120934299
0.13293660418750353,-0.07979872841339253,-0.2903663601818348
89.97384783390395,0.0027140550710533784,-0.7264635220462576
90.01456978794141,-0.3986375184173825,-0.23025405307566593
0.0022056955124313384,-0.6363998148576203,-0.6466990324746491
88.91437492592655,-0.10125394116676867,0.6321511225370555
0.27578523014071477,0.5340963522811188,0.4028594595332111
0.3228741758622667,-0.9604462918096538,0.11171726032807272
13.711195160992249,0.665502338372381,0.17057095168251024
0.005394676356406048,-0.0866284173137074,0.3474014716973963
3.165955659307636,0.440662051986223,0.6400730726030988
2.8330116045894616,0.460662828313251,-0.8436477559432083
18.484379479478083,-0.02507834532969122,0.6091664459835335
55.97331381425105,-0.3523721867095352,-0.8995654836926079
3.9077194358444,0.6724748484904681,-0.7485661620606834
29.684665641059865,0.6423795312931506,0.19455950181930826
97.17404207209114,-0.8220498673114538,-0.5278301182643799
0.009773848133478407,0.08446199678472532,0.9863575596765704
0.08853240711735022,0.19110848374033207,-0.03263210890992585
73.70164872132901,0.20808732262539942,0.16268952955662264
17.834684306842558,-0.47405567067817533,-0.3637985360716611
0.011479138144081079,-0.34835211198299443,0.9033659573729653
7.042098195279739e-05,0.9353953966826711,-0.14829433836482997
0.009075267820978556,-0.38548551372274786,0.0924895662330627
97.8172963363933,-0.2992949865546565,-0.41712217548359243
86.89440072692459,0.5747539243422077,0.7443413658496922
0.3223337734211803,-0.9955553885210667,0.7533605887309234
0.011288611198652505,0.19565457558771704,0.6853703036909407
1.2786534632318864,-0.161937850377464,-0.9746087564323042
19.9388474656064,0.12105357844721532,0.7771786831739027
0.0007492911812427978,0.13984210325097335,0.6127327406094292
1.1106339783000572,0.20245049511725233,0.8370545405212613
94.75693151512498,0.5765287516697684,-0.3295236328863339
83.92695325390395,0.7627899306080344,-0.9754729685517955
5.451219856571493,0.2410138833126212,-0.28690721802875196
0.8514297413244389,0.09073427478379026,-0.08949363828635237
99.29079276193032,0.5019723861069372,0.37331290573504616
1.9802582669037037,0.4305184634372292,-0.6235134932799393
0.9077380967513005,-0.8202870732157819,-0.0037009165717207804
0.036496680052544646,-0.26324101788938603,0.5718622852375468
0.6080008451522368,-0.8176816972766445,0.767364978349858
27.81256671003005,0.65545832874553,0.33370421659964955
5.024162133416227,-0.3701004916884896,0.10141837632417583
0.004924534932113456,0.185021587755116,-0.7152580000743048
0.3011471571800108,-0.018879794400606165,-0.6585398022659779
84.94253365422024,0.6813506843867205,0.30765168429840006
0.16674946081372588,-0.9170510920971012,0.604482255029871
42.344377717254474,-0.22824473976267912,0.6021124786841492
92.9747831710667,-0.16614896031618442,0.08597737994645849
1.4705369782588757,-0.09934062798829957,-0.951655475682007
25.33404511096547,0.11137925308901186,-0.4772023935965388
10.583074632285387,0.9349020667843848,-0.8872252765031201
45.700308227502326,-0.9678103643103063,0.31442445182573864
1.4115277550359234e-08,0.035724421862845857,0.6836240210445621
21.60951758182959,-0.4750843763611605,-0.3833987220201961
16.461981920584865,0.8081391145019372,-0.034672341649569005
92.80699957716901,-0.7061247770662258,0.12522866527027943
11.099038938427006,0.34793296999578516,-0.010719043254713845
33.03246633052716,0.3973978322382772,0.6447893760629928
25.51283718246814,0.4284060371989642,-0.4298670898506527
9.577880172472538,0.239839404151577,-0.8129552918724463
5.226887912280664,0.22094850980569625,-0.8913079442919568
1.1441421800497444,0.22860196330392424,-0.3899786420305872
26.114944017746033,-0.8145455061046483,0.8919508991094836
35.218557146166575,-0.9842799992116674,-0.23845047649824902
7.937016536785621,0.756438354979373,0.38112903606071047
0.059154514173199176,0.4885678235993849,0.826813316355151
27.344518433857516,-0.363783204268304,-0.5212744240116587
46.397751349475044,0.7592386159640803,0.7621403226006567
0.31930942440428917,0.9016910938966018,-0.7212457585069456
23.92365740579196,0.9300467963149741,-0.2138481294833111
0.28485863708507264,-0.47316179444378814,-0.44879859650637444
2.090974761304775,-0.9336799564744245,0.5795740616630207
5.2920763552177494e-05,0.04800828546670122,0.8078527889340787
80.22057895989974,0.4172552046244953,-0.7000059610809826
0.061622374581784004,-0.08799966988472052,0.46255102292971784
34.547185495889345,-0.7623320449973101,0.15069568975175174
21.310466281020094,-0.6069399358100616,-0.4600940427934257
0.22493279697833077,0.3609953711971765,0.7966728786619945
0.22641332892276092,0.04253565937332282,0.09612909364161104
0.00020899379526640268,0.4587619853586973,-0.9683466182219699
11.188404403563322,0.054347929193031996,-0.43752581992143713
0.2977205382019108,0.44924974335194867,0.44201290291985673
0.1224578813215891,-0.13198145758699442,-0.3784321009285341
4.243889585851058,0.41966102194415367,0.11443848211643992
9.485442886412155,-0.45822074952280334,0.24728472284707093
81.93596395217725,-0.38008209201013865,0.8944101875181072
59.65136553819066,-0.84912880981597,-0.4995282790485567
21.473152650730224,0.19519098854535044,0.9920140099575465
68.98070543140761,0.47325319203812244,0.03494762722615996
0.00014845311391976378,0.5385045198834302,-0.2455835878968886
0.057867967523116084,-0.8072908337697482,-0.3019687279682447
33.10032540529149,0.33643282189878443,0.4121708730000564
9.308815386616605,-0.3344639966655488,0.8200556356121071
14.24308400574217,0.8891941198773607,0.21729838497984533
1.2106907952501724,0.04513035142996169,-0.4284209906387365
14.290516361768002,-0.032363039666732374,-0.48225789441850386
50.09156771872214,0.030982488578510603,-0.2047583737435975
30.294421343066162,-0.8226900039258193,-0.37157222392934275
4.48452880563145e-05,-0.4353219590979528,-0.2826197358137197
1.0545097919551698,-0.34904067926027593,0.9707533417431538
8.44075200277941,-0.7132332037453739,0.668107111018396
67.72340410565467,0.30418908884630924,-0.13357399553720795
6.111425421430906,0.5736128459017831,0.32023335557903354
22.13770725213558,0.3511352778334149,-0.6502626701062235
82.64273135155766,0.35664514771881883,0.03571898540088436
58.53837188024935,0.8730707765484547,-0.4391565806510883
11.176956988160075,-0.6632270877115358,0.5184723689447575
10.49154803786617,-0.5088399456394268,-0.6487807867613747
65.45340478400789,-0.9137660327448545,-0.08056383127072242
4.765382614023076e-05,0.6538815572116794,0.6501475571702513
2.345109582045384,-0.9295411825099904,0.7311168569485833
3.849491791771573,-0.5927460197355914,0.7942224489695509
1.2879916622309489,0.5600012146585349,-0.875056095730626
41.55822516855158,0.5177590093009463,0.6350034744984498
37.918823905743224,0.12692424953502623,-0.7274004689115123
0.0030124017573512373,-0.2674854110556927,-0.8480878721353948
35.352615495083384,0.6037229505866635,0.5097071917533158
74.28184525299119,0.8199680799376992,-0.8068905526589985
48.750308140100074,-0.6720353712591399,0.15417279326300903
0.12969894729725623,-0.518246035772673,-0.16083237441458553
30.613475466621885,0.08589504671462178,0.9808161867805996
25.649311220701826,-0.7417661060424694,-0.5590141995903667
4.06122715169757,-0.22741588848582883,0.04171059801048149
1.1732466499534446,0.5190533238392576,0.6135016957453867
0.026546074579317274,0.4777038014204755,-0.32779873757773403
15.98392696008183,0.6677967942669663,0.1615802815924099
3.7409564521888954,0.7635621097894023,-0.06087537562996148
0.018626060552521927,-0.48081049987795166,0.8311882789269935
69.46661315378334,0.4346793952877652,0.3719917155266106
0.014497117173753682,-0.00020293072090549202,-0.9408875616513118
0.01364355104036285,0.27642127030839725,0.2324195208300326
3.7091903648041797,0.6265253298126927,-0.608948066075802
78.877357306032,0.6033198333864369,0.30517614615910427
0.03220665097133849,-0.16672596639100812,-0.9085688370619448
0.050358595943074694,-0.6386544881203352,0.7321545202397646
1.3044001536005803,0.38053621947187577,-0.9977852756180889
3.916585888177362,0.2731754374900399,0.729077123432663
6.51687915862725,0.7773902473780172,0.8583748132189488
87.5477031158424,0.20186897148498928,0.16435905653199412
70.72739951532563,0.9167710322424774,0.27693617830723216
66.94996080956311,0.08924743453997386,0.9453149896892947
79.88666389842285,-0.9710586040638918,-0.9415905071640511
2.8224208995096434,0.3403067110500002,-0.8876130059475287
64.06834806661026,-0.38970282910528375,0.9769991126120503
0.0002299415403159419,-0.8102545779922358,-0.7873004882907546
11.642877954234857,-0.9857336276562193,-0.6568779609812986
1.516025794354739,0.7934205518955126,0.022063458559062
0.19005262159117328,0.8362452898687567,0.09694166047512454
3.3412267784111984,-0.8433975806015548,0.8210403717991539
88.8467619475768,-0.301091331764458,0.3170271923060526
61.524843100374596,-0.5847572519066593,-0.5493022167050972
0.05360715373245831,-0.2666250503649118,0.6619108729976475
13.300237245095689,-0.7524298671723082,0.04970309417789731
4.4053827303756625,-0.031249556456944494,0.07737134426074688
39.696643939978365,-0.294974445797359,0.2415784121531439
0.5624115413776143,-0.14255640977989925,-0.581960779256188
83.47613006463803,0.9061871736434581,-0.33572239988212615
0.5189549886909912,0.4765522284086383,-0.3632283209789029
55.26462898615602,-0.9505817976306395,-0.1835978015096248
0.7155902709040651,0.9099060530843734,-0.6950384849103782
46.67606516896609,-0.6174186488890757,-0.8329269163101576
76.09607070651352,0.9653332901092178,0.5583971640072469
32.69470741830179,0.9718311588932163,0.7982220239156013
16.81149182948901,0.5072203756010176,-0.3682485730374365
17.25611521402807,-0.003041861233248233,-0.35768697954235174
14.510554953120867,-0.47392640983884626,-0.4308627974439686
9.834152963483588,0.957645955006224,-0.018129967879632947
41.429872818054854,-0.44490933883803807,-0.19599018174684002
1.2474921189457888,0.2454945949826457,0.157436440554114
0.013851360744899531,-0.07794362445717862,-0.8579292324315855
7.88199386064647,0.5422961223964988,-0.7555826120634401
15.75523421313187,0.5085939326543403,0.23147251394547608
0.020973898693195134,0.3613712122691424,-0.4503980108017487
86.73072385019084,-0.6233105864143902,-0.610231292035747
10.518695267548537,0.7099028633553808,0.19583157545247265
0.30597216712705794,-0.4678301868488052,0.4403055633703832
0.3357506418990018,-0.1996307234936795,0.8060109530546831
65.51410182861687,-0.6622233367712902,0.936221005418709
20.97211512420361,-0.6912098976576185,-0.14775722668091273
37.1404444966851,-0.04903125869881286,0.4201138885500393
5.114196984507759,0.10912462308534887,0.4455272534768162
0.5543106552161898,0.5686728002544101,-0.48984783495846906
10.690945542163512,0.36891134055120167,-0.5596271468895082
0.02743082806184876,-0.5451302123974056,-0.3485085925777559
98.47168577356176,-0.6473556407648275,0.54666272209555
5.37551102500331,0.8026420423286957,0.40404239755790905
2.4308054710319182,0.28965510184547894,-0.8814539120017799
24.857942370201876,0.6929975787605787,-0.004105736913360691
28.741083278947166,-0.6647129729819303,0.8988028999660886
1.2929178790423435,-0.08976342252024039,0.6710988969864238
94.47716835490372,-0.08801755461132865,0.8722223070169197
14.319350331298548,0.0118150986546679,-0.29466555750778023
41.33158644805946,-0.8005234507076346,0.7965166609954821
0.0026307859336733457,-0.7264891619827987,0.18779298600988925
13.748275661403072,0.20533563010208833,0.2989765053235176
7.259352129188416e-05,0.7246276499471997,-0.32442759698769874
0.0360770155223028,0.5245833244627887,0.9169157272910009
8.917178614067142,-0.19450578775844107,-0.8710744228878651
73.91961742770806,-0.5151932994798559,-0.2634451008362304
12.788978690495398,0.3961578394197798,0.33312149234451427
0.2798988042116168,0.1413998825953564,-0.46737363280212163
0.08003907397173332,-0.9233732538497152,-0.3460105677895937
0.008273717174351202,0.5920225520549074,-0.7124219500209513
5.492057692820404,0.3729203294516843,-0.3990968947592348
0.6013685753541255,0.07373117558422049,-0.28621661190010783
17.81278072113397,-0.3548320224689635,-0.9308193384058902
50.85455092702167,-0.8258706495127286,0.8948115604850508
4.155646542011864,0.3862470798222044,0.06264445900868232
0.08678568744691424,-0.6079101251915715,-0.48096658543467474
0.0019563093187731726,0.7990962956302019,0.9515180399946819
26.762991405708803,0.7402902161143288,-0.5096628704605528
0.2872958862862048,-0.1461971994995932,-0.5648095569975412
2.5249205963660684,-0.06189186616723186,-0.2667185995725232
7.249320320470044e-11,0.053762015446168876,-0.9273371891206995
0.34527387651961466,-0.4869597845297713,-0.8028920119574516
0.01225896075145008,-0.29702967635084987,-0.8183071296150727
8.797322494072816,-0.16363448695308003,0.07580501789966831
71.05772720473034,0.40820628393889735,0.54325968236669
24.749718379778678,-0.4135310510433414,0.04741534555253901
1.942532185858959,-0.05982004833315724,0.5586809497343683
0.008848947845319505,0.08725995115354968,0.3941500066974304
0.8330568044733253,0.06854089823831155,-0.4263118412475988
0.12581314998300314,0.2693119570193976,-0.9631251664682509
3.777403437545612e-05,-0.2578634281473928,0.8597632167577203
31.412675906239112,-0.9661722689914773,0.15181338210911144
26.04522186085086,-0.9698119119830801,-0.617369810443217
50.99810561062862,0.8169096044001192,-0.2775180665099245
1.1291063918264657,0.4623225977969372,-0.7833849943214872
3.2932739409318503,-0.44744938031993986,0.8444701974190421
0.8130395759781858,0.13728762033941466,-0.029128724597051403
0.021294892449172296,0.8606334475326427,0.49241403363116
0.010066692815491116,-0.14452888311451706,-0.4629904774985941
3.8179564542986473,-0.5145763355369098,-0.8490499278978717
52.460146709408804,0.3908492788906899,-0.5494806299036494
0.0038275008104773343,0.8452708573428958,0.7682296830195714
0.049671730985359236,0.2770028987811044,-0.7163519206722587
15.212376744886535,0.9133602024749963,0.19142465670037856
42.04218081288742,0.8099351295241226,-0.011560037530051859
71.72189943132983,0.3410130211678959,0.3972267949671726
23.089095310043703,-0.24755826945509296,0.22105232450997048
57.33211765601788,0.32334477577068754,-0.794777825277547
72.25891676094912,-0.780218182059465,-0.7051643319613246
42.70684419349896,0.08161382065053946,0.3880811191919489
51.23258442282127,-0.09010663749492631,-0.3285512694001699
52.62401593163509,0.5945839889768376,-0.9750906667827522
44.07773526762317,0.3575043571206087,0.8378160207573053
1.848085713318599,-0.9300700311258726,0.7390574153928937
0.0040961009194496415,-0.1966584530318629,-0.12622252401257084
9.239620723308665e-05,-0.5036190728870118,0.3995758427932472
9.178862770231505e-06,-0.21095832949451643,0.8772575835049881
0.008917980581709284,-0.08217432193963126,-0.032818244990714396
18.19723275225645,0.14551739912775719,-0.4197771106836342
1.9151267410854107,-0.9259973857546779,0.7195123730437687
20.152908947191545,0.7666540128202375,-0.5879592249034302
0.5679773382310221,0.6801471040630249,0.5000211598958535
0.3939274775081592,0.41167361923864343,-0.7573345055865317
23.227692047240343,0.5906143127626329,-0.7284088334533145
0.0716354785615502,-0.629816102180687,-0.8861321678997467
2.0207898672803224,0.20523848152519997,-0.4331201270021082
2.1382684580337825,0.6631850137920958,0.8446793998015631
91.34686994116885,0.38208901838090537,-0.46575108508487184
12.529858966847424,-0.9836447010640255,-0.4592489797260505
0.3745764809731639,-0.2801808199367435,0.038635319823967285
15.846360595281666,0.3000221262236198,-0.9361389253532824
0.15613227127027693,-0.9872108347597375,-0.5856217383685152
30.448631110107545,0.23290361121857273,-0.3591707985444289
21.984518298780035,-0.5572483418102365,0.380454337055498
13.393460408059447,0.8058402046312052,0.6924747737568893
86.19409023735301,-0.986113334626944,-0.0634445955350682
1.8890349088498852,-0.07832727216070712,0.5349704740183991
0.3339295630511703,0.7485953436463806,0.5655973093844493
4.50991124771912,-0.9877898304238227,0.283940692432167
37.59681576500119,0.9917555233787709,-0.8984386351186342
29.06172626911013,-0.10057807570531763,0.5031140695904373
0.06073986902103073,-0.1721004151759833,0.9849169886003684
63.51928372826492,0.6251053361786225,0.2499187271345571
2.6077695463233614,0.6148793917425122,-0.8250201208418194
1.5186679836758186,-0.5322953536603794,-0.05429664891851049
53.706944956179505,-0.7273901672036489,-0.0940356337576077
1.7931838288470572,-0.5992342534444715,-0.1298034505217004
2.4537292907924675,-0.040177053172274046,-0.2183274035725722
0.9426071705994336,0.7339478354390419,0.6151892397866467
0.014987056886712626,-0.41450372838460703,0.37860189795884347
4.612386643218274,-0.541888374584576,0.6644604620582584
7.540431149692154,-0.04341526118836203,-0.6125698511258979
7.19069069184757,-0.12041861023612166,0.9489761840084829
26.263908881110204,-0.02323085245827272,-0.40443657612643313
68.35821340924241,-0.20908927423024448,0.3363546390658798
46.49328290035529,0.6895117364119605,-0.2242909190584862
0.003245676842295335,-0.9607984172116312,0.5117950125071669
0.030265909912919796,-0.33058392997489916,0.17837392033515886
15.08349101703267,0.5497231021809403,-0.8922427921741709
8.976198093548592e-06,-0.6109189950987868,-0.020755839114582342
34.922113751533686,0.4713781683076208,-0.7942722706298406
9.16060418748,0.3398098310107842,-0.40726688212910267
0.031780564947223415,0.4647885922049211,0.07959177477840296
87.251751739234,0.5047753891253941,0.05298755030616786
0.007732080631022558,0.6194986261201016,0.6899738371004274
0.008229532911074335,0.375272617073533,-0.2503057435091447
4.6747181644473645,-0.6439029180206105,-0.5405567757841492
1.5860871520782693,-0.2978309947336414,-0.1520088653990176
1.4118687889050818,-0.911008946125828,-0.7351228569643795
0.0007231769362942843,0.7025259555823922,0.4972668476074902
0.06402364167151556,-0.24439255120195225,-0.3072484063256431
62.31882390789526,-0.8684630263211355,-0.18138704231925973
49.64042941239624,-0.9615308211218503,0.05824110502458213
1.6583698541679737,-0.25313725330917825,0.9069450256213258
0.8959886797429361,0.7763616409815568,0.6860128239678918
53.24078616964935,-0.8309488974470748,-0.41325489227050927
0.01575905806789468,-0.287382882060214,-0.7883997888855849
2.4946771274529707,-0.15335697711273422,-0.7078341699735002
0.006042647433310862,0.6905872869913154,0.9180760982237162
8.081121896957082,-0.07880718328689151,-0.031481143297422354
38.302911390097705,-0.7251650130299483,0.22918931533616238
0.00988946193937981,0.8308999455539536,0.23745487370479812
23.602463707578583,0.8265279895100106,0.9207342467326813
14.73206195403947,0.9680666193590626,-0.7672541287883365
1.9343408575801386,0.08357311104065435,-0.7202449710516305
0.44293897147733047,-0.3716399935678124,0.8552644367456472
0.037926672653915645,0.9032700352919258,-0.1149105659502987
0.11084001541699913,-0.7653582658091573,-0.7703130592660756
8.542367886952514,0.5075520182338653,0.36833964615527726
0.007039015842872474,-0.5350664638285858,0.3616212663878253
0.2299208134670507,-0.5063579975639734,0.6635404629858817
76.6713498938519,-0.2699076089995459,0.9802445110022182
3.229785769605327,-0.9989701456403102,0.527931095127739
12.846311965830465,-0.7359259397348292,-0.8959941109214941
0.019169361855767734,-0.9934773746774028,0.20806972087159847
15.02355047883252,0.8121371922673828,0.5339562689444401
21.437512205482694,0.402200173918267,-0.7887186503550904
1.1240816726955956,-0.40360061725271057,-0.2488558578154727
7.956259849082157e-05,0.8422252748832315,0.8812718972946101
69.78040563557134,0.8970252139071988,0.8568030601903511
4.635543848833358,0.4061954587613852,0.7719421492247298
28.596359485353606,-0.41504931121489896,-0.28077640006467375
50.652521608208325,-0.38511038211730675,-0.5580530406046899
3.206794461032399,0.9581256785684549,-0.5980800165212222
35.83104599241149,-0.3816141731676569,-0.2534065599306863
99.70790328866647,-0.512130865763347,0.08874292142679963
2.386055426563951,0.6222959613875501,-0.8188681424988444
0.023201825547940653,-0.09632214647169512,0.01571538351893298
53.05359505651398,-0.8957923659208874,-0.23920175688012224
22.77233697850315,-0.11214744776870478,-0.21328956947078992
12.727954040510165,-0.9906600063539358,0.8744775797998041
4.8725255473327774e-05,-0.6906234248096608,0.2527742695698756
73.05891785080948,-0.11342034368845877,-0.25464413015609566
0.4470606970653971,-0.4699405105736295,-0.7793762496376266
4.52033437357439,0.5588011749213941,0.14986702916511296
56.67841042191735,0.3487302420651366,-0.008785231880783617
36.824879549592566,-0.27911515882797977,0.08261229780174029
88.24412104291653,0.5471435797797455,-0.5181805735825373
5.439717700957681,-0.6369226975838723,0.6379269712115259
0.000181806294900408,0.39927500919699344,-0.056755587991282
55.45311863571069,-0.07439013189367571,0.5217100547772098
0.30307732960077755,0.9227080249210855,0.46946062624836604
73.74514973290196,0.993449206483269,-0.8928710276080489
85.8766078535188,-0.5456958778987135,-0.30863333076811794
22.3659290020856,0.8011419261003809,-0.4369560484161852
21.15788769685804,-0.24542442326666436,0.13539429044175777
56.64810226297744,-0.5660988580743953,0.43993370227462725
15.530374971100724,-0.22926870565227686,0.5014598806988939
0.05661149178786953,-0.692288280000279,-0.9886259589734049
22.04922617031927,-0.7890686437019507,-0.685632304209705
72.56086042010588,-0.46452441905182396,-0.5872096120777826
0.0006841396473014649,-0.11606760466159316,-0.8520564524084824
84.32689421558143,0.05316034129730096,0.5175014231389157
1.9546115510106796,-0.3777500948759912,0.07006626363312085
36.68367818637061,-0.5965176723243271,-0.1937857892368079
44.24434574691106,-0.006461539252245685,0.8650610918359471
2.7829255376142816,0.7675105576914669,-0.7592689249138806
7.284930306078846,0.819126902620938,0.948045006034248
1.829290521930209,0.7717858309273731,0.5207199542124414
0.0004912233362265946,-0.6282974471089807,0.12181061119842762
4.696403646482775,-0.47202754337498276,-0.6192852499372674
57.19633385966624,0.2603989590449485,-0.24689972376196212
12.738975762871515,0.44754897494902046,0.8116435258095382
6.712766062195784,0.742433065028477,0.13932455363245566
99.01100836359004,0.5372678480562536,-0.8444420772716779
11.133287588036586,0.7212951407194523,0.6163219982096635
3.0339842351191235,0.9187931035126957,-0.7979668898939409
0.02566136916769509,-0.025948301629637016,0.6192823000566814
35.92696836695461,-0.07372901816733479,-0.5363891765548789
4.108337465622194e-05,-0.7872555232887481,-0.7934732486742109
4.607897786375612,0.7568815114178342,0.8876408769827722
45.991263674769414,-0.31974541740041884,0.6600387073805354
0.4234750601709738,-0.35033821522876385,-0.7307553182492617
58.010817993376264,-0.7714246234477092,-0.533069663914014
0.7910376204848517,0.5675753185530976,-0.5055207289596586
0.07021207954650666,-0.4188813870584879,0.23608381578308557
6.1197599271841145,-0.3265910772928031,-0.18423164709267525
35.47793594452816,0.09933129580313382,-0.8457064196425835
5.566333949217324,0.28315755879808147,0.7930744633658344
0.010490465953413117,0.6503260995319164,0.15608085652882142
73.23210616064088,0.6193292088213487,0.9584453892038225
18.250266978067128,-0.8341748886591964,-0.26866756538737246
14.599478878870698,-0.8866442429424417,-0.9301036648613624
20.740161026345657,0.8799717525837356,0.7428074911610101
35.77022163942829,0.7843198077561315,0.6675839575127869
6.490605270151996,0.4930954435103867,-0.938068490463137
3.834556205837546,-0.08060193932616733,0.6975977124382937
1.1008569381137236,0.6456669959756958,0.04711058811705815
0.0047547529693906555,-0.39627074130740025,-0.29468808726914875
0.028266161395487238,-0.4512155632774124,-0.8269708276226859
13.888852419925277,-0.9725290712358593,0.5856687316210858
6.908752375960048,-0.5903046396968059,0.15381481625617943
9.391697985263283,0.3375096035921257,-0.8656657437919684
15.517783858353813,0.9448923431152831,-0.9391864074741864
58.472758960624304,0.3180050958162475,-0.3367543320981813
14.000240515159568,-0.36743750554592736,0.5967580957143008
22.41888653936888,-0.7092525990643095,0.536261911438463
0.9391892891434073,-0.8987749894611416,0.12826956168976666
12.040956352483542,0.31325414438185795,0.908217667873588
79.20254867760474,-0.8017505652485918,0.690302092290721
63.21582632450733,0.6480275446638091,0.7098636488779475
0.7209994061385611,0.7515138721887418,-0.9129443210382658
35.97853430392329,-0.7411961950296733,-0.760887423648498
60.13046169452688,-0.831966460180483,0.23986117743109747
15.265147693358664,-0.8891808319298811,-0.45665296251502274
0.26580233954431054,-0.34525901094638833,0.6542741291318608
1.0454430835230892,0.6562749451662322,-0.3658974293908004
0.0009292593093982892,-0.7972862588823477,-0.7434312092629016
31.51656007868045,-0.8266523563191005,-0.09727487353792796
69.62169054768637,0.9002043455483044,0.952790319792373
5.8487554473941525,0.6959466382180821,-0.9920566971500063
0.7807121373218529,0.7525466275822883,-0.1204118849593877
33.274243786315196,0.396856707840205,-0.6148896878268979
21.289297628252275,-0.2919193574540041,-0.10402992996002047
33.915257726519506,-0.3320677974797003,-0.5579684491814947
50.371675880424924,0.9748088238095967,0.0065973113627659785
60.2486525001828,-0.8283469614501124,-0.7243063092766553
11.314179247998744,-0.8710622769461598,0.06999876361709045
28.806428928663625,0.9845414727137549,0.774324660933746
84.47948312264829,-0.33171664626292197,0.8181814492433492
10.223687767458076,0.4872400905374268,0.2041061769249466
9.514858704616191,-0.16880894661638401,0.9445853339522488
25.20656703696687,0.34153929809034045,-0.6326791213666401
96.90532494851948,0.06574204426813801,0.5233642589062624
0.0627463067170054,0.6287093448934318,0.6873633816861984
0.19703889977629244,0.9428478690151281,-0.09056733840479048
55.999623141524744,-0.5742857000256079,0.3753534149145308
1.842377480138405,-0.23825377855938967,-0.828287419920894
15.913243356411458,0.5548722708305482,-0.834456593218591
95.93551378591883,0.3482099358038713,-0.940095706259577
24.10407593570828,-0.9318432988569858,0.020887229130658325
77.70466298776023,0.7784600612905264,0.2700518123782931
25.760022687674507,-0.8503197797742292,0.6199493210464677
80.04187698152934,-0.5952260577427029,0.3115802992861907
0.08495915539016864,0.5895909367226462,-0.1096909138170361
39.12342561178039,-0.2599374910757132,0.07263805034273907
47.8020999480142,0.9401075200151765,-0.3287821241145318
1.036736914957573,-0.24003415092368052,-0.33162496661954455
0.09311875706579076,-0.7199503891647483,0.002163241162416618
11.586546839972772,0.33689737641743145,0.5073708684689457
18.635349526583276,0.24985918028932907,-0.4853233861000379
0.022255476213159566,0.1600547469356357,-0.8681734996208852
30.192729030914645,0.5411512418498312,-0.40574110435641175
0.01807184221399723,-0.4710149782328106,0.029254830856385583
7.058507166322005,-0.13927166012579206,-0.4230398124808892
0.0006249557410721042,0.49099795430589865,-0.3437629641688782
0.6848204502322409,-0.6760360853767653,-0.6848856386833262
48.36185930312254,-0.39887390678705814,0.8967619939188256
1.3898933837182283,0.18813414187407163,0.5676554981824704
53.52561206446035,-0.7725890747370916,-0.26199059853976725
7.318125180081969,0.3162793854280066,-0.9462195625838605
66.75227563491109,0.2068736323015703,-0.5848971122720112
19.374951905840106,0.3389438841927108,0.22691549367512698
0.08327712829052732,-0.21590613042230478,0.2857667113031368
0.8283994793590248,0.9627291370496958,-0.6210557639717496
0.15387917123271946,0.19733796802185966,0.04854914972176427
0.3635574948351485,0.878471994225742,-0.9254571609592561
0.1693401228340369,0.7204848128375028,-0.09210468736533006
15.058010317719392,-0.7081651705055974,-0.7980761669334424
16.093552331632154,0.6389467467504191,0.42134554356141485
0.04612124090934934,-0.11802372105099945,-0.41862885541927886
6.451786324888677,0.6267034560707059,-0.48637573324522687
0.00026834453668756305,-0.2999686698962031,-0.6834751954466269
28.465794391147863,-0.05616802996924364,0.6929722631578106
3.351262150601363,0.8370630623869741,-0.9056724778308487
32.75067798382928,0.4607436063159205,0.023721401480044424
7.0418147136124345,-0.7574134825104817,-0.6942450871786283
40.41868430593911,-0.29545309669353403,-0.05020530401727863
0.525546626456898,-0.23060430155112488,-0.3332461543655906
2.589157584528269,-0.290790315430831,-0.2785168030248766
91.44545892877935,0.6612058900721365,-0.052582069266405296
72.85171651819644,-0.7433274436581893,0.9205126214689039
0.5778681450618537,0.5582713376654962,-0.33891798052818145
2.6720537994396736,-0.40642835478013206,0.6238407891381867
2.062542035104012,0.370994607039264,-0.47600349542223264
8.094227200382816e-06,-0.42790488303251273,-0.6263051383903737
91.01738639133227,-0.00901110308035169,0.8477956874022894
75.70924531843323,0.36039232342319405,0.7448271725764486
0.023421626759698548,-0.03767936715426068,-0.07766706243337895
1.5394084274821576,0.1422594507540189,0.31769811900185907
3.9407721113462237,-0.5538419733234785,-0.4758777726021608
1.5741877333853746e-05,-0.7807266553126377,-0.4574935933738534
0.0663170722641191,-0.31825802552130444,0.3964785984979253
0.12441830426693795,-0.8125599035649422,0.4781148163349951
74.79342418624049,0.20103097743486065,0.10986397923571234
5.291731181486051,0.1998423381750143,0.35864101101320167
31.72837806619154,-0.2516744173193983,-0.6279759285914371
1.1023772301955506,0.17620927953778032,0.6585657433687977
24.9080247562025,0.4310183366860487,0.7148523461781899
1.9639897062899758,0.647486313943755,0.12870691874254758
3.7629091741395517e-06,-0.6188739537180827,0.2867256488612242
53.36591545512027,-0.5648013781907866,-0.47809385345205724
11.276040922804794,0.20057175436303032,-0.47074513830595444
89.25111420957602,0.6660049916079458,0.9102910781764049
46.05223239012101,-0.7222882468971608,-0.9211595608061597
2.2107801865940333,0.6531110126991913,-0.05820959167021966
29.81031748362335,0.8116375162699403,-0.6475256514873985
51.9095587197665,0.18775526000266884,-0.7688983944615888
9.334163361090738,-0.48521701142804996,-0.9494591312364306
2.8629973185275057,-0.8568787274372874,-0.9938562952625909
0.1074367285588795,0.5958472729830719,0.10516095031732542
2.9302546883195184,-0.7957936174613718,0.41442977041503704
46.320337215634865,0.5639493785428964,0.7186289292173096
0.787558779940686,-0.6541845431488572,0.4856696314836675
1.2414657867086136,0.9885308274068232,0.142419368343494
0.6882549024268997,-0.732768375255857,0.09162676037333606
2.6794189641411283,0.266007567473709,-0.31683291228345023
38.4186094634525,0.7615879445719966,0.34615873730078195
2.5950036225257356,0.4175336513506036,0.41113693113120364
65.14424410694865,-0.8349530608462431,0.2584965277598088
0.0004029966816085153,0.0409419195830345,0.9749418005930552
7.729997666471583,-0.9823421587259941,0.33141966058876804
17.660142463236642,-0.8652778888748773,0.6890469797277725
0.028729053474200985,0.2820736474212795,-0.19797741004647573
2.3300788271110036,0.13077807535746322,-0.09084673279564048
98.89148448043017,-0.28976427101858493,0.20087778483976848
87.82008776533449,0.7190634010240138,0.17655784851285072
0.03837396640534556,0.06606539487285312,0.6010329032991795
13.778715551209094,-0.5420532410587182,0.392143863947084
6.574239375821191,0.0525432267238215,0.46344807168849944
1.6974552503282589e-06,0.3091831552863278,0.17265392410578118
0.24311599640913345,-0.8498048576197713,0.4501373309485053
44.42273583742974,0.056923263028658244,0.2727208611478511
3.092413147111785,-0.32350570189169603,-0.41630731287514144
62.615845415250334,0.2312244894056963,0.9176483815555174
17.544455208256018,-0.906445065983482,0.5040144774104391
83.12418262492659,-0.3460589675722101,0.4288828039400594
34.074988205134545,0.7227356515545662,0.5609307455673598
3.3018958542610735,0.12788133339066987,-0.7013555551066832
3.9805120982136137,-0.18691313611632432,0.9817162350652961
16.889695030476048,0.9012434350166945,-0.2212503005803157
47.57723532538779,0.9205184200839607,0.29793065713797584
0.24153499062497644,0.6681949472984658,0.9240748534509713
0.029099542681172912,0.5296929963395411,-0.5784822900246887
21.075185296300898,-0.4459746806853394,0.9650112414165675
1.130645325869302,0.44368506041035527,-0.4033412595664737
3.5498501305037795,0.5621858300199252,0.7395264316143584
97.91582655007804,0.2265808987853759,-0.10666806056329714
3.927234729264944,0.6368003215196674,-0.3917561182331091
7.688416801621588,-0.04686377584092849,-0.7329154284007711
0.23995229225262543,-0.6441586994195776,-0.7854379890830465
25.6775164031933,-0.5018090509376296,0.13821231208758644
0.0009599626264909179,-0.3730533137655754,-0.353871183738538
0.11035623573809093,0.24496255784202847,-0.1116564171565585
5.797265870772942,-0.3336204918218192,0.026024265502051724
40.8195103799253,0.12611377127279888,0.8100572385354374
0.05087697035476952,0.8004758167077104,0.1932949791745151
0.0031853665125052806,0.5821006537029134,0.515800491566418
0.0014974666495031611,0.4481798631111036,-0.53951031708183
43.78653149091634,-0.7469465766012492,0.5758481720730522
1.666297094458888,-0.5641504391575924,-0.9542072446433953
0.004399210206989814,-0.8007474537858116,-0.3510389388632895
0.3112129536233392,-0.12183255405385596,-0.9154490201564414
99.79969112440662,-0.9117843909959621,0.9141041100324403
0.7353452606816359,-0.6735510737495195,-0.2000908995934707
0.0010182685346684197,0.6024693950772264,-0.14189474034093053
21.761699605053693,0.38906697168604754,-0.9723839860340113
5.00031934443588,-0.7824201607594904,0.938317300747977
14.865839070655232,0.8268920117921421,0.5410135185558507
4.832245947791085,0.07977586921707047,-0.8295356244439107
7.308963642263763,-0.9952115415922052,-0.3609841949179966
0.0070864247626090575,0.01887725928242956,0.6240933915987774
23.250488213603983,0.03313111798669999,-0.5763445696133246
73.13005990429876,-0.0459033138133077,0.7210281351338264
0.02166711144069605,0.7070959498689375,0.1528484984431353
37.37236742231283,-0.5603942280234031,0.5240533969346213
20.66566605640235,0.4445960155622024,-0.679608530100428
0.024579731963232623,-0.18422096053502934,0.27333487204646856
0.010986553786961083,-0.5314644540381772,-0.3132666113908461
0.29929355218134696,0.312124587970086,-0.8356688030633826
1.6522403450090266,0.1736842339840039,0.01715686203039901
4.911665376037124,-0.0008613129018314458,0.2510033724931664
90.52732411907756,-0.22176890980417918,-0.22626487156502606
19.01746684984582,0.11934039151449927,0.7247453573654838
0.12054573355496981,0.8018917862341199,0.11763313152288668
14.907908133144979,-0.4907986466591948,-0.5413390524891022
1.0124312717170307,0.7825756389529321,0.6996658475699227
43.70056111129692,-0.7135818265959208,-0.8074165769600807
2.292161549774172,0.32207640241623925,-0.46900498668558466
4.7912229378157605,-0.6984957786679227,-0.13473894848161538
11.421007198916808,0.9282546260271325,0.9276920482433597
0.04895104086648154,-0.27336161512967816,0.7688166321550258
14.42473116819502,-0.6343295345556537,0.8352841554828898
18.99497116701829,0.8065705595881583,0.734214976302717
0.45850203139607987,-0.4669027547897372,-0.21698053454012323
0.14487786610812248,-0.36528794791522823,-0.5563670153856448
0.014316939024396576,-0.8080024275394062,0.5423959771172597
9.89006476578378,0.697261322278226,0.7162914392687598
0.3422677512079779,-0.6556397416377513,0.32188637615652826
63.081568608287576,0.9766657496235958,0.22360514721288371
5.52538915325093e-07,0.9562430160664692,0.9261992268443398
77.06254902740376,0.6705017974004952,-0.6573606293606483
66.6827472289188,-0.8633269626244363,0.49053399150599075
15.700663896021421,0.6788994506874946,-0.6804320307632961
12.782236513345048,0.34333227742381145,0.5294671089838645
40.060355331435424,-0.6238669551603029,-0.1282555587926606
43.252478577319515,-0.9896415560795638,-0.8137335339780077
13.823936293579406,-0.2826877031526719,-0.7022460882659525
7.919379212269517,-0.8089039361851703,0.08518036143962315
1.3248628736078458,-0.8872957066137671,0.5627625445302031
13.036913576798998,0.024770202677804498,-0.4814207744779031
44.291896747915,-0.5585530997610133,0.5866085408535813
83.6790650426006,-0.8528145890270792,-0.9522461037277659
8.654880174303752,-0.5872812757385265,0.23536516947009067
23.412751657961564,0.9472866181943036,0.2944180857998653
91.90780526287702,0.6735826859361278,0.7613537227535074
0.87574584256745,-0.2771393333355465,0.2451136631835591
63.48761330370716,-0.13979470261445115,-0.24640029142261133
0.46714720483382904,-0.39671317508561177,0.3860869964875697
0.014749430186834864,-0.6355090995923636,-0.1605999519505641
1.3757807931080435,-0.014741200058351556,-0.9042832229364796
0.011915492061778629,0.7301719583267823,-0.6465882354615408
55.07048239882428,0.9126065906133036,0.31378851909910965
6.700876544019896,0.5976863830584007,0.36942897350343684
0.2128637072114964,0.36855251151951296,-0.664985446310132
0.48718422625588736,0.4392633817014897,-0.9957568709272903
0.026241487603551293,-0.429368342771964,-0.15186959338872608
2.733636438614849,0.013901835871147572,0.8680312460417945
5.965291441772448,-0.7041851689007815,0.3030206038648664
0.0011303405437659117,0.39315100964357463,0.22558029425259507
30.002425452377686,0.6752830460755486,0.7952157009031919
54.202060438754486,-0.9658818312578714,-0.6641925581839423
37.28892558352733,0.7389269789414177,-0.8211533205863664
0.06332979210317533,0.5029504587512839,-0.07182660783288253
70.14413627601648,-0.4249645369104714,0.09329216266054519
52.378167973790305,-0.21436883298945608,0.01027826855532421
2.5642298040357265,-0.12108053095296856,-0.1888614530512991
1.3369901159423374,0.28584419072078604,-0.8519795547441138
0.001043917455759004,-0.05751768893347364,-0.5347808401903105
9.9268177710684,0.42327171260611784,-0.18596781231012527
3.0688207162600287,0.18067513391710488,-0.7037678947118253
15.858772327716986,0.009408136802466993,-0.8698024242972452
0.10528368063773552,0.37175301221500767,-0.1921872910681054
0.6630354548022671,-0.6053674100553386,-0.023775474258354246
36.36182199408914,0.24747182920387778,-0.4531434754343656
1.1496153020361677,-0.7481969200118739,0.531971904775383
87.62536403733799,0.9525728544598848,-0.35326415332741545
79.75300581656072,0.006898334139192608,-0.7229997157068935
29.30629585161598,-0.37340528058498146,0.23886367461218416
10.417309813723548,0.08117529180457672,0.1935629399476222
13.606465308754245,0.2486218707370973,-0.1757124037475658
13.919329672637378,0.6998928758917182,0.8381437364857456
61.195270227908296,-0.6454340240766603,-0.7766305964623395
0.24557831752588952,0.9589425163597722,0.662409677532916
1.6355382722733611,-0.3913650876762309,-0.5298001438282187
29.39638816457585,0.6121544322743633,0.08768445386121027
6.75396130959016,0.11722062742137074,-0.5270620996990156
99.07869478539372,0.8631747532367575,0.1855244570957162
0.13411967323500512,0.45732383259903986,0.20396504766678225
32.32238507339794,0.6143057939413799,-0.02469107078093713
45.74456204577373,0.19912362596067412,-0.014554300447677804
0.012348175748073145,-0.6491496677523529,-0.35519849492798095
0.00027418861955495825,-0.47003479881455756,0.25205249233592597
0.033770435682188966,-0.8672141812681122,0.32945607053226933
0.40407722371578547,0.8220970475599245,0.8428407302470471
34.177961361253296,0.5840742876070777,0.2741329965192225
18.75477104563775,0.5331516394326785,-0.23417719832954387
31.085410786568485,0.7605101204312965,-0.2237165317506954
3.6066114084858234,-0.4344407763686676,-0.8411505838486663
23.292679717009594,-0.9210136334782375,0.4739314512058226
2.0836142824806485,-0.9798704993302176,0.034496152496303445
13.180201677411318,-0.6145237476099046,-0.8060757622906034
2.316434288272607,0.9815483442830446,-0.7107883494277831
6.284491478015262,0.7535550917412572,0.23499442937469217
9.229937147271663,0.09790117483847771,0.38962787376004937
0.471417282309221,0.9740308428591495,0.2485858699886918
1.0763274228440904,-0.9981283585347374,-0.005109456012261759
2.1978474289059213,-0.8557002003580676,-0.3811867101332044
88.49793484118773,0.5337930067417263,0.9424367879644582
0.5107930561871098,-0.9685975132904124,0.3588369535627407
15.732713187260089,-0.5592328617152387,-0.47201823708725954
32.201234171123964,0.31103899086778775,-0.35665797697320656
0.4102754196909728,-0.7395376821385129,0.5994485229735309
0.8172238104177323,0.7326454429048148,0.4691432609755062
5.32665887399737,0.5997699613085938,-0.5386926529662839
4.458141696379193,-0.4883170206527311,-0.5114023024434624
12.966032216411772,0.38427365049082307,0.2897731287551337
24.474894982209044,-0.7965159500342127,-0.4287666827993921
9.960654376928103,0.14997932635308486,0.5783145030179773
49.476871291431735,-0.4369132466129426,0.5061031198733106
10.739834258842313,-0.13746225268732148,0.8694388694561503
0.18317052444829832,-0.8763043678408744,-0.1131940856934126
57.101665070062815,0.7625478704363784,-0.2706705164240466
6.639972001822835,0.37201436983158365,-0.1321964501683328
25.031163255142303,0.012263725122408031,-0.6055316117309739
0.0004350743350984953,-0.5232126393805807,-0.0010936275234292303
17.676613539337353,-0.2073106208390879,-0.7994389893612934
1.0242662858458937,0.3068975057989538,0.3068456168549838
97.40808695552717,0.44073705490316417,-0.35424670775539524
87.4301309946821,-0.9381964834633363,-0.5045954657389182
0.2726475348126709,-0.5667149823594831,0.7202632258581307
0.9874400772612445,-0.7547275375487923,-0.14726273140539725
3.867714469869094,-0.6256315150630931,-0.5530637037042347
92.14442861494146,-0.6715346015375585,0.3946889755370513
0.008411255762631747,0.9100654195374742,0.20924684942223282
93.45252441241632,-0.039247433065970005,0.3873449716212032
69.08044626364263,-0.8026376556151047,0.3433237660859281
0.2042413656949153,0.6097535977983588,-0.29082550485089953
44.922163858896894,0.5218684557713789,-0.5039462743457198
16.851738500391235,-0.31355294326737493,-0.4271831383179381
28.059134347677446,-0.9245640873663472,-0.22181319365893326
5.313549713581311,-0.5935985666150629,0.13785854928161445
3.021065174242292,-0.7321587770419649,0.8995709948802664
32.82874480204355,-0.8289311673115924,-0.8244503849342699
16.132830454885323,-0.10636289222604278,-0.7189015594113904
62.26019510405409,-0.8597665338823858,0.8018637049756803
0.017007435205948926,0.44611104994462014,-0.6251926157215645
1.0004999115693463,0.43804288979671213,-0.039191375960349606
5.670925229545034,-0.30047888976011483,-0.9145249985219708
70.66501049027637,-0.8252155460687369,-0.9707567736576657
0.4445491045443055,-0.3629182950246933,0.6915380209544704
55.86676101743953,0.18178695983790205,0.14406346768740508
24.428014697778366,0.7860135958075074,0.1433344428570933
6.552522823325104e-05,-0.8859107140357647,-0.6085894587403381
0.0012493950863310735,-0.6163381836531876,0.0784200697096138
43.40027033626727,-0.45721841938513796,-0.1970129796585972
10.05596236823024,0.8882475448294578,0.0946053328772607
11.342825711917966,-0.34044619872274884,-0.0464566362990283
56.93086073633238,-0.5384977617209821,-0.5484891898295314
18.349696099779315,-0.390925416254034,-0.12457827088204265
0.0005519618740891345,-0.8209322946092851,-0.5108461537420479
32.57102897593068,0.949828722001695,-0.7820071200356263
95.0264422306199,-0.45553540529940495,0.7668925233793993
19.158120997936294,0.2515951717483418,-0.2981453795356558
80.5964618557592,0.3957943373543582,-0.7470241814026806
70.5840268467928,-0.13691284936367432,0.9281992710672344
0.10304719460210043,-0.5475987283559165,0.6701465483218678
62.512302161692844,0.13323656995686162,-0.20632876217616147
2.5242122630709744e-07,0.7064195556766257,-0.8549883831120916
77.32763784169124,-0.29417119838969197,-0.8045699607633141
14.799672807154066,0.9370355402641628,-0.8122799599201942
0.03247008265496785,-0.5738614550947503,0.8522363623691338
80.8198059398656,0.5571726945062259,-0.7562796605376707
5.136342587254891,-0.5795060194646435,0.3983179431448789
17.335887823394508,-0.41297321937387765,0.5523860317271689
17.714452500668184,-0.45203226537294583,-0.3831976638470387
0.006821198061176935,-0.0238370758276486,-0.16486152184794356
4.6841989314562085,-0.6692495965387345,0.9342695354575101
0.1471977642118467,0.38766107204969735,0.6630846741694916
2.158606088290291,-0.6155957746801853,-0.10109526076588837
31.356698071572065,-0.362582521524794,-0.6135286645082818
5.237103333863503,-0.6570139957076232,-0.7066039605912895
39.353982250900195,0.8457553508062108,-0.7376537103569955
0.18619763255711422,0.19316819889808579,-0.07578381223978126
68.53512240991427,0.8485483923566834,-0.2762870543329552
0.024360488631820082,0.5911047594403984,-0.7055693508465843
64.7517917686404,-0.24196061935362456,0.3357280211183762
0.0008437961941280315,0.20923934465626215,-0.7316630457626392
34.859749287842604,-0.1793858435834027,0.5652578234198093
32.068282997028604,0.17846086867107647,0.8404808975649627
3.3260767801251263,-0.3282991965258387,0.26719887200940806
11.461588597799347,-0.8075817090822592,0.07653116926996484
8.46151820395325,-0.3421866615425053,-0.4940496100567626
0.37156877384148296,0.19180166128255838,-0.41377123053732645
0.10082812287817083,-0.07466696881562185,-0.5461591944316759
6.618735633733131,-0.2306767008763594,0.10601974047332252
53.95075078673896,-0.7370623803585286,-0.017218538020895235
4.4861675617982746e-07,0.04761939147903416,-0.006792972244796247
25.95495378550584,0.9908206383966396,0.8050670782480669
0.3433422309390326,-0.4124102957027841,0.21827395817317963
0.1600428154256084,0.8332469918227934,0.07115610509709547
7.341616751372881,0.37958247615785035,-0.947330170183544
0.8042639626989873,0.7545278486582565,0.7775563918098629
13.35529328277459,0.3833121939687636,-0.5702262585024979
3.182260198273707e-08,0.07621543002793962,-0.8108960011206273
2.0521863145674564,-0.026893695124231676,-0.251605655035971
23.705246631280303,0.5612960601869224,-0.303773600748907
10.90931102148142,0.2390312519824236,-0.16783848626687203
3.500997625510661,-0.22221794703774278,0.7923823165785815
3.4071238446151106,0.895123897847701,0.7917102049678217
1.5298519493587448,0.2911188637535942,0.970499576186336
4.8106181191224024,-0.6085648646541296,0.06870932570997357
0.3816197599441519,-0.6240923609081518,-0.27507683886695544
1.7947228802183794,-0.40956596863013384,0.49970612948905146
0.29104345909643753,-0.982922298392417,0.9148917268614707
2.361672329253501,0.5485281669352056,0.9191965399528417
51.80039005970563,-0.8637353537033595,-0.16635345497251097
6.165339741433506,0.4834412325609865,0.12456175120877222
1.9533408343168537e-07,0.26492035229645894,0.384885274470413
0.0011043459915236879,-0.6938460847101051,-0.9262316864612149
0.0023723043763000423,0.7416341778787354,0.691252487024367
25.29171443303182,-0.49612639476424625,-0.9100427566687181
0.012612068677159303,0.30192124374734264,-0.3236789998897538
91.21119677110923,-0.15079803250171775,-0.05566812858451098
0.04786951534892861,0.8925008735678499,0.014050474618744646
3.2515386285468884,0.10153670932586278,-0.10139623299701184
79.09755964933738,0.7759844456315326,-0.9039152983970473
9.008056522389781,-0.8937234453212083,-0.30118227088829685
25.421006042752786,-0.34385547836327424,-0.6407391168985663
40.648409506443386,0.3777116248445411,0.13357375730999888
0.2834157050909274,0.31584834118662797,0.7850305395576846
1.2576185361721015,0.1822484808552305,0.23020829568674084
4.2108026181681,0.5693986020803303,-0.5691710802377885
5.1089827663896505e-06,0.2678064746598734,-0.8627522989373737
0.23501884786473037,-0.44929142021155233,0.897488261969646
74.2268833753655,0.5373900556875488,-0.28537344509908
2.352943225443588,0.8979428495521256,-0.1596718968662887
5.83035709310881,0.8044607401972599,0.7372915400408768
77.91230518007634,0.12321424485750265,-0.9903715131052335
48.918929445559876,-0.7680018039911329,0.5840294178697449
4.779313723584477,0.4678310904577574,-0.562552193492158
12.98980927636802,0.8733350230971395,0.22739847513154987
0.39175478939742475,0.4769880818346537,0.45866947166771843
0.0011886090465599024,0.43289361031730733,-0.261119266307816
41.78374439375233,0.4471814211824754,0.19097748336732723
51.683170205633836,0.23399076818183073,-0.08551935504457975
0.000882085727053026,-0.577595745750207,0.965603395734888
24.833346666369636,0.8640316090041094,0.2346095022415624
86.63330789777135,0.09383881660333104,0.5433766663223993
9.435406994091156,-0.6397150801136224,-0.0832340397008493
22.713831007027956,0.17892681854743575,0.8496387239229861
79.57030557121149,0.3444482915320324,0.6576519625671395
19.08833833142263,-0.7905499207811095,-0.8758486329373869
98.57657419582875,-0.6732206528173905,0.06711244940155447
0.015218901172282796,0.9597097037104649,0.019991134895567697
7.9649607246736265,-0.8239190987450234,-0.412100072258447
2.4232631448652566,-0.16859890548332213,-0.40886879575107027
0.8187814362178972,-0.1676967303912752,0.5108161404919482
0.584962133196282,0.49971627387602524,-0.20863103256845295
1.7381146384003339,-0.45286797137358603,-0.8106106921560566
0.2595895154579835,0.9829595970323175,0.26356642439981304
5.555575033642182,0.9114739386558719,0.2828104544662686
2.5487813309012672,-0.2983656751198325,-0.7324832965263752
36.70772893643681,0.7328693592713091,-0.22988559315383839
68.78193807219863,0.93318719430365,-0.32494963202026217
13.095891700807544,-0.7860842121247462,-0.8620155754089106
0.0020608620376179007,-0.902701540030117,0.7335918502779626
30.076094120590046,0.9943861590237086,-0.828946607225826
63.68167184010767,-0.38070478060564816,0.011718971716969895
64.19303970977698,0.2703570325882272,-0.7440940603102657
2.905779777324152,-0.8880881735145368,-0.8082882026952646
3.9597802778788513,-0.4661003250768503,0.7598374604047604
0.0040902220554440765,0.8913565973649611,-0.1500381360962323
10.450184611607547,-0.8770493780375717,0.5048190321400794
0.04403926289425104,-0.04213404149773792,-0.7841012470079738
9.031420502366863,-0.500121190214673,0.7474228647360512
0.0023214585671962225,-0.20089993679185136,-0.8568999627286252
2.475236411537263e-09,-0.4895169211556182,0.6937222692467122
3.410342648654713,-0.4206060322010067,0.8802408145440093
44.69636964015464,0.4685741360545781,-0.08646094828302842
2.0177373096947555,-0.3998784474251402,-0.9530204972341346
23.443915717239566,-0.01739503807927001,0.2802414953513943
0.0034693366580827584,0.5236123943029241,0.34979898481781135
56.56946212709714,-0.2869606204686258,0.3059170526704498
0.5662201832798852,0.4893302944286224,0.7588431743762052
14.388017832698582,-0.0013385535289160977,0.4813173051128208
0.02310046774671056,-0.2137813814549807,0.6476371045390943
0.000647712939869591,0.3859296251680675,0.3482898358295843
2.1901071800909886,-0.015962841222945667,0.6871796326779456
3.3167900291841743,-0.33935056686283516,-0.2552634529251968
40.2094413815594,0.08271177366850013,-0.6610421177884114
0.39825583533143377,0.11626819343732708,0.377106267352463
33.226194672815204,-0.4211478181119118,0.5637902405491328
0.22187662494365096,0.1746499969574189,0.3378087821384219
1.989588948119498,-0.2773804543175832,-0.19633795946754196
0.18921532068809618,0.36208175927914876,0.9987947196332552
78.50412753302463,0.6960633554929594,0.4897272370060306
91.65598062805634,0.31746245524806294,0.7121978664163147
2.1314406318157575,0.34697918327583843,-0.7832426038965798
0.16993791391338578,-0.6667347528365162,-0.2673820824788924
67.8747932995052,0.559433037457497,0.7758082603332486
0.9342410655711669,0.040657566616355556,-0.9074994726051415
1.2601600168883575,0.8136975913862006,-0.7640672542796578
65.00209441335286,0.7807969854592396,-0.007990847665536704
0.11401748694751812,0.2521822272724139,0.17573213431583223
0.015447981018736979,0.9735029407852271,-0.6026381254391541
2.2376804927715535,0.2929462214353129,0.2101401549753219
0.22773694656215232,0.1358341856255516,-0.14458481601896678
0.002496049664500769,-0.3151560299030238,-0.8404296892101395
96.1749849345097,0.7830527336273416,-0.6424488963573267
13.249346299936665,0.6880631638275705,0.9351154458264468
81.77903140738772,0.407533910196878,-0.3325739317349997
0.2821493311132738,-0.5544014953161678,-0.39445742026270014
13.196167616083617,-0.9565977453432795,-0.12326038356241209
72.93313855511168,0.5769004049569313,-0.04201470967411769
52.846462497502436,-0.42537745000003135,-0.5260651581508569
0.9525806112783926,0.6759962046496342,-0.9944107561949241
0.4956871533755688,-0.79368358262823,-0.37975104786772906
0.009603035955270796,-0.7922487337181017,0.35062768556061297
0.026791685140203858,-0.5371911114880819,-0.6043436921641228
4.011490296244281,-0.2691346398097674,-0.17690385794090713
4.966257175660394,0.677860497330617,-0.6747412510058575
3.2525792407229983,-0.13400613266427297,-0.14310611844345056
0.8233497615791906,0.6836178351084485,0.984127574346672
37.822498284001455,-0.8158948056253622,0.040288339011364194
84.13913639945062,-0.9547364406622605,0.18869539692655435
54.468763289201995,-0.5787433796495713,0.7158148473511885
21.81006590899995,-0.24359022825542975,-0.21993187232821998
0.3777495704520687,0.44220629627021957,-0.9137034689307897
13.671522128135377,-0.9420631753278859,-0.24512374833724393
0.369612492124963,-0.32921613637962654,0.8838380177910095
0.00024207656691547656,-0.20582460881107423,-0.12356574236934903
3.276932988126814,-0.2658315165119177,0.6440457229769057
45.94835522291994,0.5112016658146485,0.10414015758799633
10.11545725105579,-0.521893382181678,0.24265796907368475
2.0377710833986513,0.9294918319779439,0.13720991122913295
88.08359750312414,0.9045491275952835,-0.5371364026422133
9.949743950327408,0.7487848680810951,0.9548668522071866
88.3091634666406,0.6769800808566873,-0.9283725083680228
0.0018691766457684196,0.4142135195087433,0.8664039347215207
1.000118768582494e-05,0.40589352546294877,-0.45373175883645933
0.02246916964171293,0.8398638066410811,-0.21748509189362297
3.837758224375368e-08,-0.5994988704744935,-0.21559117331998978
0.01810810029671765,0.4323321737067174,0.8692476362047439
1.8153873739127222,-0.6839905664887282,-0.4448784212481455
11.938927792910906,-0.005724793593136934,-0.289705899599929
51.78141085214428,0.11794164570810661,-0.4669340350273905
0.03536474921691883,-0.5220710353106799,0.5945267585357867
0.007387060327153195,0.46311973538819773,0.8637605619707367
26.927268866487612,0.40874560059193543,0.5126622890895016
0.1634097575193116,-0.6756808565844816,0.6490830608622282
23.13181960005135,-0.4007837758075262,-0.4077929669047544
0.0314527113284082,0.1285695282863939,0.5168970100026078
72.45261593737071,0.2671859556926903,-0.20445181490043696
7.90515515923684,-0.4375380648221663,-0.03809895981766254
0.005599065982026633,-0.3901937337839527,0.591563377252855
1.9225470588456923,-0.6405909885013412,0.8562863023021967
69.99918747880658,0.5007814674039894,0.6555385459007426
84.69818484056876,-0.860842652276835,0.8276410197902997
0.00014031591943835888,-0.7268372158406053,-0.6621766551768927
45.34368058314266,-0.8108350082339514,-0.062201329320536236
43.86251079268053,0.777065016943798,0.8589873965009225
3.5599400088273376,0.7018958864218403,0.40549870360865103
0.09299706437317289,-0.5388991813647979,0.45352592554916127
1.0076325237798274,0.15127119113064813,-0.013402355946683486
0.03869727679634005,-0.5558329183724577,0.8670627200402827
0.3145542951945074,-0.9496249882706753,0.5473127527097037
3.421568467776923,0.35500160714345075,0.43906177353430786
1.2382613934621582,0.9075843682616558,-0.3185078302983102
99.46927554063367,0.1615735225397983,0.6665245214048985
18.602491262084172,-0.0920171136422987,0.33449119906073177
8.886854290696455,0.7137621801738157,0.7736803928984246
4.576168454630998e-06,-0.8246280601483857,-0.617244568631987
2.7111571504851972,0.8297505963438692,0.5806406837117017
34.79603742968461,0.49640413983052234,0.8780650845722784
95.44416993998632,-0.8573443317266612,-0.05333890897469595
49.96557056125145,-0.7859446255944628,-0.2787785762123737
2.8124758161972516,-0.9179241035527219,0.508655695368744
13.425109016353778,0.1799655161456768,0.5228242204156712
1.5265574601861266e-06,0.7999496219183593,-0.35003724060548413
0.0004777343687954079,0.6715344685303717,-0.36529049362341626
3.5802712342067613,-0.9186367251104726,-0.8647335999993204
6.096293242396073,-0.1583525363643924,-0.7782647834415078
0.08561439941231808,-0.49509419264415444,0.4800431811544217
44.382727635372824,0.29249196581830095,-0.5243494780934965
95.3250721436907,-0.9753729279873748,-0.9398998576557789
3.5809821362592587,-0.08338596128979303,-0.3962399975887325
22.61301330080715,0.992410334095976,-0.70949802217561
0.15164181461088005,0.07401090552592682,-0.2626467811860237
20.36280260038176,-0.7775947956542989,0.3563519606928809
15.14062491974485,0.8497984276577102,-0.8262586789651605
0.5981602611449915,0.1655360170236455,0.47513619256950124
0.3244797867886466,0.9059741146268154,-0.6007394675940643
20.09799987132451,0.7704335280336991,0.5908390422241134
47.260648925280115,0.09145683457476017,0.7101877347090604
14.76871706831043,-0.9778370307609459,0.6356297083898022
0.8662423272063713,-0.942862823830342,-0.3932809331843642
0.4067988922093325,0.6101684128108691,0.14122236612074213
6.227035662804306,0.7653029414745258,-0.6553545200361123
27.016925399880222,-0.7337147424425394,0.3552992806920803
57.25967468292574,0.05744453030789898,0.036153926986318696
30.550931392517235,0.15715326058255985,0.18164364927306642
34.43077897378271,0.8092796536651936,0.8142112551639096
6.326913783077511,0.27149687937233624,-0.2587742766773452
47.07709767112788,-0.9669543614069469,-0.8821847145050893
8.233569807747164,0.37896528926737694,-0.9912822370055432
8.547464983781063,0.7008287440792704,0.027662554449899845
18.177370056069705,-0.3683219203176441,0.2023753878500898
17.06987615935396,-0.5629064235337385,-0.8594478412447366
0.04314065318324219,-0.4286551385834372,-0.8669985210341015
54.97010704775926,-0.9437772971661621,0.6253431129430675
3.659192894725378,-0.7844021289050543,0.9154733445766083
0.10403055595076892,0.9633863961910794,0.9456853267343535
18.060919484614047,0.3851576429086314,-0.04161931742084335
6.21672159119987,-0.5919556963379511,-0.28166427564859164
48.80662260614288,-0.44452643808844994,-0.30447728516637806
30.87881836049833,0.15307850272948764,0.044936822271852694
79.41331906807613,0.9221895598779932,0.06602220729985864
0.07675869010239744,-0.2589148133655875,0.43234652729447975
26.508697806505655,0.36513731144876194,-0.6301984763050354
45.44113984421511,-0.17071737784256957,-0.6437328547600689
18.933246872486773,0.023766710220691767,0.3209436908885437
5.415438539118638,-0.2026880854355756,-0.12548645068063635
20.702915763516174,0.9946838548992079,0.6273468891752678
24.269958381685335,0.37588857475788395,0.10809809360450884
22.677242280934344,-0.1890412229711167,0.6784514994262614
85.36036493466328,-0.14556432913105866,-0.6969009548227629
7.272442439286972,-0.892271887242917,0.5726012536099592
3.0809572929863807,-0.7689254848335694,-0.012143008780976627
36.833568548308584,0.6044927379382043,-0.3641212485997849
0.2621446458153345,-0.8185438975996177,-0.9200660229925062
90.67228591757883,-0.05056387910532156,0.5787730693474284
0.7561730574805374,0.32866468499225165,-0.20577153538246817
30.6663735043088,0.2836280904093098,0.056245282566159904
1.886860676343327,0.899092195400981,-0.906371885497304
17.908093758304844,0.01480075056604302,-0.3190145592840029
3.1727009477969017,0.6445362103787591,0.2852928720506285
1.3613168955020705,-0.6301373537490733,-0.32078618259651637
1.5988669329584124,-0.1788674630029461,-0.15467786165996333
3.153262060023864,0.2289595407279026,-0.7768469628243515
6.826496442016709,0.6333627358838243,0.26034493268438696
6.553115643504387,0.8853612467232639,0.5546458176374478
1.223186637819557,-0.09490339280743232,0.7404297024663165
0.15040839301037714,-0.34124000111174224,0.8534319283570324
7.817347618353709e-08,-0.8331024601185215,-0.5885165653132218
38.52603914424156,0.8280261332348746,-0.32533816829761975
95.69115472541661,-0.5698028551631967,0.4708180603232326
4.533530728522351,-0.5344247528301493,-0.6903292243597514
20.7925929240282,-0.36040148944727013,0.3575101119825772
5.306483266849324,0.25724270751160394,0.5011009259192976
0.7645238201897291,-0.09836530536871835,0.24052262104911803
1.783031537684445,-0.6694459755447076,-0.5637723150149289
22.190457122535232,-0.45874922623839687,-0.856492578277254
7.490055071536685,0.7681076228524304,-0.0957990953542388
0.010751551556333845,-0.30486024503679965,0.29667770783810243
2.254403085422434,-0.8194393238591843,-0.31103468386397737
28.394315654603925,-0.36903389798276,0.9419691042558109
5.271483396961606,-0.2722624329324903,0.09943017548181432
0.13740142664721947,-0.7995432785153348,0.9137909028734024
5.763306023634927,-0.033981564030673206,0.4238524924836975
7.812363911444341,0.34648208652852874,-0.4340284511240895
33.44228502828768,-0.15749422956339054,-0.9652025146339609
43.51240706670548,0.5990831993028447,0.3838628440489762
35.004272515868664,0.45224659241187415,-0.7515671266900498
6.6759702859598535,0.3770566276215104,-0.8464867367190628
0.030631382796781677,0.001045805779124942,-0.6763745683539933
0.0227854181286491,-0.39517746993027714,0.23304479713298987
25.846579963511008,-0.43978262055434625,0.9896841380985115
16.368616997023196,0.24287275190419777,0.7897686739897485
82.26981774754863,-0.3832648528837289,0.004706577396418776
0.001584380552879289,-0.7629431219785691,0.2175755849670271
6.930005289246992,0.778699264824843,-0.884814992682493
0.6676919092903503,-0.10184276519987068,0.8895660836996058
6.379140239938849,-0.7532730105395332,-0.9693780713459188
0.0005038740254645298,-0.06608171768930238,0.6531064620012299
4.722495499877237,0.005668093195643875,0.5442243522573886
0.2052537018656796,0.5538822922163911,0.12973552147885292
16.582320205451502,0.19386641499510104,0.4479215039967519
5.261279071876193,0.6472687285405492,-0.047264900924984254
22.95763833586991,0.5615076675891593,-0.7735137919874189
0.13787312937391288,-0.9719470780161853,-0.7462502902600165
64.67183935096881,-0.31295975678946075,0.7546309633292851
49.0570203879504,0.1435941267679306,0.6765338808040249
0.996096622789821,-0.2847319939263504,-0.9091389319936112
68.45662497860963,-0.8802829195590347,-0.6592426391048729
0.21187432862203986,-0.7373583928227212,-0.08705165049256414
0.0029501824872965577,0.3631095968113274,-0.7648929803803007
27.650655837877146,-0.10965661711887664,0.2098877394197738
41.2232031123424,-0.30254102234635594,-0.19162071947778136
2.2232355086147044,-0.589580850845734,0.8331760513533131
24.60644504319497,-0.912041540471103,0.9467355322550581
3.5939359834109257,0.6937026519445328,-0.5891777721624339
17.577831435003546,-0.6130929258814404,-0.7524918362503323
68.9361298303996,-0.4875446049374138,0.4629735691499437
0.0062531827799770165,0.1635230254904767,-0.5005448750802357
0.002763359138682614,0.37817670917815693,-0.3342510599930345
0.029336284365076706,-0.6418788777885278,-0.5475611618469969
16.296682731653654,-0.9165908756859036,0.44381441725545523
42.466322973891465,-0.7545099773937796,-0.5514590369275918
45.842479340349335,-0.49875303877400023,0.6214273499225744
0.2494275878317032,0.5811965435139106,-0.027485776072923462
1.208121710553539,-0.3538062519040984,0.8338176479730519
0.669254120230221,-0.08883829406912902,0.2562674280127313
31.660609096308356,0.32716345035584826,-0.2405341812360856
3.541937774092521,-0.8603332627003017,-0.46359792222704155
36.96685447716895,0.13756838068787092,0.3662900366313777
36.06429388854305,-0.8394181429588463,0.8880954090064845
26.004068680846824,-0.46356972511694783,0.4862954188702011
0.004553040342943637,-0.15471435127797784,0.3347725179334069
4.397238930716134,0.050181669332575396,-0.4700136194805523
5.9395233505909575,-0.8463748422989781,0.8543194085727563
1.9121277882271661,0.45012160260791556,-0.6769666557085364
44.79752371050223,-0.6319918926072071,-0.6363042835839685
2.7995226241025137,0.07071659998818358,-0.4581372475485579
0.29443373095319114,-0.627111349209497,0.4605730582215868
0.7021117344815944,-0.6539891664956485,-0.5605370077555281
4.163210367764958,-0.8390943177624497,0.26141335238008945
1.4343531123487065,0.38842543364176096,0.4151173999641915
0.6391362527737579,0.6308189756462868,0.03160625949876872
56.278329431293784,0.3231597306063909,-0.95793865763924
74.97445600408764,0.21272725012671945,-0.5843521628928533
60.3531070283607,-0.36408473762306137,0.016176931661140204
2.580960756146978,0.11253917305891892,-0.8786232554121787
28.20980519910184,0.8140231839389123,-0.5918985433600401
0.00011452362212611519,-0.10699483181732827,0.9355858368946546
8.970830570820674,0.05872671335432633,0.14631325773997483
0.0046793198008712265,-0.7308598249667273,0.3690380364587491
0.3564205611353032,-0.519007664577309,-0.2680508030251024
9.197313142405422,0.8549416305198274,0.630915797725798
12.431519912609499,-0.32507269850496534,0.7243427411293133
28.28125555509546,0.5658925533947734,-0.4841119684757009
3.2011250308036,-0.9350141624296293,-0.7989275023049481
96.33658980493277,0.6487422469117923,-0.6445596032717198
2.568927338576201,-0.06127524698943021,0.6651895051369945
0.2335015918833465,-0.438703092815544,0.6001168233398788
34.74325822338612,-0.19148493107248743,0.8857823546327657
10.950552719592553,0.06686786583271465,0.43813728172226085
51.536350442293,-0.9354931999231435,-0.05961937377527937
42.89256365928051,0.0897668923038113,-0.2278496720740859
75.2262778324617,0.8816102120078984,0.8466679897606599
6.5933527152531495,-0.12746583978315407,-0.3819785490447346
0.00029008932687612837,-0.08272485329376311,0.29599258025085584
80.09364902505027,0.306156785349025,0.9929801474381574
20.58221443846758,0.6552701631381541,-0.32008089079392654
49.38175729732082,-0.1801599332497419,-0.9337428156079106
9.18435256633975,-0.4839972028038605,0.6480282012955731
40.95385047777621,0.4428928191230135,-0.35260196030603985
60.16732338113595,-0.316767382054026,0.8712851318776533
56.15588128101736,-0.5072835544520674,0.06069420443318663
1.181852751156856,0.46935612481242783,0.2577644635144478
2.7468085664432997e-05,-0.740095772622088,0.4097218809430032
71.75745850902044,-0.011994171206170634,0.4440713675931083
37.259702504466155,0.10534844083982908,-0.6874330272585216
43.92444927277415,-0.21608200806215538,0.80981804690638
8.645590047003424,0.478474872963945,0.7872853626567855
0.8064884331443151,0.05646500099945473,-0.9113620822714366
28.915999506103113,-0.9690541497790685,-0.3752050534689261
0.5404984183538902,0.9871412353666309,-0.8500351016166745
0.004018937711870167,0.05846515678129327,0.8055888180745048
8.029970409678864,0.429855649175763,0.2205019673979527
10.779986461753065,-0.9000528971496419,-0.5225248863588527
0.016417548915718855,-0.32097926292511203,-0.14954950690120627
1.0798788043418506,-0.7034331905709121,-0.24955649834993787
16.62381718474687,0.6641125494461466,-0.5178353114036227
83.26150463017962,-0.7668121694910219,-0.6808167814766648
57.38098449917949,0.08764711925970192,-0.5019299555029764
7.459751799067867,0.4972799793836651,0.36331611266642483
0.032927833068487254,0.30215734152026474,-0.23172508638378564
0.2141194853110079,-0.16973960648373587,0.6222415993485668
39.328490710092034,-0.1430090438457029,0.0574332179386603
4.075118758179991,0.9388783535534118,0.8482507248124902
0.9613406040122695,-0.48200692934399836,0.7584992723422259
0.5566211972656168,0.9712271225023661,-0.43136102157643763
33.74559466451667,0.4458188832304122,-0.3615833327761151
19.909268334643485,0.4596552061110546,-0.0989753569066153
18.97379123524767,0.39481937341371554,-0.11552210785671724
46.94272393308345,0.8325685065537516,-0.291802270029191
1.385029725191654,0.36605738147250855,0.4723115605887396
16.942164028456265,0.9480871919778007,-0.4622212769648515
68.74337220310984,0.07195872533070613,0.02178474018635268
7.861759997843581,-0.9250258647860694,-0.7900697081649829
0.05503298047911108,0.6159302738800669,0.46620652182386335
0.004227899144264124,0.8555051156878726,-0.9799598197890516
34.664364269642505,0.35341003114947434,-0.8704431807831134
5.3633830780553,0.1806181776896314,0.7134752212121429
10.467875381331998,-0.29380970584928223,0.9119727793014769
4.933542313087772,-0.9392100484963507,0.6668660013203482
81.66035371345741,-0.03310982930666628,0.0860537395817218
0.6444331684028995,0.8901003175405755,-0.684319027981563
23.524598547406395,-0.3015566870246642,0.6687013352036784
0.3892783630710566,-0.770894791313716,0.8614443522703714
49.282185620297966,0.018635231938395558,-0.4795746975842692
58.66803682630073,-0.5913209653917219,0.8040502205576581
93.7391871781733,-0.7477108503978738,-0.4429264044338208
1.8498521175176517e-08,-0.3076971675890583,-0.8641070307083161
9.266320031570114,0.7814371068833279,-0.2442122813141
0.034740029554365906,-0.40562662025074614,0.35166411739463577
35.28017078442601,0.4720567564848326,0.2049137367087419
26.833555132150238,-0.2672681330994493,0.16071747486351118
2.1207220382655234,0.9399870083521682,0.9616203228981985
4.143235915351752,0.21000393438752574,0.5982185079711235
13.486109112673056,0.9412903356865938,0.7187450521666183
0.02699366769889476,0.8028215611999181,0.2663169413477209
0.04697050587577045,-0.697057462445191,-0.5745442759429169
6.171352970051971,-0.17627245620257537,-0.13890647073850493
12.031205746304256,-0.563760444699759,0.3606014134505624
41.859424508778766,-0.9700926395400282,0.16708236610233196
6.363039734194828,0.3501078066848482,0.3097495571991642
5.890801167551936,0.17304287209670188,-0.863884253396325
3.264625836303285,0.5714792043086128,0.41938901225565717
0.13062703928399963,0.6279366972928528,-0.9241590010401187
0.005226705042212922,-0.03481980687234587,0.45679672230420065
4.990381863225991,-0.7609756356901084,-0.9961639730649953
2.0230243580181254e-05,-0.9225277694414689,-0.6712274370932338
3.884718498397446,-0.35647712121086217,0.27993857999478555
0.33827715989833107,0.03785871968877186,-0.7398436456961417
81.16844459101365,-0.22458091304142025,0.6658444600206654
0.8809286156573625,0.5260297148724127,0.07892535939752476
6.074710463789669,0.2694385081715047,-0.7743538409074521
19.30272032134062,0.4072738336801982,0.6342490907500993
36.29050544710027,0.49738679616525405,0.5486135930698355
51.21433440880754,-0.14081061505117187,-0.45249988178145306
20.3252366422878,0.11332219186484105,-0.25549590008474166
27.120144271652457,-0.8065178858569493,0.1739799630430885
55.16383895323008,0.05117488945316406,-0.5354771134761669
0.00013627842005515576,-0.6894173309367865,-0.3559240699891846
3.4479953938717256,0.8851441137930303,0.45304231016229424
21.555562634335626,-0.046007481743389644,0.05964616108746035
0.0007789876442653254,0.86824220200787,0.2552600859438414
19.8358324332251,0.021559889303581325,0.8112718829428143
4.077245763819968,0.21879315460378823,0.9628064250386126
54.81878572755956,0.7689823753451646,0.18102560699804937
12.248272980957566,-0.7679942230031856,-0.44401290718878017
0.048422769857989996,-0.6658216507367432,-0.623053499871252
4.892318094049893,0.044099055839310175,0.2819639026656553
1.7219359885917485,0.5065018976568489,-0.3731865757874271
1.4739705084681145,0.1068534143082096,-0.17634554607826936
0.014154295941887964,0.5501244980371611,0.6231908797955645
93.34213191967727,0.8574422195372959,0.0010256799351715529
0.28903174136859505,0.6179093236718127,0.7657645212586999
45.00789897490567,-0.7209663852675967,-0.04563842826141007
46.43275961628382,-0.24077266644109352,-0.6783069126621082
17.04962500254507,0.3695204205256526,0.9328986483203743
3.647937240069589,0.8825635856443492,-0.5167686846295279
5.131712145097201,0.5444682946031125,-0.17335778720682193
19.732074663404234,-0.44999739758495294,0.15803858722607922
0.007853857430965462,0.17086705403373537,-0.1629754328571238
1.0413477163075056,-0.021205620225239752,0.8122376951887225
2.5097605986040956,0.8524326733420367,0.4037490220960269
1.3810127855639245,-0.16559474824855636,-0.22580412158748142
13.99515589759993,-0.6329076382807282,0.448452549611811
0.34808403715615305,0.3152560587284605,0.15891581856336967
5.074207638227157,0.9873496705184293,-0.2797243028568014
0.657358447104837,-0.2082561018051753,-0.3469362960459541
6.186136041196824,0.7001541830199016,-0.9228612489275176
7.7116894497684285,0.23236109581875142,-0.7594456089442141
5.159299288534347,0.7854918558870754,0.1400351140841607
1.1868296489079224,-0.4576044616115085,-0.7708912635785387
1.422754818110483,0.5932260858694236,0.1549594478027947
14.165078425048442,0.15463475753831601,0.6260131859818672
1.6140856185444186,-0.7443173267016038,0.7864024379167787
0.10469553573837158,0.9197643475100421,0.6106251777771043
54.89566164740543,-0.21283907641922695,-0.7134621920986617
0.0948691894283357,0.03924503237290078,-0.20751449244770026
2.9120401774598332,0.3545986358660591,-0.9071225481826842
2.995240017472334,0.574430113579808,-0.6674507782823086
0.08482341511399097,0.4279719003795901,-0.9952915314605522
0.15298190835436434,-0.6468747927380565,0.024795534041090583
31.444341056200496,0.04907839202160713,-0.2729330152942081
8.436499152315749,0.9618898983153354,-0.16344600442589108
30.486430567776644,-0.13282240867006978,0.9913607612754867
93.19048652109906,-0.775594005973722,-0.7493716341978934
25.911398664532832,-0.22966631221714473,-0.5607570187595246
0.08212407618634791,0.402844668376964,0.49570752337012713
5.746438011742359,-0.12302835907122667,0.03057887022180772
0.00024879791127634685,-0.19383483795828715,-0.6180334901410302
0.7971663819903141,-0.3225791374430921,0.08845238977684011
15.35805936881931,0.3276139940635421,0.9696728654143594
86.30544476269168,-0.7895473915118119,-0.49332320108712446
0.0443096872603717,0.11394088191995078,-0.22908370007189505
1.5654981223772253,0.7451238358134797,0.05409023866533591
2.043668825442907e-06,-0.2121165066830507,-0.48918877184032883
0.07814358613157976,-0.23153200610254288,-0.3476799719308308
0.041774097817248584,-0.9056707307877799,0.17177368909609103
17.62609117075313,-0.47928880734365675,-0.5305929704331186
89.65152993931623,-0.9012299995714617,-0.24326273813850574
4.816717710084659,-0.28800372499698323,-0.7925924771570024
10.37539088315121,0.1411361612240174,-0.009795788182856868
15.39912816496251,-0.46573837390504047,0.18359943376643462
76.13808344447386,-0.41072662204999555,-0.9625607092310867
4.766910773266166,0.9273137123144752,-0.814375033325158
0.00589078272126525,0.027596190803805598,-0.8714092074251354
0.7996978858678147,0.45424498016940285,-0.28848853000648766
0.2522033609536222,0.21779394239530414,0.47053238640046
0.295956190500201,0.4643697290487361,0.3267824671863522
28.00927600115114,0.8157833428925538,0.9952382891621867
0.17286875740245702,-0.6794087280512584,0.27823607912592196
15.634130840968538,-0.47595963289001675,0.20654854374618514
0.0005319430228463188,-0.454903164641166,0.7456101380763391
0.07099122953230678,-0.8903194686740407,-0.5970940182524269
50.22061222852248,-0.04859725955813554,0.011034924383327205
5.519131740458985,-0.1492974015049855,0.0590502715471235
2.3777449780978412,0.03425304770601567,-0.5896440405997034
28.110956958587817,0.3008536960854853,0.8036067098388093
0.0008944608400966075,-0.09459282994022833,0.7114099315746858
15.291634120145714,-0.40193918716489596,0.14492234978724072
34.247979109330615,-0.8446617410227242,0.3817098812334345
0.0036540894921962366,-0.06062488739449601,0.25557626371300635
12.894469463830527,0.3380151035836121,-0.8794386987598435
0.0028075478503954213,0.7967515670496683,0.6319756399351251
51.36395948056267,0.2646018404187429,0.406271113711717
39.63845664912099,-0.18791398869190712,0.24563479659069354
7.1186480645732,-0.9369510594537613,-0.7068404287794243
0.11890707287779616,0.04370637904255292,-0.6980407214351991
0.0001982698702767825,-0.19117399507350985,0.7261031329665892
33.78568279022308,0.3356330792636215,0.055047664383754746
19.571623453483724,-0.7382632053620568,-0.04445275989567066
27.541717271808835,0.29134836690240307,-0.516213546378012
39.22641356501384,-0.9531357760226238,-0.7361806769718082
38.131592544550344,0.8827031882202321,0.3493159726097015
3.2320121776959865,0.5872099483216504,-0.4213963612610838
1.08988759661862,0.001859301827866977,0.48384618703579174
0.5040637790076816,0.8705588523871204,0.33675477095718853
0.8620815536977726,-0.41707205177991147,-0.5940649249777664
10.838664372129589,-0.18574939204638763,0.6361727353262359
1.4099339022282693,0.473407133064506,0.5162398171860159
10.560529206180956,-0.30655150373897766,-0.37386438399203037
0.2779692607443603,0.7251510139438262,-0.8948432391174461
0.18511584334643894,0.29721270535769717,0.24606096323427673
43.469990006217934,-0.012726402624359534,-0.5459936971938868
7.129419484825552,0.5705674858827983,-0.29762188513994214
38.99846158016885,0.18675884664231335,0.2879772056814025
17.289837681489022,-0.020175408420355367,0.9079665478896679
60.61143054001042,-0.7192153561253058,-0.31597698155952725
23.789297735811694,0.10338923696167401,0.4081915981332658
39.97820019881972,0.7532386754331755,-0.30323672611170016
2.629959653864195,-0.9627221660535186,0.6454102934737578
37.6959933259462,-0.12716351851600782,0.5378173178143157
5.5099779895579255,-0.17294628292620384,-0.3935312733601798
32.432371374633234,0.23535383508740182,0.3712989035420018
47.34272568499348,-0.7176438770183806,0.8240581471233819
1.77794943120587,-0.4813948963013821,-0.6657259222397381
54.296979439864714,-0.3186941330211652,0.696334202309578
0.01941853906636421,-0.9737227394779587,-0.63900750264548
0.0006739281468905607,0.8431119699075968,-0.2146093156390757
50.9784832005258,-0.3241615919251797,-0.1582891941700938
80.88806606661467,0.7155459664367136,-0.18007534218894505
10.078385968508915,-0.3943128579798041,0.40163837345663755
12.286238006958174,0.8489955707631303,-0.9593689088646721
82.15150314995665,0.9777156648669418,0.8939894356455946
68.03061965277642,-0.9542224251221061,0.7576666074867044
0.02854228246931489,-0.4071953213354237,-0.9218304195653636
0.0524699574943919,-0.9488454352236657,-0.5567419016900421
0.3728509763381098,0.2507553917022711,-0.822777936812365
16.175307547698196,0.8804068259051174,0.4881432394764791
62.74996965714765,-0.19266239702926258,0.40913247387970575
29.49856400169701,-0.5524268820054632,0.8760624469893181
83.03402350285054,-0.9785995957063615,-0.669053560650025
55.710388499050154,0.8164319459570475,-0.3218738936091865
0.021747736383742746,0.607644385877852,0.08318442318286312
39.57870031671947,0.2150517635705509,-0.1729800489747566
0.20163717435139286,-0.9742992372671426,-0.3050002895498518
64.45042870708943,-0.11137451428779865,0.17090142091138194
9.765649267281209,0.6807238097522734,-0.23127252235137286
3.143478759689217e-05,0.4262181114281487,0.6171561482292403
29.762580473753104,0.15239050606261895,0.38578148443515725
15.164589120326767,-0.8675291151442381,0.6777550272878643
54.15531355567717,-0.8644185699558954,0.24095653771375214
27.901853336735748,-0.6531578650641798,0.5072897583407494
14.997903537552403,-0.03693974315975679,-0.9986589192500448
13.32843285692841,-0.21692765870131625,0.49346475710220394
0.12746930583621482,-0.9086421111523584,0.5921211714944097
22.172130522767354,0.5284029956371694,0.484448457733508
0.0005717120999691607,0.5788739240066054,0.3321583109232378
25.228833871206252,-0.783713360387656,-0.8367928187463902
1.3465559021754308,0.4511872481330066,0.3282035580472773
0.18090331430373438,-0.14192873870982992,0.44887999985173255
0.403082026434441,0.5206632688241974,0.4650224721101621
1.4278903937353173,0.027093801094290937,-0.7629930139654351
29.836435190766487,-0.8698495806570332,-0.4026299527948004
8.29252656029669,-0.038606031536358665,-0.9224058680495136
3.1319179277066582,0.11561834811640948,-0.8034615640222941
18.32651233661196,0.5477604753067489,-0.821894423029869
57.48605977371649,-0.8706332988953264,0.12008535066431225
3.19008177241951,-0.28088803986457,-0.4641306145705537
0.07384081015164368,0.015896634664367637,-0.01544701498595702
0.3534464134514451,0.6522191138698221,-0.9822772814590276
26.642792259382254,-0.024059690268866896,-0.8943563789691465
0.5495372625923044,0.8216642362131954,0.7646127125484894
0.4171058996404198,0.9792308772009455,0.5503896896412923
22.477309871301827,0.6001785367839347,0.201542445203863
37.42782898212311,-0.4089316764244454,0.5762912066977797
11.2538156590313,-0.7932087511229873,-0.734315253999454
1.5535522025761186,-0.044027813869253696,-0.0730090815833011
0.17789331252850274,-0.9882786400562074,0.6539413853128053
0.8881600093040978,-0.42176099287709823,-0.6447225632327644
25.14892591571084,-0.8949729642330303,0.24362796707403933
8.710736581731432,-0.23407442520803823,-0.07692105174409536
0.4614563478836204,-0.9285135218137586,0.7884095885318942
0.0731689162667891,0.9768262512937393,-0.9890669303529632
24.152202821304346,0.4841934592705879,-0.8618841491323033
2.8480850818891694,-0.2715744098925865,0.6281902917624833
0.0002960427197639684,0.6397962931227497,-0.6335460380327792
2.6568159275821235,0.11870172897278275,-0.027050994871510636
42.11158642740638,0.7672653932389812,-0.8692978070097066
59.80209401668392,-0.46302856728459274,-0.01632593882289124
5.915858834236932,0.9155925979420332,0.20269743455856282
77.19699331965198,0.3339821899823714,0.16870907656336898
17.427387939788062,-0.1222480861217976,-0.6536555462869174
4.654876955811547,0.1830703439490493,0.6751784484158283
1.1688452471343413,0.9474107529778533,0.39887028207159836
2.2626785538560923,0.6064477537664064,0.013134900980248831
10.005265401748481,0.540554163618381,-0.49528416444505385
35.667263810353255,-0.8908711337523029,-0.7249670009980509
1.8032668239803267,0.14704229611178143,0.2192964635083594
4.089142577821016e-06,0.09854906537235975,0.045874314413367756
18.39092173411885,-0.28624128301831475,-0.12146711529349064
64.63831877071162,0.6711506894855701,-0.8235654011677255
41.95943098167042,-0.6746191631371579,-0.6727017613220198
0.042733193694923385,0.03046691171271254,-0.7804487719628703
0.008610505231921875,0.5323807341720188,-0.2594134553247506
36.50994004791726,-0.23910952903210636,0.2913090855347287
36.4192901426009,-0.49154164689919255,0.9640366905539777
8.862743896878394,-0.4292313298189615,-0.056054958957870715
26.57734149786657,0.9996709802484216,-0.7581847768216717
16.013811596975707,-0.4994717222798988,-0.5956403354473782
7.738530549520879,0.2943389658059552,-0.411654951630542
70.47215563655327,0.6049053562535036,-0.06007249611466725
13.653250894366794,0.35308944785223995,-0.47271869604101824
3.9263554929020334e-07,0.2045794655937565,-0.9535325586840554
8.734944803229482,0.996582053794244,0.9853807430764372
1.0863063711704888,0.23414935022223315,0.9535602237063152
7.532516581658699,-0.7733558386591627,0.9020271493129755
42.820170843104314,0.4894686596591675,0.3111259593065483
42.23240896132509,-0.27611758969684874,-0.9760674819915011
34.405381842658855,0.7089422336631952,0.0017687937053256775
61.13633583530523,-0.3096441475339451,0.6070411482193474
30.981426631205988,0.5300765789446755,0.3195676966745198
2.0654876804627094,-0.44616294974361026,0.36246460865344865
2.486839228814369,-0.35191178679997337,0.6112798624927058
20.95095851698004,0.1381972565841627,0.7750214652517986
4.0245863989627795,0.8077024864216185,0.03727713924378939
1.280781255346253,-0.9558475138113293,-0.26439283547774994
0.01682734728984913,0.2361203210384364,-0.7459508590756119
90.78181346366254,0.8964340869534899,0.1159494395418097
17.11506132164216,0.9141328084051525,-0.1578713245000437
0.5105864028098958,0.27599790348436404,-0.8720691611976213
4.8654789227931,-0.123745671088489,0.5396756879376725
0.30911242203860795,0.9421244579312718,0.5901164093857139
11.22172602101419,0.9084192178209829,0.9665081941580427
2.6275467325869797,0.35182834475340763,0.9718633610365166
0.032580086789662205,0.3980613608628931,-0.06175998949589134
59.7371616136605,0.07699715670686125,-0.6118884859689238
0.06669303891506603,0.41844848396256484,0.19848565691739917
21.00880121199702,-0.1450641154402723,0.3253591849827935
2.17402579136868,-0.571386529390324,-0.6565308959083278
1.2986908223125697,-0.3202758182417199,0.36586176236890156
53.6635369716336,0.4639151920964675,-0.8273363083379307
40.503987997266385,0.7739519650768523,0.8728644844712066
1.5253131081605664,0.5272785933362656,0.1267426176227031
2.0957338991835446,-0.20605882418211463,-0.5470252947182674
1.1598591059397585,-0.9098790590963519,-0.9509812958129954
12.61304739722785,0.3293649346174168,0.6250462126084109
2.5569042143891876,-0.05574928953923275,-0.07608293478277561
63.77771737701327,0.48136585673703314,0.07312859517242387
4.314714729786492,0.4983745011874199,0.7269031610576522
57.79124208382598,0.4687694140554326,-0.16718337941371098
0.7493015206837139,-0.23524225581802483,-0.14605742662993948
0.00010877188446481972,-0.021843455953219904,0.21106433941004
64.8630610619308,0.7284647528828538,-0.1832469496850696
0.36607344900868705,-0.694924667904131,0.6080684632262956
87.11330636668839,-0.8782290423689727,0.7789460560365575
7.3529031194448775,-0.33579510978432514,-0.7567430423401463
33.497913033815365,-0.3308624122914189,-0.2651219726564088
20.053364038203306,-0.6959163706024638,0.522027704528861
3.615957598024043,0.8751866292990738,0.26741483009614875
12.197722295341059,-0.5399950304699986,-0.2968068648762344
19.269121901398837,-0.885198839067027,-0.9330214797949284
1.9719135982177418,-0.041883705721515674,0.3301230389446246
0.004472375676475174,0.6384647314592244,0.4449241860284805
22.89760784048983,-0.1264577959143386,-0.4466958739682704
5.387796100914798,0.7319507737716366,0.19022653897048225
19.814569813128973,-0.3595473591131717,-0.9863074255336768
2.9574145123380613,0.029903609835330247,-0.5548230058444166
27.456091258957798,0.3919510563111386,-0.11357120661907005
0.006704195463462187,-0.07281664513225206,-0.8088796920032844
0.25908897698736827,0.0034121456967657338,-0.25780192024252835
0.931436753155716,-0.997114230110894,-0.09958788576109845
2.128210841027509,-0.757138198610154,-0.18966897660373006
60.02933702846295,-0.6995031874540716,0.9690083111104417
2.4074282582771014,0.22554964707596548,0.3184880932381229
0.1492351293339828,0.7373727981174898,0.0038158827669056983
2.2185652401710647,-0.22629077215126459,-0.20170540945223492
11.871405143968996,-0.09541290586579798,-0.14599881969817052
43.98867701515848,0.552544959317594,0.830325155452009
14.939860590773568,0.7290836991495053,-0.8498276905588673
74.55150555464363,0.0865273564681901,0.9430437786859744
15.935548130192597,-0.8419481482050915,0.1088359977530382
9.752875411030496,0.9607581441044861,-0.7851371399115444
7.404674780663729,0.6463859676375092,-0.46656608041121084
4.117117057053069,0.7371942884194183,0.2937010972130727
9.840279554444043,0.7899845410925803,0.9406530319939514
0.1251889835958939,0.2784868198425072,-0.948020529529776
25.371881575829143,-0.5595155141139796,0.3872356350437045
2.0065732330714683,0.006464980525577868,-0.2627687621802053
57.874727164181785,-0.7827275246158896,-0.5102625012004229
0.5061811808723375,-0.6225876661787555,-0.48549482822189804
11.505594191851316,-0.31744790705565085,-0.8019276539240224
1.3520471876594264,-0.9014217891066242,0.11471093752076467
58.30893300966863,0.9518186462956895,0.9977027096014033
66.52469644148063,-0.6809936024547834,-0.970268381980986
26.55498479577007,0.12149984713282214,-0.7551556080213705
0.14316182330734542,0.8319473453145663,-0.5616997894368158
45.18863426868538,0.288755767973105,0.8602577457418217
3.3718129711525826,-0.8827090462358889,0.11862289092222134
19.64111326817234,0.9166391104701959,-0.9194900594407752
86.54701556961845,-0.5612464400140811,-0.0397795503814008
11.147007424707866,-0.7648958945293393,0.08424547144474936
0.0037405519005333657,-0.6879465115671255,0.9333339244027083
54.55638516943062,-0.27327226913447156,-0.5772656696106382
1.1151881560305692,-0.3766295023655609,-0.6872485615083571
5.176767544691316,-0.09181463829758907,0.22426019121862995
10.674175728954179,0.7350043536140334,-0.21913577844688747
19.99583563872775,0.7597190649854526,-0.18068981597601164
0.0008255498778421424,0.9274023927357502,0.738185842105556
43.283089232104146,-0.20952121601659202,-0.49730942918853904
47.52273652323589,0.7973520234164158,-0.37600649282186605
2.2718374560246658e-05,-0.011226566118304193,-0.8807569595699422
0.11339751956788702,0.5104797928766098,-0.5753852264674912
2.311172859102567,-0.05363996561215878,0.8246788019228348
48.95457783183289,0.8712817328342757,-0.002829546114426318
2.0773647597495444,-0.9198278279118646,0.29647969731753054
2.194275715623204e-06,-0.8057059109202841,0.2758090716825552
0.08086417190187252,-0.34944039691878304,0.3912024433853736
37.065599592904235,-0.6136042481913954,-0.8676671555134983
0.043713331851415245,-0.23578088409692632,-0.0820203684935682
0.7253848974600843,0.9977307097892687,-0.12737734620057883
94.13754093479047,-0.6686325889334679,-0.7086838956213486
0.10888904837591828,-0.7020324811801606,-0.05188368022310119
1.0958254738859792,-0.21479679235103322,0.5038486478662376
3.6256350423487573,0.4877942321200768,0.16540843196925015
51.991270773639975,-0.31562595259055815,0.0768380292464319
0.12082590418241103,0.32140162444263987,0.18672764372121664
5.4769696512959385,-0.8456505682551279,0.9246815929431378
0.053287429482793636,0.14025343785060196,0.723559868649464
7.986824069157137,0.33236508064092884,0.03908321944914639
0.5749867745788192,-0.27598604591806897,0.13092483325385884
38.78455264767112,-0.007778956493613154,-0.4957179414216345
25.091911871047312,-0.6010719250670038,0.025823968532999952
58.373408381687256,-0.9801831493312382,-0.2439719992075544
11.064384845803895,-0.2843330795096196,-0.07335944924665017
0.9116834879170505,0.7848924376532214,0.5566586204962387
3.803484058791038,-0.3454290728382723,0.7785319896461633
72.32097027194212,0.6494308961200985,0.13154833085427975
0.7728483777603214,-0.9345461165166201,0.4756824697133668
5.19888328580605,-0.5944033022611225,0.892965222562877
81.07163995781842,0.6129513303556586,-0.6516901321564833
2.0304163398759067e-07,0.08206899728292338,0.18020545280839873
0.0024665938392341197,0.03471397479998228,-0.04809763830656555
0.005926009713628193,0.34952207183604056,-0.972784854819584
1.6901690744815665,0.40037371549533063,-0.6544456420330639
0.5896490293961719,0.07232604788977559,0.03211690638412246
8.827433371209164,0.1626957381058003,-0.8765610919689023
34.02078212530766,0.21176431199856172,0.4113808367378742
1.443344486745116,-0.4472576440470971,0.5685049533344282
14.837965992139376,0.4923346341835302,-0.021380266931592784
35.58209083415698,-0.9020807204704338,0.7037740109901516
9.703143576982253,-0.5563159557039317,0.9526275016299839
19.360955614480247,-0.017092841010002302,0.8082075981648282
1.6035784216764386,-0.9571800634726271,0.972933717377066
0.04216017851455721,0.3116664690380089,-0.0006114036427394831
10.407143208419912,0.008405736240450823,0.7420153540321104
7.6242395025830305,0.9686961306367254,0.007911196901458695
0.32765823835524904,-0.4075073612815201,0.2807878384683544
21.21391949831489,-0.4338171089691305,0.855341554630862
24.063732845563944,0.7453936253665214,0.3229763746593308
0.1879662747325287,0.8531780831621247,-0.4082435320426465
0.09380679985753636,-0.5158035725337613,-0.19437453580047914
47.217087103142326,0.6949990323964221,0.6840357734448856
6.775849553598596,-0.2584541851914579,0.6565834024494086
42.916803073132506,-0.03539604531557239,0.25700550963526125
6.90330852646763,-0.32738060243599765,-0.3136076941855458
3.768348323131649,-0.4519108163221809,-0.4244547151940342
0.024735511502455624,-0.44841413295125065,0.5141730655452375
11.563807999868493,-0.34302469349239906,-0.30610021414960464
9.027252708136072e-09,0.21694448094851992,0.0954739346089315
4.266325171545601,0.7981246756449119,-0.5777058370868586
0.015683921895964372,0.6161904319057421,-0.06614249301942987
0.05420228418194211,-0.44093360442781826,-0.9186241483428774
0.052348347565103835,-0.4322917636721919,0.31006604771172963
12.419879081216202,0.5288130733515541,-0.36770023593255774
11.758575678931411,0.9108449315347931,-0.5510245654723867
8.852958099441491e-05,-0.4943367589612283,-0.5308651090175875
0.3603144946758459,0.9510115763434805,0.892162541359764
0.03587011128273817,-0.8666571252341896,0.5268933224637564
60.94900972228212,0.7546987025543912,0.2687066358977612
31.937836026027668,-0.5760868457189213,-0.9321334618838052
0.4186464349829975,-0.9852840527036603,0.954420654770465
0.17358534941763226,0.10800062394516963,-0.17419653461946683
0.2572040447573439,0.5874629828820885,-0.6325224503773845
1.743779603821849,-0.9997519439107627,-0.025868423908821603
59.24424063513955,-0.718147339869225,-0.5975114815876503
0.023757476680897748,-0.6150987304731543,-0.3420929255553059
38.876385863595075,0.7052226392757861,-0.697416989041691
29.2799494716691,-0.3710055346164678,-0.4747658227982299
78.17303103119848,-0.3473596430925313,0.7366168356840184
14.584158678664094,0.1500896458961023,0.8642030122801101
2.739471750229264e-06,-0.36082794226236625,0.7072184522488381
0.1238070865063738,-0.8518674699877926,0.14776021508813608
12.211512607015424,-0.37516812269342703,-0.9781869195785073
7.013799865160157,0.7555384958176425,-0.07129098848940463
0.8377641229447504,0.37604734069387846,0.5578613000456996
0.23212993085669317,-0.4890393405334802,0.956375286294205
25.482432882688244,0.4033333977801563,0.008588905865683394
6.558153330127779,0.9556438708123463,0.9557369657798145
0.3048322301467269,-0.6322463582944073,-0.3515270089322797
10.249991171032889,-0.06888173305651513,0.5291506124894003
89.76507304371668,0.4014624607563855,-0.18501669250756325
66.2714364466748,0.024482285290469807,0.5694721835351966
67.42826682141771,-0.07570409328644356,0.22865706385895668
43.140690482429065,0.920711755261866,-0.30040129631618595
6.0119867092638914,-0.5692743202288095,-0.9778562187809429
4.100545303057881,0.15905158253680485,0.6817113738628229
28.333410029572864,-0.976369234152791,0.39383651660740915
0.06380927118646729,-0.2712374203835102,-0.9818861184803406
7.074711756911095,0.4293331237761946,0.60960630075458
44.51477711382741,-0.9479538101130055,0.7502141271165226
4.867597657581209,-0.9228631730994978,0.923557959983982
50.124209967191966,-0.26504221093054203,-0.7878559884262856
0.020905502201488974,-0.9418177286842471,0.6755263819524446
38.26760285484454,-0.33903632724560484,0.9054579284989197
83.5702609148556,0.2878536758459076,-0.6033230045831903
0.005342361076631358,0.41268855413935124,-0.9096307156085519
0.0017776039174354536,-0.27054226503098455,-0.16882384049562527
2.4756938668794564,-0.46147767777743187,0.29823737211665113
1.7549968887356426,0.26332879340864546,0.24929017593679914
39.42013383232433,0.6729643103850242,-0.34559306355449115
3.0773986604720635e-05,0.6859137424726991,-0.5441298080403896
3.464432096889352,0.70433279733302,0.19900447759889772
0.4641523511237908,0.6989327475838487,0.0338024222800799
24.032238870770843,0.1886683416205246,0.13616324345618125
9.25270081001128,-0.35534997868271956,0.8323357321228848
3.130132533420274,-0.4221934498294698,-0.8660583246171576
1.1381329429968696,-0.5967593618503602,0.16381524932952507
9.595543657276858,0.10269340762867651,0.8295811362714558
4.213709998429255,-0.3825558130881094,0.3776958225157008
8.218296095339804,0.3455430729070197,0.7022652117458732
3.5249515418294575,0.8478194586407077,-0.19039197278074393
24.00953474454321,-0.9100404468506411,0.8230726195160596
0.057267581681387555,0.5967244574211579,-0.09180820170171256
12.096041254083973,0.7871420515633378,-0.8938346426328886
85.18380195586998,0.49577549601194604,0.5310864086611773
8.980429332148864,0.6843643832942514,-0.30235163557313094
66.8496241556999,-0.4317702869821687,-0.4934797048050007
85.58949978602975,-0.6849930467387647,-0.6833278771304213
96.23616838330992,0.20646000507853968,0.8342220581475097
0.16233702486099544,0.7878701329408484,0.20051568256154018
54.08005927894788,0.5564129436469754,0.15674371760122985
71.46595296464544,0.7130286216249566,0.3275138628232084
0.9892532464696091,-0.46060282981495115,-0.14385528254972024
0.008011131189605208,-0.6114055042942428,0.1102184042093779
0.0033005938893554436,-0.8373525147391438,-0.49755476588831526
0.4319863318509081,0.47025959325066435,0.9784109757876864
2.148719806804167,-0.09390546660401033,0.4789838708312928
17.92609951755346,0.7796317323869553,0.6831421438448366
0.019269068631467014,-0.5829240328888987,0.4557401604604747
0.0583305131584397,0.1622444858057206,0.11200808123443196
1.8646964038337792,-0.1560383706606917,0.07339817812435645
33.30696161936429,-0.5333584922570351,-0.1544040404859096
18.134930773399372,0.9695014628238028,-0.7680958903422073
1.1358145941958166e-06,-0.9808954183795282,-0.3412296847628672
95.13393197128366,0.05988425340078285,-0.33375777871808376
11.012620062715243,-0.8821512632025198,-0.15289081194135568
76.23013590940329,0.2752155034359287,-0.7654105991846802
8.381068602480341e-05,-0.7116994025220609,0.7215817255736892
29.001486368152523,-0.11018833322952815,0.005449860625781788
0.001390796262703205,-0.5074316337520947,0.5382513795440378
41.27072107452621,-0.17840671950391895,0.19681604000700226
71.28692467776403,0.9754998459182969,0.00035915342633385805
45.38624329961709,-0.06955846025645873,-0.37784993648330756
0.00020600602905364372,0.39404550397726124,-0.5236902996325337
61.9064935496766,0.31339738690200414,0.5935835504173326
26.163115613333048,-0.11309302283575096,0.6075420007496237
0.00017574770814644754,-0.2229975952685853,-0.36946614067938766
0.0020115397226952996,0.5508396127785742,0.17785321008594845
69.5145765065623,-0.26419832147328404,-0.9828946431459092
0.07428304348133491,-0.6582894549199838,0.7107795676116315
17.488515213786325,-0.6334821960769693,0.4579633883927785
0.0001637299605710371,-0.41957170119414944,-0.02327243636902021
3.089581423990858,-0.20505987215591126,0.17964241558212657
18.696655819039922,-0.7125385795124765,0.3034252364534835
62.736168781694055,0.45525261201719447,0.9166095137527088
0.15137750693533436,0.654113765391583,-0.9175764590161626
3.4528766730055347e-10,0.47967653632557483,0.4241655682402281
7.3791978338558675,-0.4953550019171622,-0.5667224096899339
0.0025483056080857725,-0.8510411979464017,0.7886763964879784
0.0787710023614571,0.13181988869610528,-0.2933488406913133
92.57750234316161,-0.6840535533129404,-0.27542027907212696
9.605702193603905,-0.4004151370324832,-0.5316130486933461
42.62227457813776,-0.5249714497043106,0.5894388131419919
2.790171964939448,0.6975274638268147,-0.9561612703692579
25.74140401303346,0.598147139153995,-0.9487334321260512
2.6130671931029217,-0.7912783839261592,0.43630768856857194
0.2913960412422342,-0.9454572892431635,-0.5806328820932398
1.9071100940609977e-05,-0.8836319140276165,0.7008131647934375
81.22333575121301,-0.8962844779693241,0.5893147253488267
0.039443869819534065,-0.8808650762739558,0.70815496688162
2.3556834291916346,0.8755352135401533,-0.9032764681844021
0.06532659916795819,-0.19822008952409498,-0.7430416277902747
1.3638736482619147,0.20344707876116908,-0.8962176519395769
84.7134432666629,0.7430924797849547,0.649693085823684
0.6775915193757854,-0.08169388241215436,0.2749217040259475
5.732211627969356,-0.9402020398228429,0.8364928500220603
2.7253219290219857,0.031974704590798764,0.19230911430586373
0.4312959050120243,-0.23747593676278955,-0.9607423618269005
50.77851146995128,0.6314461275597356,0.7723327360806507
35.04330629506819,-0.6464571026234949,0.3752351645095089
53.024242646241525,0.3039352320796278,0.7232877978150358
1.4565901534178651,-0.19700768663781176,-0.8746592112015178
3.0468651702254657,0.5683269621202345,0.219462059073261
5.598101147965115,0.585048326170081,-0.9047709613192247
3.112577143332415,-0.8915181402089263,-0.8802121071968687
0.19865642005669473,-0.0036209690496189495,0.433838389547458
28.518424649070035,-0.698676615752152,0.6610989372868594
17.87462271049233,0.2460070663119469,-0.7893934821662846
94.37268566794963,-0.2784127251930031,0.5130119185861943
0.08925724829579167,0.2527253030515939,-0.0745804858330853
29.590037771834055,0.5915858839566026,-0.2087722344504479
5.8235778690101565,0.543072584492561,0.629998107481264
0.00241249639623827,-0.21827924051457848,-0.16959883493835104
0.4143390397722645,-0.1307673054067816,-0.3101010346159264
31.25463475009281,0.4619583058828176,0.8388444356239189
10.32833944402243,-0.44248778242871656,0.5353390764780996
62.00871122639062,-0.15585472463521877,0.04260129714070482
17.367220054297864,0.5960369886827275,0.9317680078001247
18.725046460381943,0.41576956864666004,0.4190369617532441
38.170853042818294,-0.07190804415027185,0.8167129741673929
8.175252215565285,0.35957299731253545,-0.6893363256550933
74.03221410136868,-0.26003319526437463,0.35535371395177884
17.01178341528263,-0.6432049391336643,0.6371165399291454
8.307026656347398,0.42685745566193267,0.25905379970453923
4.291324847629133,0.9553115910564025,0.5201336420169003
59.38623228101151,-0.7296516691997045,0.6968514531548538
0.007311397917828209,0.7956831233392065,0.9984824766804503
67.83877330794238,0.05163329835482111,-0.10931222940962226
0.07502336450962108,-0.8751516256600864,-0.5861889757662871
22.867838116248752,-0.7503398978440068,0.5816642269419225
52.726113290376574,0.9823214958995599,-0.0721053599651389
1.4164801261308207e-06,0.8744752358256416,-0.04760469034937187
3.4465615536749924e-15,-0.9597071711119993,-0.9569542721057662
0.010249310594484636,-0.1951105903656073,-0.8835183843276779
10.613339820748422,0.7467307093339179,0.6953352891734561
11.958985620678137,-0.0655117018966137,0.08957331360371801
0.355911144070625,-0.8586979435021042,0.9903523634635321
11.921699606950845,0.5398106583569393,-0.5061662838781468
10.293749419919825,0.9252014834737639,0.08697764580261413
22.5015668725117,0.4220451415084381,-0.8150063332710541
56.82231574200435,-0.7005573076329343,-0.7721895410534692
14.357233892659648,-0.32948202629396584,-0.8117224702403328
10.781389129938386,-0.7605262119607975,-0.5631605383446304
23.78006725691271,-0.5253627578789372,0.6200919535439573
5.702214800675624,-0.6703832804109624,0.7130280988685669
39.484440253419265,-0.7438673198521175,-0.532148739616277
0.016617672890820237,0.03677435073753843,0.9607884377627494
34.58137196921164,0.7029605141637139,-0.7971370760966683
0.38412561068110596,-0.21040488526356527,0.7908337071180944
0.02529099694251913,0.13496952388602645,-0.4831461796481138
0.6041133361865562,0.26231242726982607,-0.7663459712186126
9.80430547694964,-0.459582777822915,0.26982133620346005
0.000123794682163312,0.2955021799955355,0.21173185392117366
0.029504574596861677,-0.012418450947800919,-0.9804371919385082
89.45945125457122,0.5185198387150571,0.12076705312107916
0.2083598489196995,-0.418108134656753,0.9671290938636199
50.29550866426102,-0.6861515020372019,-0.4256484091424183
0.24848344570140096,0.6206864970682218,0.1415986944259493
26.888573458622933,0.9570621227221694,-0.6507102433075294
21.357205586477264,0.9985882849759222,0.8001145737105604
1.254051725632663e-07,0.5628177760038828,0.9763929890703087
0.6942231850786919,0.8946096342899197,-0.554432981654315
10.03734021956025,-0.9040170920468644,0.8288635554906856
0.0001738747471851387,-0.49312611810250295,-0.2034445022497542
0.24639445390061493,-0.5272704881446696,0.6713683369756573
0.01835177224339195,-0.47180455981173164,0.060650482432226704
1.7747930728788102,0.12363589646482165,-0.4694559822917357
15.673651084717452,-0.33745291604813843,-0.21027141637725788
1.7598158450196187e-05,0.8049766359863189,0.1974137561478777
14.029283931232793,0.5780834121026754,0.8752805282136864
72.65272140981853,-0.07231293731706545,-0.1712787163196564
0.011577359432476435,0.5805442034022921,0.6852429941742293
30.789735770788045,-0.39231074713457736,0.904304240147177
20.881051273782333,0.8513861632093414,0.8462244261863201
0.4812035488734838,-0.7517029295197264,-0.28424970608946354
1.1659592960027847,-0.6780593957418429,0.7609171551472049
0.09851434323006553,-0.939512616544934,-0.17799837738330837
92.07708268920315,0.7313212489866292,-0.8831258533103518
0.04550723025726402,-0.4543419636752781,-0.08101045795510431
0.00010036440244904705,-0.18366115477288225,0.3411171270518272
0.0016979402758512188,-0.730041634858571,0.3151333884616496
98.69166899426561,0.2659239020630795,0.4979361661107624
0.009695323133464483,-0.10499826808352097,0.449958555815249
0.0012847301276016103,-0.5378728602442286,-0.3981717125263752
39.801615544612964,0.4210192459630875,0.06296755018874722
0.5013483743780276,0.48314107061853995,-0.9851646749960833
71.94491338178885,-0.46231775749103154,0.7987263519642187
2.175780041487357,-0.05126864069817161,-0.9452226970565765
0.03070656304963773,0.7395819487825965,-0.45454886584198473
70.82465358185296,-0.8297562247574111,-0.7166991280729389
0.9704555544175162,0.9021553238471789,0.5737859904251672
0.00021965172588310565,0.19714298913092132,-0.43605499987685814
0.11691186224225902,-0.10871854332953157,0.014798040248107824
0.647707695094126,0.272425863970033,-0.5427422262834963
17.478186554053284,0.5664065004315431,0.7661762593291335
1.3286240976433419,-0.11459036589704585,0.9676656477452006
31.759575665908198,0.36781201314844014,0.5557800356376523
61.7176367126677,-0.3507294942533602,-0.6072710178332313
0.0017922562818111967,0.19207658916213344,-0.6368886143324812
37.58018131192794,0.8380290170110039,-0.024319449920473635
11.820150329494815,0.41107377447574356,0.45261459797554626
38.5830415119579,-0.664133383822429,-0.5379829218452536
1.0668007204801215,-0.5845985118981529,-0.22327726008495086
1.9494511522933404,-0.5614752048580074,-0.7476557848273364
0.15866033038746452,0.6848849927383713,-0.03589596761649139
15.43128824877911,0.21128423262794027,0.11974718576662302
67.3487949104295,0.6241869904347781,-0.8611762430409802
0.05433153425304894,0.8806899707302651,-0.3820148117408547
1.028441148402872,0.2351311686554265,-0.400440657864394
77.53994504139871,0.42194378170150526,0.019266487789674436
10.278061659483177,-0.9079836653527875,0.6470442464044976
32.504337724510144,0.4137147484234167,0.11665745979595998
2.28744005425215,-0.731400765357389,-0.21491583689329252
8.339560120993026,-0.5177106215133656,0.9051104402831094
0.020658466842190568,0.9852073064504963,0.1661130047159043
45.07054196957586,-0.02604292407909692,-0.08447039075466667
2.858277627338035,0.8980111508859567,0.14913216970260224
0.15998558779825747,0.7890108881896096,-0.5337085089841949
6.386078353327528,-0.11687100966990871,0.2163146632630939
0.1353144243889557,-0.5982797547321121,0.4658693845008559
0.07746613438765024,0.8273699958760099,-0.06471979722473498
50.489762056407464,-0.583380737765355,0.012529255933885208
42.66312747689406,-0.14699908091344427,-0.8471300650839759
20.821984283398663,0.36349808197568256,-0.16261951924353024
0.18004374372866977,0.3657354048553929,-0.3882221518564347
86.05849437968938,-0.9188739711904418,-0.5031947253239246
33.3863447542774,0.016607625384930325,0.5601281346719764
2.3034634608999163,-0.3721124468351614,0.5533016022433705
94.8497310869981,-0.387924336527126,0.4818004694850049
66.48248232352478,-0.8720851818702089,-0.9250045199968915
0.39925240444900434,-0.9292000133358491,-0.9896446631459321
60.99349305759089,0.3818721969227954,0.8718302695301781
6.817456740867087,-0.8981971321365243,-0.591170757589151
61.886120976276324,-0.24881028083292767,-0.21170262427728992
6.681741710309905,0.0006236877800362972,-0.17224045574668378
54.74714223167601,-0.6562093117341028,0.7904270183656301
28.823840582198052,-0.9523154990857156,-0.579010425763068
7.104893491971066,0.4416165994132386,0.06363665604014668
7.207885915529691e-07,-0.10805875791540376,0.40712514834759017
32.2370437252745,0.26860457430536977,-0.9162038966204458
0.5736881719515996,-0.40229592924020063,-0.838194346226016
0.002029632750881017,0.48076508667985207,0.0041920119965468405
16.04726887742584,0.46718757777852393,0.41592904659581165
1.8992516323199795,0.14518076408133074,-0.19467784874958471
0.5463796460380289,0.3347118066662602,-0.5986714589818621
6.426410765776885,0.09001326002376486,-0.6495012626709524
10.199746451716845,0.20986562755179672,-0.9349266356287844
7.395396757849718e-06,-0.7918830039864698,-0.40290898976351275
90.14117166960821,-0.9273310636417899,-0.20101287128230494
28.6632613004539,-0.263469881082945,0.5740513073797937
11.878170174681497,-0.7883560093996136,-0.7027033062151327
0.041104467094068876,0.12425325917906238,0.3163266682174768
2.52670073303442,0.0025330579865001646,0.5730230884309215
0.3134563039032436,0.8777091765314875,-0.4920994103166013
8.512388854053421,0.174935482927695,-0.555395342209254
0.056005901000366856,-0.8215860412131583,-0.4095248955449241
0.0038989011270647105,0.5123210428078455,-0.4399600157061858
0.4780853458985832,0.05512973469397209,-0.3303415426330083
19.479763632401674,-0.3977193115695482,-0.18648176533161376
56.17544580356368,-0.17777741424136406,-0.10733460013626894
18.29141478033494,-0.14939691121470577,-0.13425368167892382
12.838581725080726,-0.7452772442801597,-0.11014831357203225
4.040635753652096,0.5138209196949866,0.7306225278614613
27.420430575897303,-0.39347650375620025,-0.15617409291120032
51.13734163709541,0.7125123836506844,0.96825878228572
24.297635307753943,0.5222687095907341,0.5249669233581107
0.0003403818101936453,-0.14823687771623617,-0.923378307772361
14.071392165301031,0.06291302073753324,-0.5022093747767459
4.351700707730015,-0.12549860810893487,-0.7239955240256514
13.94585121952213,-0.7171582688594749,-0.5080885597146985
5.619656470567266,-0.5484330620686452,-0.3073518379686714
78.58993642738224,0.2613439472256678,0.6526057178169762
0.9047882801748727,0.07922167490876952,0.425053934406068
18.03332534390593,-0.15207324850613868,0.8757682396901278
0.0018448642490936963,-0.13818415522168626,0.4517865646683372
12.322446195504229,0.7699978956538929,0.43081344989915826
0.5142076236525261,0.8895847961188872,-0.06313395984739467
6.031541803730798,0.475872510327745,-0.6958125533660158
0.6794457231585731,-0.3697072598597987,-0.08757671561444402
20.470174611467044,0.2794679409260865,0.7327762810733796
1.9989785442329635,-0.40854949345486724,0.5549925800149695
1.5935227785107156,-0.2239968032108095,0.8860264017835324
94.5966324903838,0.3866961778061999,-0.19896040779072832
0.09005109759861023,0.04656680465557206,-0.0220158168482123
0.6609230949773298,0.4945606991381173,-0.5726726845970675
78.40521958426118,-0.6035687472140276,0.6883860978536325
73.37270003312577,-0.8876658936018194,-0.8906576436774933
11.609405095410196,-0.395574152910549,-0.8165389169548474
2.8836021850799853,0.8259781214670583,0.8736831971449106
43.09079099995158,-0.07015219545898799,-0.41889238173569177
5.785258344254187e-05,-0.7046940850522141,-0.14888077136983024
16.237808130821787,-0.18987531194184204,-0.2110708652133021
1.7017822114218761,-0.714112645055035,0.8021176631050124
0.6225434734051506,-0.7422931180889196,0.07158421202984311
0.2088449561843051,0.15487483183098583,0.12753118839931665
0.537304791037579,0.4537706444529397,0.19621840425176762
8.905073580659263,0.4040218064617882,-0.1188764448635391
0.02499084215140837,-0.26086976741692314,0.2766230500963742
2.9280397700328957,0.22240753836994287,0.7089908276078356
9.972741578264697e-07,-0.6388507989028651,0.052236155460855915
7.61193994319768e-05,0.8655470429383483,-0.767913935116597
4.840547800179241,-0.42303706625879467,0.0974234472464579
21.40433624747979,-0.811469464631227,-0.44134496628229214
0.44928742255555065,-0.546230454071449,-0.3194052557676318
0.012684017264979341,0.6239990218162257,0.16988303923911463
1.4200693529822515,0.7583840357786618,0.9872172198277973
0.500474456238652,0.8347082707500109,-0.9588635396384588
77.18334109843076,0.10054397683568994,-0.43364615605519463
66.01357695153557,-0.17423638521844576,-0.7912541069475817
14.199753974911761,0.2157672306271099,-0.4651262189139307
12.12588864615773,-0.14353193199250058,-0.4882720110801644
65.94640978658187,-0.5164924718329845,0.3527645851945156
0.274919705791135,-0.6786990214451148,0.9391095242933982
82.05858890715086,-0.5057039737302784,0.23399417503425224
0.062184001208468495,0.3998692513369333,0.5949338400236333
0.21932600214328427,0.16866080092975144,0.5618837830432586
0.13207591339531113,0.6432138246802299,0.1347475083655847
0.00046585485454469746,-0.06705183866761866,-0.9000212133045772
0.5345592543906331,0.09665771200566708,0.9741022208898127
76.37389068998775,0.7179637011948732,-0.6061147235891997
0.3663433706847351,-0.7876563364217595,-0.5206655225520591
0.03677998088448605,0.3055329576103716,-0.3600464089239389
63.18228273121941,0.17193482890424905,-0.7216952879254819
9.730383826151343,0.004017244623862881,-0.8769043527404112
0.20047153894064432,-0.7989790537664727,-0.5233023180289167
0.6305656904099725,-0.03432334460991826,-0.6934310148093192
0.559495294244026,0.004868103824462455,-0.4992997622413343
3.7157126239767697,-0.7940023841461168,0.2707794871131419
25.801323132218577,-0.7454630763446977,-0.9287189499932884
4.567599841208576,-0.7644468138407261,-0.760390608500237
76.84293533647607,-0.22532902574800362,0.4319603686172846
9.414569271293875,0.29930819557389476,-0.8095299130735686
10.12559850286601,-0.28395712523313676,-0.17053173475697136
0.8921315117143669,-0.4179174563097561,0.5151510328043727
9.874561246323427,0.17697481667862935,0.9436549885851193
12.276064794508196,0.4654896958245145,0.04900513472322432
97.66195846151832,-0.09074654973237628,-0.3386541164319873
1.3583575594498461e-05,0.7834359569020704,0.5369791644724429
10.82095617423663,0.09599270155157957,-0.7339826597470178
13.580810890684598,-0.7031679667401433,0.4716640598985218
3.7932399870334415,0.8571946076123864,-0.5963208851355026
0.45224137864893105,-0.30268251902740606,0.3506875443850739
12.555749914584391,0.871669256760125,-0.7695554092670477
89.37397100634308,0.3207288222794671,0.02301547203301957
1.5714317936693805,0.8866867214775978,0.13012719802809558
0.031036975260994384,0.8500516755821441,0.09816252372844714
4.549667894396688,-0.08406025179945331,0.7708243996043471
2.979627979907552,0.27795433971436645,-0.6266935220745213
1.6672636687522053,-0.7705666380589404,-0.12718584108434516
1.033519788591549,0.1346010489611298,0.6802740338060442
31.847063012561417,0.5418277861419085,-0.43012977846876066
8.068801998491484,-0.38661099704704216,0.7175153144594921
62.84288376343565,-0.1633173193791223,-0.9505367352585974
34.33765112421028,-0.23646449676173686,0.5330111506074751
0.79302082895334,0.5275021992987143,-0.43809712811420776
9.64783841983419,-0.6918541836834785,-0.8777759026926487
1.6758306789533,-0.25602932474700435,0.7819324252012323
48.54143566203172,0.8792714039716361,-0.9877541008130045
6.168906307919204e-06,-0.7349019940175654,0.6465547660979187
4.128323645069537,-0.8272642746212041,-0.036043153692066454
